Date,BAJFINANCE-EQ O,BAJFINANCE-EQ H,BAJFINANCE-EQ L,BAJFINANCE-EQ C
30-08-2019,3310.15,3347,3260,3332.5
29-08-2019,3323.7,3330,3276,3299.3
28-08-2019,3348.8,3362.65,3296.75,3326.35
27-08-2019,3352,3398,3340.1,3357.75
26-08-2019,3274,3338.8,3183.05,3324.25
23-08-2019,3118,3200,2998,3174.35
22-08-2019,3259,3259,3098.45,3114.1
21-08-2019,3289.9,3321.95,3246.2,3261.45
20-08-2019,3327,3334.4,3235.25,3294.1
19-08-2019,3364.9,3379,3311,3328.05
16-08-2019,3280.6,3358.9,3253.35,3337.2
14-08-2019,3269.95,3329.9,3245,3289.95
13-08-2019,3419.7,3424,3208.05,3221.85
09-08-2019,3359.95,3449.6,3340,3419.7
08-08-2019,3290,3360,3261,3334.7
07-08-2019,3275,3325,3252.3,3265.8
06-08-2019,3160.05,3287,3153.15,3272.25
05-08-2019,3199.8,3199.8,3143,3160.05
02-08-2019,3189,3287.55,3120,3237.9
01-08-2019,3231,3261,3174,3222.1
31-07-2019,3233.05,3267.65,3160.1,3252.05
30-07-2019,3260,3299,3231.3,3249.95
29-07-2019,3272.75,3300,3180,3252.65
26-07-2019,3046.5,3278,2994,3264.6
25-07-2019,3198.9,3243.4,2996.2,3046.5
24-07-2019,3274.1,3294,3135,3173.55
23-07-2019,3257,3297.35,3208.15,3276.9
22-07-2019,3316,3316,3164.65,3246.6
19-07-2019,3476,3501.25,3263.1,3323.1
18-07-2019,3460,3520,3444,3467.65
17-07-2019,3440,3481.75,3440,3463.3
16-07-2019,3433.4,3464.9,3406.05,3448.7
15-07-2019,3398.5,3440,3353.6,3412.1
12-07-2019,3470,3470,3366,3377.5
11-07-2019,3460,3525.65,3366.55,3451.05
10-07-2019,3599.95,3599.95,3412,3429.05
09-07-2019,3410,3625,3336.4,3603.1
08-07-2019,3724.95,3724.95,3375,3413.3
05-07-2019,3734,3762,3706.45,3719.15
04-07-2019,3730,3749.9,3705.15,3732.5
03-07-2019,3714,3730.3,3695,3715.4
02-07-2019,3699,3720,3670.05,3711.1
01-07-2019,3688.7,3716,3685,3699
28-06-2019,3652.45,3693.25,3629.7,3681.1
27-06-2019,3635,3659,3620.1,3642.2
26-06-2019,3569.85,3635,3563,3627.95
25-06-2019,3545.35,3586,3530.35,3579.85
24-06-2019,3562,3579.9,3533.05,3545.35
21-06-2019,3597.1,3599,3550,3565.85
20-06-2019,3519,3589,3507.4,3582.55
19-06-2019,3539,3548,3500.1,3525.5
18-06-2019,3474,3530,3469.05,3509.3
17-06-2019,3529,3529.8,3456,3466.5
14-06-2019,3553.95,3569.8,3501,3518.4
13-06-2019,3505,3551,3500,3544.5
12-06-2019,3539.95,3539.95,3482,3505.85
11-06-2019,3537,3564,3511.25,3551.85
10-06-2019,3546.95,3557.75,3506,3519.6
07-06-2019,3453.15,3519,3419.95,3509.45
06-06-2019,3533,3533,3445.45,3452.95
04-06-2019,3514.5,3550,3509.55,3531.15
03-06-2019,3460,3529.9,3460,3511.05
31-05-2019,3497.45,3531,3448.7,3467.1
30-05-2019,3408.9,3489.7,3400.05,3481.65
29-05-2019,3403,3433,3384.5,3409.25
28-05-2019,3468,3468.15,3386.75,3409.8
27-05-2019,3480,3484.95,3440,3449
24-05-2019,3400,3475,3391.3,3467.9
23-05-2019,3495,3518,3355.65,3377.75
22-05-2019,3442,3459.55,3398.05,3448.9
21-05-2019,3418.05,3488,3375,3433.3
20-05-2019,3390,3444.55,3343,3407.55
17-05-2019,3137,3316,3122.05,3301.1
16-05-2019,3014,3129,3010.25,3110.05
15-05-2019,2921,3023.25,2870.8,3002.75
14-05-2019,2927.95,2941.95,2848.1,2881.85
13-05-2019,2929.9,2957.95,2906,2931.85
10-05-2019,2970.1,2996,2900,2922.85
09-05-2019,2900,2991.8,2885,2971.35
08-05-2019,3012,3017,2900,2921.3
07-05-2019,3052.9,3069.8,3007.6,3017.05
06-05-2019,3066,3094,3026,3034.3
03-05-2019,3130.1,3165,3102.3,3111.85
02-05-2019,3095,3148.95,3060,3131.75
30-04-2019,3092,3120,3040,3095.95
26-04-2019,3089,3105,3045,3096.85
25-04-2019,3099.8,3114.4,3072.65,3081
24-04-2019,3035,3099,3032,3093.05
23-04-2019,2992,3058.5,2987.05,3035.05
22-04-2019,3010,3010,2975,2991.25
18-04-2019,3038.7,3046,2995,3014.45
16-04-2019,3018,3057.3,3018,3032.5
15-04-2019,3028.6,3033,3001.95,3022.25
12-04-2019,3052,3062,3001.3,3008.8
11-04-2019,3008,3055,2992,3047.85
10-04-2019,3011.1,3037,2986,2998.35
09-04-2019,3016.55,3049.1,2979.45,3008.7
08-04-2019,3123,3130,3018,3024.1
05-04-2019,3048,3125,3046.1,3114.2
04-04-2019,3060,3065,3017.45,3039.45
03-04-2019,3073,3089,3038.15,3046
02-04-2019,3024.8,3077,2998.35,3055.2
01-04-2019,3030.2,3046.4,2991,3001.45
29-03-2019,3010,3034.95,2965.6,3025
28-03-2019,2940.1,3000,2940.05,2995.85
27-03-2019,2950,3014.15,2932.5,2945.25
26-03-2019,2860,2942,2859,2934.35
25-03-2019,2804,2862,2801,2849.8
22-03-2019,2868,2895.5,2816,2836.65
20-03-2019,2924.8,2934.55,2857.8,2868.6
19-03-2019,2930,2962.9,2910.05,2920.9
18-03-2019,2872,2941.1,2845,2929.55
15-03-2019,2818.8,2899,2815,2860.75
14-03-2019,2832,2835,2787.1,2808.1
13-03-2019,2760,2837.95,2748.85,2828.15
12-03-2019,2808.8,2816.65,2745.5,2753.05
11-03-2019,2769,2807.95,2769,2791.05
08-03-2019,2724.9,2779,2716.6,2768.3
07-03-2019,2774.95,2782.3,2725,2734.8
06-03-2019,2715,2774.2,2700,2766.7
05-03-2019,2655,2708.35,2644.6,2695.15
01-03-2019,2663.3,2674.3,2640,2660.75
28-02-2019,2666.6,2667,2630,2649
27-02-2019,2670,2696.65,2625,2642
26-02-2019,2637.3,2678,2600,2657.75
25-02-2019,2639,2675,2613.75,2657.75
22-02-2019,2652.55,2674,2632.4,2640.4
21-02-2019,2610,2660,2593.05,2654.7
20-02-2019,2585,2614.8,2571,2606.15
19-02-2019,2551,2606.95,2545,2559.8
18-02-2019,2548.05,2561,2512.45,2549.45
15-02-2019,2610,2610,2506,2561.1
14-02-2019,2579.95,2622,2556.9,2609.2
13-02-2019,2629.9,2649,2572.05,2590.55
12-02-2019,2668,2677.15,2616.3,2621.8
11-02-2019,2724.7,2724.7,2635,2657.2
08-02-2019,2670,2737.45,2670,2707.15
07-02-2019,2725,2731,2684.1,2696.6
06-02-2019,2619,2720,2612.1,2711.25
05-02-2019,2600,2642.1,2593.95,2603.6
04-02-2019,2610,2623.55,2572.2,2594.45
01-02-2019,2575,2687.9,2575,2628.4
31-01-2019,2608,2608,2526,2574.85
30-01-2019,2580,2623.7,2546,2595.5
29-01-2019,2468,2570.1,2371.65,2515.55
28-01-2019,2610,2610,2355,2458.5
25-01-2019,2649,2661,2585,2599.55
24-01-2019,2639,2653.5,2603.1,2635.65
23-01-2019,2619,2653,2611,2634.35
22-01-2019,2585,2635,2575,2621.9
21-01-2019,2548,2606,2526.6,2594.2
18-01-2019,2545,2555,2525.1,2542.9
17-01-2019,2574,2586.55,2527.05,2535.9
16-01-2019,2598.4,2612.15,2562.8,2569.85
15-01-2019,2551,2613,2551,2604.2
14-01-2019,2515.95,2552.9,2484.15,2544.8
11-01-2019,2516,2530,2488,2514.2
10-01-2019,2526,2542.45,2504.7,2514.65
09-01-2019,2546,2559.8,2510,2524.35
08-01-2019,2560,2582,2525.05,2537.05
07-01-2019,2601,2605,2545.35,2553.6
04-01-2019,2601,2611.9,2563.65,2576.05
03-01-2019,2612,2648,2575.3,2586.2
02-01-2019,2635.1,2662,2601.9,2614.05
01-01-2019,2645,2664,2612.1,2656.85
31-12-2018,2656.95,2666.3,2635.6,2645.15
28-12-2018,2603,2643.8,2585.95,2634.8
27-12-2018,2598.85,2626.75,2570,2587.15
26-12-2018,2560,2582.95,2503.7,2567.4
24-12-2018,2594,2604.85,2553,2564.9
21-12-2018,2615,2623.9,2532.7,2591.25
20-12-2018,2560,2609.9,2531.6,2591.4
19-12-2018,2550.8,2629.1,2550.15,2596.9
18-12-2018,2469.7,2538.2,2446.6,2532.2
17-12-2018,2498.6,2509.9,2466.25,2474.4
14-12-2018,2488.25,2512,2464.25,2486.35
13-12-2018,2510.2,2528.95,2475,2489.1
12-12-2018,2445,2514.9,2434.35,2493.95
11-12-2018,2360,2446.5,2332.1,2426.75
10-12-2018,2410.45,2443.9,2382.35,2395.55
07-12-2018,2443,2497.75,2414.65,2486.35
06-12-2018,2481,2494,2418,2432.4
05-12-2018,2539.9,2539.9,2470.3,2494.1
04-12-2018,2509,2549,2495,2543.55
03-12-2018,2548,2555.55,2490.75,2508.65
30-11-2018,2538,2564.4,2507.05,2537.7
29-11-2018,2435,2517.6,2416.85,2506.5
28-11-2018,2445.95,2449,2396.25,2412.55
27-11-2018,2395,2439.9,2375,2435.45
26-11-2018,2400,2411.9,2346.95,2394.6
22-11-2018,2432,2454.8,2360,2381.5
21-11-2018,2389,2435,2361.7,2430.55
20-11-2018,2365,2392.95,2345.75,2380.1
19-11-2018,2420,2422.3,2350.3,2360.95
16-11-2018,2342,2417.2,2340,2402.1
15-11-2018,2287,2348,2285.1,2341.3
14-11-2018,2299,2315,2265,2293.95
13-11-2018,2270,2308.35,2233.1,2285
12-11-2018,2375.35,2385,2270,2277.6
09-11-2018,2349.65,2383.85,2338.25,2375.35
07-11-2018,2360,2364.5,2343.7,2348.4
06-11-2018,2370,2389.9,2332.35,2339.75
05-11-2018,2390,2409,2332.7,2359.4
02-11-2018,2443,2474.9,2365,2383.3
01-11-2018,2391.45,2435,2372.45,2418.1
31-10-2018,2367.8,2392,2306.9,2382.55
30-10-2018,2395,2423.9,2350.35,2356.35
29-10-2018,2338.9,2392,2315,2380.45
26-10-2018,2329.95,2376.8,2278.5,2338.9
25-10-2018,2285,2348,2256.8,2335
24-10-2018,2175,2339,2160,2311.8
23-10-2018,2095,2155.35,1997.55,2083.35
22-10-2018,2188,2218.95,2091,2115.35
19-10-2018,2150,2198,2053.95,2140.5
17-10-2018,2340,2369.25,2132.85,2150.5
16-10-2018,2325,2362,2285.25,2308.85
15-10-2018,2319.75,2319.75,2261.1,2306.2
12-10-2018,2227.25,2320,2227.25,2287.35
11-10-2018,2100,2230,2060,2162.1
10-10-2018,2100,2305.7,2100,2270.95
09-10-2018,1975,2115.85,1947.65,2060.85
08-10-2018,1992,2090,1912.2,1974.85
05-10-2018,2160,2214.6,1963.25,2023.3
04-10-2018,2169,2212,2118.55,2179.15
03-10-2018,2200,2329.95,2166.05,2232.2
01-10-2018,2168,2233.35,2052.2,2208.5
28-09-2018,2232,2248,2117,2168
27-09-2018,2323.4,2323.4,2192.15,2204.2
26-09-2018,2329,2353.95,2295.1,2315.55
25-09-2018,2235,2330.35,2180.6,2299.2
24-09-2018,2422.15,2422.45,2168.6,2260.8
21-09-2018,2530,2557,2124.65,2379.4
19-09-2018,2585,2597.7,2486.5,2499.55
18-09-2018,2610,2627.45,2559,2570.4
17-09-2018,2660,2660,2588.25,2604.6
14-09-2018,2630.5,2683.5,2626.25,2672.2
12-09-2018,2617.95,2636.95,2516.1,2594
11-09-2018,2621,2668.8,2562.25,2600.75
10-09-2018,2732,2738,2596,2615.65
07-09-2018,2698.4,2751.4,2672.6,2744.2
06-09-2018,2729,2731.5,2671.4,2684.1
05-09-2018,2740.15,2764.8,2668,2716.9
04-09-2018,2724,2777.65,2683.5,2746.3
03-09-2018,2880,2880,2715.3,2724.05
31-08-2018,2935,2954.85,2841.1,2856.6
30-08-2018,2993.9,2993.9,2920.95,2926.75
29-08-2018,2930,2994,2930,2985.5
28-08-2018,2982,2982,2925.8,2932.6
27-08-2018,2939.4,2959,2925.05,2950.75
24-08-2018,2892,2943.4,2891.05,2916.6
23-08-2018,2889,2909,2871.3,2893.85
21-08-2018,2840.85,2883,2824.8,2871.8
20-08-2018,2877.95,2877.95,2836.3,2839.75
17-08-2018,2866,2885,2841.5,2851.2
16-08-2018,2832,2908,2822.05,2856.6
14-08-2018,2763.3,2837.5,2763.3,2830.2
13-08-2018,2807.95,2807.95,2754.2,2760.4
10-08-2018,2816,2837.4,2791.25,2808.45
09-08-2018,2824,2846.05,2800,2830.15
08-08-2018,2755.2,2819.65,2752,2813.15
07-08-2018,2705,2754.5,2682,2747.35
06-08-2018,2693.9,2707.95,2666.45,2696.25
03-08-2018,2700,2709,2660.25,2681.3
02-08-2018,2714.3,2726.25,2680,2683.85
01-08-2018,2715,2771.65,2702.7,2722.8
31-07-2018,2672,2708.9,2668.05,2697.9
30-07-2018,2715.55,2722.6,2666,2678
27-07-2018,2685,2724.5,2667.05,2713.7
26-07-2018,2695,2728.4,2654.8,2681.65
25-07-2018,2727,2778.3,2692,2705.05
24-07-2018,2749,2758,2687.25,2713.35
23-07-2018,2720,2797,2717,2755.8
20-07-2018,2521,2745,2486.85,2721.35
19-07-2018,2503.9,2537,2357.5,2520.2
18-07-2018,2478.2,2523.05,2471.35,2488.75
17-07-2018,2475,2492.25,2435.6,2469.15
16-07-2018,2475,2499.4,2460,2472.3
13-07-2018,2433.85,2475,2422.2,2468.6
12-07-2018,2375,2429,2360.35,2415
11-07-2018,2365.9,2382,2345,2355.6
10-07-2018,2360,2382,2350,2366.35
09-07-2018,2359,2363.2,2337,2348.05
06-07-2018,2338.8,2355,2324,2345.7
05-07-2018,2339,2349,2322.4,2330.15
04-07-2018,2333,2345,2306.55,2331.4
03-07-2018,2305,2334,2285.75,2321.1
02-07-2018,2300,2314.7,2281.1,2299.55
29-06-2018,2282.1,2320,2270.6,2296.35
28-06-2018,2337,2348,2253.8,2274.7
27-06-2018,2379.8,2379.8,2322.55,2335.5
26-06-2018,2385,2419.15,2344.55,2367.35
25-06-2018,2342,2399,2334,2390.6
22-06-2018,2267,2342,2250.55,2336.05
21-06-2018,2277,2288,2250.1,2257.45
20-06-2018,2274.95,2302.1,2261.15,2267.8
19-06-2018,2235,2281,2227.05,2270.6
18-06-2018,2272,2296,2234.2,2243.15
15-06-2018,2250,2291.55,2231.1,2283.6
14-06-2018,2235,2252,2197,2243.25
13-06-2018,2270,2271.6,2225.7,2231.05
12-06-2018,2255,2277,2236,2261.25
11-06-2018,2210,2258.5,2196.2,2250.3
08-06-2018,2164.9,2219.95,2147.05,2186.85
07-06-2018,2172,2197.2,2160.15,2169.45
06-06-2018,2122,2172.9,2107,2160.65
05-06-2018,2065,2119.55,2055,2100.6
04-06-2018,2090.2,2098.75,2055.3,2062.85
01-06-2018,2120,2120,2065.8,2077.4
31-05-2018,2142.5,2145,2101,2109.9
30-05-2018,2063.3,2130,2056.25,2118.65
29-05-2018,2105,2107,2065.05,2077.1
28-05-2018,2125,2138,2086.25,2094.95
25-05-2018,2107,2151.9,2103.5,2116
24-05-2018,2095.5,2109.8,2068,2094.75
23-05-2018,2148,2148,2066.2,2078.4
22-05-2018,2111,2177.9,2110,2149.3
21-05-2018,2125,2149,2080.55,2105.45
18-05-2018,2069.9,2171.75,2065.65,2149.65
17-05-2018,1930,2087.8,1906.1,2066.5
16-05-2018,1892.5,1929,1872.9,1919.95
15-05-2018,1865.25,1933.5,1854.5,1901.95
14-05-2018,1863.1,1883.95,1842.95,1864.5
11-05-2018,1845,1880.75,1828.1,1861.5
10-05-2018,1852,1861.45,1818,1837.4
09-05-2018,1875.1,1875.1,1845,1849.1
08-05-2018,1898.5,1898.5,1860,1868.4
07-05-2018,1865,1902,1856.05,1895.45
04-05-2018,1880,1893.25,1851.65,1857.4
03-05-2018,1905.05,1906.75,1862.6,1874.3
02-05-2018,1909,1936.75,1900,1905.1
30-04-2018,1924.9,1924.9,1894.8,1907.7
27-04-2018,1912,1915.45,1892.5,1901.15
26-04-2018,1909,1915,1876.6,1892.1
25-04-2018,1925.95,1938.95,1888.65,1899.85
24-04-2018,1908,1933.25,1898.6,1917.8
23-04-2018,1880,1919.75,1860.8,1899.35
20-04-2018,1907.8,1907.8,1850.15,1880.4
19-04-2018,1935,1935.5,1908.15,1913.3
18-04-2018,1946,1950.55,1921.3,1926.85
17-04-2018,1959.9,1959.9,1918,1935.05
16-04-2018,1913.95,1950,1897.55,1943.3
13-04-2018,1931,1948.85,1907.6,1914.35
12-04-2018,1923.75,1942.1,1911.05,1929.35
11-04-2018,1926,1955,1891.4,1924.65
10-04-2018,1950,1952.45,1913.65,1926.05
09-04-2018,1942.6,1967.75,1930.25,1944.25
06-04-2018,1919,1943.5,1908.85,1937.6
05-04-2018,1866,1922.1,1866,1915.6
04-04-2018,1840,1869.6,1836.7,1850.2
03-04-2018,1820,1840,1801.6,1834.25
02-04-2018,1769,1825,1769,1818.6
28-03-2018,1777,1793,1760.8,1767.55
27-03-2018,1750,1798,1749.8,1772.45
26-03-2018,1698.9,1748,1686,1741.6
23-03-2018,1655,1695,1655,1685.3
22-03-2018,1708,1720,1690.15,1695.6
21-03-2018,1674.5,1712,1665.5,1704.55
20-03-2018,1627,1663.1,1615.2,1657.3
19-03-2018,1698.9,1698.9,1627,1631.85
16-03-2018,1712,1724.65,1681.05,1687.9
15-03-2018,1715.1,1739.9,1714,1726.25
14-03-2018,1672,1720.9,1668.25,1710.1
13-03-2018,1665.5,1698.85,1663.6,1680.7
12-03-2018,1663,1681.9,1655.05,1665.25
09-03-2018,1635,1667.2,1616.45,1654.2
08-03-2018,1634.95,1637.9,1594.2,1628.05
07-03-2018,1641,1648.65,1606,1618.35
06-03-2018,1655,1671.85,1627.6,1637.75
05-03-2018,1660,1660,1621,1636.95
01-03-2018,1635,1666,1628,1659.35
28-02-2018,1644,1659.6,1629,1640.25
27-02-2018,1676,1679.95,1651,1656.8
26-02-2018,1640,1679.8,1636.5,1674.95
23-02-2018,1606.8,1638,1602.35,1633.4
22-02-2018,1588,1617.5,1576.45,1600.35
21-02-2018,1658,1658,1587.3,1596.45
20-02-2018,1654.85,1657.7,1626,1638.75
19-02-2018,1675,1675,1623.55,1642.7
16-02-2018,1690,1703.95,1671.55,1675.25
15-02-2018,1678.8,1711.85,1601.8,1677.05
14-02-2018,1654,1696.95,1651.55,1669.95
12-02-2018,1645,1656,1635.3,1643.8
09-02-2018,1629.05,1655,1617.3,1639.4
08-02-2018,1654,1679,1638.05,1662.15
07-02-2018,1680,1687,1620.6,1641.65
06-02-2018,1530,1683.75,1511.2,1662.15
05-02-2018,1600,1627.95,1546.5,1604.95
02-02-2018,1708.05,1713,1620.2,1628.9
01-02-2018,1681.8,1760,1644.75,1729.45
31-01-2018,1657.45,1690,1645,1677.85
30-01-2018,1715,1718.95,1671,1678.4
29-01-2018,1711,1735.25,1710,1715.3
25-01-2018,1741,1741.9,1703.4,1710.3
24-01-2018,1715,1746.85,1697.05,1739.15
23-01-2018,1710,1718,1692.4,1708.7
22-01-2018,1714,1726,1678,1706.35
19-01-2018,1660.9,1711.25,1632.6,1701.9
18-01-2018,1712,1717.25,1654,1660.7
17-01-2018,1695.1,1709.85,1665.7,1701.2
16-01-2018,1745.8,1745.8,1684.6,1687.35
15-01-2018,1771,1794.9,1733,1738.15
12-01-2018,1783,1790.9,1751.15,1770.1
11-01-2018,1798,1798,1773.05,1780.35
10-01-2018,1820,1820.95,1794,1802.2
09-01-2018,1843,1843,1810,1819.5
08-01-2018,1820,1843,1820,1836.85
05-01-2018,1766,1821,1759.1,1814.5
04-01-2018,1725,1758.25,1714,1754
03-01-2018,1727,1738.35,1711,1715.3
02-01-2018,1739.7,1739.7,1710,1724.65
01-01-2018,1759.5,1760,1720.4,1725.65
29-12-2017,1749.25,1765.9,1748.15,1756.7
28-12-2017,1780,1782,1745.5,1755.15
27-12-2017,1797.2,1797.6,1762,1770.95
26-12-2017,1784.7,1795,1774.2,1789.5
22-12-2017,1756,1788.4,1750,1782.45
21-12-2017,1774.95,1774.95,1743.35,1748.05
20-12-2017,1765,1785,1750,1770.4
19-12-2017,1766,1770.85,1739.05,1757.75
18-12-2017,1726,1773,1653.2,1756.85
15-12-2017,1700,1739.7,1692,1729.6
14-12-2017,1675,1698.9,1627.05,1685.85
13-12-2017,1694.75,1700.75,1661,1671.8
12-12-2017,1705,1716,1690.1,1699.25
11-12-2017,1710,1720,1690.2,1707.8
08-12-2017,1685,1708.2,1683.3,1702.25
07-12-2017,1685,1690.15,1661,1676.3
06-12-2017,1699.95,1714.9,1662.5,1671.45
05-12-2017,1675.95,1719,1661.05,1707.4
04-12-2017,1724,1724,1670.15,1675.95
01-12-2017,1737,1741.8,1705.3,1711.6
30-11-2017,1754.85,1759.4,1722.35,1727.05
29-11-2017,1765,1777.95,1751,1756.3
28-11-2017,1772,1783.95,1762.5,1766.4
27-11-2017,1780,1784.3,1765,1773.25
24-11-2017,1773,1798.3,1764,1790
23-11-2017,1777,1782.45,1747,1763.65
22-11-2017,1816.7,1816.7,1768.55,1773.95
21-11-2017,1819,1822.75,1791.25,1809.75
20-11-2017,1786.8,1807.5,1770.05,1805.25
17-11-2017,1790,1817,1778.1,1787.35
16-11-2017,1725,1780.2,1716.5,1764.25
15-11-2017,1762.1,1763.95,1707.05,1713.8
14-11-2017,1731,1769.9,1720.2,1754.9
13-11-2017,1759.95,1759.95,1718.5,1728.75
10-11-2017,1731.1,1769,1731.1,1745
09-11-2017,1787.05,1793.4,1733,1753
08-11-2017,1794.55,1804.9,1771.55,1775.7
07-11-2017,1848,1848,1773.3,1802.55
06-11-2017,1818,1844.9,1811.8,1822
03-11-2017,1825,1845,1808.4,1836.95
02-11-2017,1815,1821.9,1802,1810.2
01-11-2017,1809.6,1819.7,1801,1806.75
31-10-2017,1787,1824.05,1774.55,1800.6
30-10-2017,1832,1836.25,1797.8,1804.3
27-10-2017,1760.05,1828.65,1752.45,1819
26-10-2017,1739,1766,1700.1,1746.75
25-10-2017,1820,1820,1713.55,1726.35
24-10-2017,1848,1848,1816,1826.05
23-10-2017,1845,1856.9,1812.2,1833.75
19-10-2017,1872.8,1872.8,1832,1845.9
18-10-2017,1870,1884,1848.65,1868.5
17-10-2017,1880.25,1902,1856.4,1867.1
16-10-2017,1966,1967,1875.35,1886.3
13-10-2017,1955.1,1973.7,1948.45,1953.05
12-10-2017,1940,1957.75,1923,1953.15
11-10-2017,1967,1967,1901.95,1923.55
10-10-2017,1944,1959.4,1943,1950.8
09-10-2017,1928,1954,1916,1941.3
06-10-2017,1880,1934.55,1868.4,1923.6
05-10-2017,1865,1885.5,1855.4,1866.2
04-10-2017,1879.95,1879.95,1852,1862.65
03-10-2017,1860,1873.5,1831.7,1867.8
29-09-2017,1857.95,1875,1830.35,1838.05
28-09-2017,1817,1855,1791,1842.85
27-09-2017,1859,1859,1795.25,1806.75
26-09-2017,1796,1862.8,1780.95,1840.1
25-09-2017,1859.95,1859.95,1759,1796
22-09-2017,1910,1910,1847,1863.15
21-09-2017,1908,1926,1871.55,1919.5
20-09-2017,1918.8,1918.85,1900,1904.9
19-09-2017,1924.1,1928.7,1904.05,1911.8
18-09-2017,1916,1929.25,1906.6,1911.65
15-09-2017,1895.6,1912.1,1881.4,1902.75
14-09-2017,1913,1935.5,1901,1909.9
13-09-2017,1895,1924.7,1895,1907.15
12-09-2017,1935,1935,1886.6,1894.4
11-09-2017,1900,1935.45,1898.05,1920.45
08-09-2017,1970,1974.95,1881,1891.2
07-09-2017,1880,1985.9,1871.15,1963.2
06-09-2017,1782,1883,1777.7,1858.95
05-09-2017,1809.85,1815.3,1784.55,1794.4
04-09-2017,1797.95,1820,1775.55,1801.35
01-09-2017,1790,1807,1790,1799.95
31-08-2017,1797.4,1805.7,1770,1781.9
30-08-2017,1798,1819.4,1777.05,1788.05
29-08-2017,1835,1835,1762,1773.4
28-08-2017,1773.5,1837.4,1767,1829.95
24-08-2017,1791.4,1797.7,1752.8,1760.1
23-08-2017,1695.9,1784.7,1695.9,1779.3
22-08-2017,1708,1713.6,1662.55,1682.9
21-08-2017,1704.95,1731,1678.55,1690.6
18-08-2017,1710,1722.9,1688.5,1704.95
17-08-2017,1730,1762.5,1720.5,1728.75
16-08-2017,1730,1730,1683.2,1721.35
14-08-2017,1721.3,1742.35,1705,1710.9
11-08-2017,1590,1732.6,1590,1695.4
10-08-2017,1680,1689.9,1610.05,1635.6
09-08-2017,1769.9,1769.9,1682.55,1697.7
08-08-2017,1813,1829.5,1772,1779.8
07-08-2017,1735.5,1805.95,1729.6,1798.15
04-08-2017,1704.9,1730,1701.05,1723.45
03-08-2017,1714,1729,1698.05,1701.75
02-08-2017,1724.95,1726.2,1691.1,1707.2
01-08-2017,1709.9,1727.9,1706.05,1716.25
31-07-2017,1718,1724,1697.6,1703.1
28-07-2017,1672,1710.9,1662.55,1701.35
27-07-2017,1704,1739.8,1671.1,1679.35
26-07-2017,1636,1695.75,1630,1687.15
25-07-2017,1606.9,1632.9,1600,1627.5
24-07-2017,1633,1637.3,1587.95,1597.4
21-07-2017,1598.9,1631.5,1585,1621.35
20-07-2017,1551,1608,1547.1,1595.35
19-07-2017,1519.65,1577.4,1515,1541.85
18-07-2017,1537.95,1545.15,1507,1512.35
17-07-2017,1504.95,1549.7,1488.05,1538.5
14-07-2017,1485,1508.65,1470.65,1499.4
13-07-2017,1452,1489.5,1450.9,1485.9
12-07-2017,1424.5,1452,1420,1443.7
11-07-2017,1419.4,1431,1409.6,1419.2
10-07-2017,1451.55,1451.55,1395.1,1412.8
07-07-2017,1398.5,1403.6,1387.4,1391.7
06-07-2017,1398.9,1413.5,1392.35,1399.3
05-07-2017,1375,1407,1370.1,1398.55
04-07-2017,1390,1408.75,1376.55,1379.55
03-07-2017,1380,1390,1366.5,1387.15
30-06-2017,1367.6,1380,1352.5,1373.1
29-06-2017,1379,1394.85,1366.5,1376.3
28-06-2017,1341,1377,1313.9,1372.35
27-06-2017,1400,1400,1336.75,1349.95
23-06-2017,1405,1415.5,1366,1400.75
22-06-2017,1419,1427,1395.3,1401.8
21-06-2017,1404.8,1426,1401,1416.65
20-06-2017,1407.7,1432.9,1395.05,1409.6
19-06-2017,1405.2,1421.7,1395.6,1399.85
16-06-2017,1415,1424.85,1403.3,1410.3
15-06-2017,1361.1,1413,1352.2,1405.25
14-06-2017,1374.2,1375,1354,1361
13-06-2017,1374,1380,1361,1371.5
12-06-2017,1369.95,1383,1356.55,1364.95
09-06-2017,1358,1382,1343.7,1376.85
08-06-2017,1344.9,1372,1344.7,1361.7
07-06-2017,1341.1,1360,1335.1,1343.15
06-06-2017,1363.4,1367.9,1325,1336.65
05-06-2017,1368.55,1372.65,1348.05,1363.1
02-06-2017,1332.4,1365,1318,1361.25
01-06-2017,1334,1339,1320.25,1327.35
31-05-2017,1323,1334.9,1316.1,1326.95
30-05-2017,1305.2,1324.9,1303.7,1321.55
29-05-2017,1319.4,1333,1301.9,1307.45
26-05-2017,1261.7,1326.7,1261.7,1317.8
25-05-2017,1230,1268,1228.25,1258.85
24-05-2017,1234,1254.9,1210,1224.35
23-05-2017,1249.9,1265,1190.55,1233.75
22-05-2017,1299,1304,1237.35,1242.15
19-05-2017,1324,1333.9,1265.55,1289.15
18-05-2017,1299,1343,1296.05,1314.55
17-05-2017,1350,1374,1297.5,1324.8
16-05-2017,1337.4,1358.8,1327.2,1347.75
15-05-2017,1323,1348.5,1317.65,1332.95
12-05-2017,1332,1339,1305,1314.75
11-05-2017,1334.95,1344.9,1318.45,1339.7
10-05-2017,1295,1331,1293.55,1327
09-05-2017,1275,1292.9,1264.5,1286.1
08-05-2017,1270.25,1286.35,1260.5,1272
05-05-2017,1295,1303,1264.9,1274.25
04-05-2017,1271.25,1311.9,1271.25,1296.55
03-05-2017,1270,1282.8,1260,1270.1
02-05-2017,1281.9,1286.15,1257,1268.6
28-04-2017,1278.05,1295,1268.75,1276.2
27-04-2017,1315,1315.85,1278.05,1285.7
26-04-2017,1345,1349.9,1301.55,1309.7
25-04-2017,1279,1349,1276,1341.7
24-04-2017,1251.1,1275,1242.1,1271.75
21-04-2017,1252,1259.9,1236.3,1246.95
20-04-2017,1253,1258.5,1243,1252
19-04-2017,1237.8,1252.5,1217.55,1242.95
18-04-2017,1254.4,1270.7,1229.9,1236.05
17-04-2017,1274.9,1282,1246.55,1259.55
13-04-2017,1267.8,1292,1261,1273.9
12-04-2017,1260,1278,1248,1266.2
11-04-2017,1246,1274,1242,1255.95
10-04-2017,1201.7,1252,1190,1240.75
07-04-2017,1198,1224,1192.2,1201.6
06-04-2017,1177.8,1204.05,1165.75,1198.1
05-04-2017,1190,1190,1165,1173.1
03-04-2017,1170.05,1189,1162,1181.75
31-03-2017,1188,1188,1167.5,1171.1
30-03-2017,1180,1190.1,1173,1181.05
29-03-2017,1199.4,1205,1172,1180.75
28-03-2017,1194,1206,1186.75,1194.75
27-03-2017,1177,1189,1171,1185
24-03-2017,1190.4,1198,1170.55,1177.05
23-03-2017,1161.5,1191.7,1161.5,1185.75
22-03-2017,1155.1,1167.95,1150,1159.7
21-03-2017,1172.05,1184.95,1146,1174.55
20-03-2017,1165,1192.3,1142.75,1172.55
17-03-2017,1170,1183.7,1151.3,1159.3
16-03-2017,1139.7,1178,1130.85,1163.5
15-03-2017,1129,1143.2,1124.25,1134.55
14-03-2017,1112,1135.45,1103.4,1126.7
10-03-2017,1092.5,1100,1085.1,1094.5
09-03-2017,1074.7,1095,1068,1087.2
08-03-2017,1057.75,1084,1049,1081.2
07-03-2017,1034.9,1055.8,1022.4,1052.4
06-03-2017,1054,1056,1026.4,1033.95
03-03-2017,1047.5,1056.9,1024.15,1046.25
02-03-2017,1083,1089.6,1019.1,1048.75
01-03-2017,1120,1128.9,1070.6,1075.85
28-02-2017,1097.75,1119,1096,1108.2
27-02-2017,1070.85,1104,1069,1091.6
23-02-2017,1083,1099,1066.5,1068.2
22-02-2017,1095,1104.15,1065,1076.25
21-02-2017,1092.2,1105.95,1085,1095.9
20-02-2017,1092.95,1109.5,1035,1095.9
17-02-2017,1110,1118,1081.1,1089.5
16-02-2017,1040.9,1106,1035,1094.35
15-02-2017,1060.3,1065,1029,1040.4
14-02-2017,1064,1069,1055,1059.5
13-02-2017,1057,1070,1043.25,1058.95
10-02-2017,1045.2,1059,1038,1055.45
09-02-2017,1058,1061.65,1026,1040.85
08-02-2017,1060,1069.4,1025,1049.45
07-02-2017,1070,1075,1052.4,1060.95
06-02-2017,1056,1085.5,1050.1,1073.7
03-02-2017,1055.3,1068,1042.3,1047.35
02-02-2017,1067.4,1083.95,1050,1054.15
01-02-2017,1039,1069.9,1025,1066.15
31-01-2017,1058.9,1072,1030.75,1036.9
30-01-2017,990,1059,989.15,1054.8
27-01-2017,1000,1020,991.35,995.85
25-01-2017,931.2,1006,931.2,999.85
24-01-2017,934.95,934.95,921,929.75
23-01-2017,909.4,931.7,905.15,929.65
20-01-2017,924.8,930,904,907.7
19-01-2017,929.8,932.3,916,926.3
18-01-2017,918.7,938,915,930.35
17-01-2017,923.9,924.6,910.5,914.35
16-01-2017,900,920.1,894.45,917.7
13-01-2017,893.2,905.5,888.1,900.05
12-01-2017,902.5,909.95,886,891.2
11-01-2017,905,909.5,891,896.15
10-01-2017,884.7,901.95,880.05,899.75
09-01-2017,887.8,893.75,875.1,878.25
06-01-2017,911,914.9,875.9,878.45
05-01-2017,883.35,903,875.05,899.75
04-01-2017,887.1,891,868,871.9
03-01-2017,870,889,859.25,884
02-01-2017,852,873.9,842,870.05
30-12-2016,840,854.7,833,842.2
29-12-2016,820,839.75,816.25,833.35
28-12-2016,816.35,840.9,811,820.2
27-12-2016,811,827.9,799.35,809.75
26-12-2016,810,821.3,782.05,810
23-12-2016,776.7,827.9,761.3,808.95
22-12-2016,784.8,784.8,760.5,765.4
21-12-2016,811,814.8,783.05,788.6
20-12-2016,825,829.5,786.3,805.8
19-12-2016,853.2,853.2,818.9,822.9
16-12-2016,860.9,863,848,850.8
15-12-2016,835.1,866.9,831.05,853.8
14-12-2016,839.7,857.85,832.8,848.75
13-12-2016,820,843.4,805,836.75
12-12-2016,896.75,896.75,834,843.6
09-12-2016,913.8,917.7,891.55,896.35
08-12-2016,908,915.9,904.1,911.55
07-12-2016,906.7,910.75,875.65,891.05
06-12-2016,903.3,923.9,893.3,898.05
05-12-2016,887,907.8,885,902.25
02-12-2016,904,910,880,886.5
01-12-2016,926,929.9,910,914.2
30-11-2016,910,927.85,909.05,919.8
29-11-2016,884.5,926.3,883.9,907.25
28-11-2016,876.2,899,857.8,879.25
25-11-2016,831,884,823.25,877.9
24-11-2016,847.5,850.85,816.15,820.7
23-11-2016,871,871.45,844.5,850.25
22-11-2016,850.05,863,830.25,858
21-11-2016,891.45,891.45,815.5,832.2
18-11-2016,872,901.45,865,878.4
17-11-2016,903.5,903.5,860,871.15
16-11-2016,827,942.7,803.55,899.8
15-11-2016,868.6,868.6,762.3,815.05
11-11-2016,920,920,850,858.1
10-11-2016,950,979.3,923.9,929.2
09-11-2016,920,934.5,836.15,929.15
08-11-2016,996.7,1001.9,972,983.7
07-11-2016,1009.8,1028.4,985.2,990.4
04-11-2016,1035,1036.2,970.1,993.15
03-11-2016,1029.8,1046.15,1015,1030.85
02-11-2016,1048,1050,1015.6,1019.85
01-11-2016,1087,1089.95,1056.3,1060.8
30-10-2016,1082.8,1083.3,1075,1080.4
28-10-2016,1105.1,1107,1052.7,1072.55
27-10-2016,1150.95,1162,1098,1104.8
26-10-2016,1140,1163.3,1125.05,1148.4
25-10-2016,1128,1145,1115.1,1141.7
24-10-2016,1136.5,1142.15,1125.2,1128.95
21-10-2016,1126,1139,1115.3,1134.3
20-10-2016,1123.5,1135,1117.6,1121.4
19-10-2016,1123.3,1129.95,1111.25,1118.85
18-10-2016,1089,1121,1085.1,1117.35
17-10-2016,1064.7,1085,1051.05,1078.85
14-10-2016,1061.8,1069.8,1040.1,1061.3
13-10-2016,1085,1085,1040.2,1053.95
10-10-2016,1085.15,1092.65,1072.5,1073.95
07-10-2016,1086.7,1090,1076,1082.5
06-10-2016,1076.05,1105,1066,1077.25
05-10-2016,1090,1093.85,1068.3,1074.25
04-10-2016,1092,1096.35,1072,1083.75
03-10-2016,1069,1090,1068.3,1086.7
30-09-2016,1039.95,1066.05,1020.55,1055.9
29-09-2016,1120,1123,1011.2,1037.15
28-09-2016,1105,1113.9,1092.05,1106.1
27-09-2016,1130,1130,1091.85,1098.6
26-09-2016,1118,1139.85,1115.55,1122.8
23-09-2016,1138.4,1144.5,1118.3,1126.5
22-09-2016,1083.25,1132.2,1070.75,1127.95
21-09-2016,1084.9,1084.9,1066.05,1070.25
20-09-2016,1050.05,1088.95,1050.05,1075.05
19-09-2016,1096.5,1096.5,1072.2,1075.9
16-09-2016,1109,1117.1,1080.7,1087.85
15-09-2016,1108.9,1113,1085,1099
14-09-2016,1103,1108,1068,1101.05
12-09-2016,1124.8,1133.85,1050,1094.4
09-09-2016,1171,1183.9,1144.55,1153.55
08-09-2016,1153.9,1173.6,1080,1162.8
07-09-2016,1129.5,1174,1129.4,1139.33
06-09-2016,1120.1,1129.9,1117.61,1126.59
02-09-2016,1122.9,1128,1107.9,1113.98
01-09-2016,1103.05,1126,1100,1116.09
31-08-2016,1100,1116.3,1081.11,1101.11
30-08-2016,1087.2,1094,1070.56,1077.74
29-08-2016,1057.8,1080.77,1041.82,1074.36
26-08-2016,1035.56,1062,1034.75,1048.09
25-08-2016,1006,1034.2,1002.61,1028.97
24-08-2016,1012.9,1014.9,1002.65,1005.36
23-08-2016,1023.95,1023.95,991.5,1004.07
22-08-2016,1016.79,1023.2,1012.11,1016.62
19-08-2016,1020,1024,1012.51,1018.31
18-08-2016,1023.44,1029.35,1006.9,1013.46
17-08-2016,1020,1025,1013.43,1020.88
16-08-2016,1016.01,1032.5,1002.05,1020.36
12-08-2016,1002.1,1019.9,998.16,1015.44
11-08-2016,1004.99,1007.55,984.9,1000.73
10-08-2016,1015,1027,990,999.83
09-08-2016,1010,1026,991,1017.98
08-08-2016,1026.7,1028.14,997.3,1003.44
05-08-2016,1020,1026.22,981.52,1009.47
04-08-2016,1012.5,1031.76,972.35,996.97
03-08-2016,1095,1095,994,1000.56
02-08-2016,1130,1177,1080,1094.41
01-08-2016,1046,1140.87,1043,1122.63
29-07-2016,1039,1047.84,1025,1037.27
28-07-2016,979,1046,967.75,1031.68
27-07-2016,990,993.77,951.54,979.35
26-07-2016,909.99,998.99,890,984.84
25-07-2016,888.2,903,885.35,898.37
22-07-2016,870.7,887.49,868.32,883.78
21-07-2016,872.9,878.4,865.17,870.79
20-07-2016,866.6,875.3,858.74,864.01
19-07-2016,880.99,883,860,864.31
18-07-2016,879,883.6,875,880.07
15-07-2016,870,878.5,866.01,870.01
14-07-2016,861.99,872.22,857.5,867.02
13-07-2016,863.99,875.5,852.36,857.53
12-07-2016,868,871,857,862.72
11-07-2016,829.96,871.5,825.01,856.75
08-07-2016,810,823.9,806.81,820.78
07-07-2016,814.1,820,808.05,809.57
05-07-2016,820.44,822,811.1,817
04-07-2016,817.55,828.19,810,820.44
01-07-2016,805,824,799.5,816.72
30-06-2016,771.5,802.5,768.01,799.67
29-06-2016,770,774.28,767.1,768.58
28-06-2016,776.5,776.5,765.1,769.67
27-06-2016,753.15,771.2,753.15,769.56
24-06-2016,759.4,762.79,741.64,758.81
23-06-2016,757.5,774.01,757.5,769.69
22-06-2016,756.01,764.48,756.01,759.91
21-06-2016,757.98,768.5,752.5,760.61
20-06-2016,753,760,744.5,753.99
17-06-2016,761.75,764.99,747.5,753.02
16-06-2016,762.5,765.94,755.95,759.63
15-06-2016,749,768.79,749,765.12
14-06-2016,750.1,754.2,742,749.19
13-06-2016,755,755.9,745,750.06
10-06-2016,774.68,774.68,757.5,759.57
09-06-2016,778.98,778.98,769,771.9
08-06-2016,773.8,785.77,766.27,774.8
07-06-2016,780,785.4,765,768.73
06-06-2016,794.9,794.91,775.1,777.41
03-06-2016,800,809.5,788.2,789.96
02-06-2016,766.18,800,759,796.46
01-06-2016,752.8,771.9,748,764.24
31-05-2016,766.81,775,747,758.88
30-05-2016,770,772,755.94,764.35
27-05-2016,754.3,773.98,746.73,766.79
26-05-2016,739,752,738,745.84
25-05-2016,760,760,725.5,733.73
24-05-2016,774.5,774.5,721.55,762.56
23-05-2016,780.1,783.5,750.27,765.37
20-05-2016,774.6,784.32,766.97,777.05
19-05-2016,775.99,782,770.56,773.82
18-05-2016,773.43,782,768.5,774.26
17-05-2016,782.4,782.4,773,775.84
16-05-2016,764,785.81,761.59,777.11
13-05-2016,771.5,781,759,762.62
12-05-2016,752,769.5,745.36,767.02
11-05-2016,739.69,749.7,727.55,748.29
10-05-2016,742.5,746.2,734.45,741.23
09-05-2016,730,745,723.65,737.87
06-05-2016,722.35,728,711.31,726.45
05-05-2016,699.65,718.4,696.15,715.55
04-05-2016,698.05,703.97,691.38,695.42
03-05-2016,710,712.58,694,698.55
02-05-2016,687.4,710,675,705.38
29-04-2016,696,698.32,679.52,682.91
28-04-2016,693,704,692.5,696.71
27-04-2016,700,704.18,691.56,694.57
26-04-2016,687.5,713.21,684.01,700.44
25-04-2016,699.89,701.99,682.95,685.39
22-04-2016,698.65,701.64,689.1,697.12
21-04-2016,721,722.01,694.55,698.65
20-04-2016,739.7,741.93,720,721.34
18-04-2016,743.3,753.17,728.55,731.39
13-04-2016,739,752,738.01,743.04
12-04-2016,722,737.3,719.5,733.55
11-04-2016,715,723,710,719.32
08-04-2016,702.5,717.5,696,713.35
07-04-2016,697.9,704.65,694.55,698.26
06-04-2016,689,699.5,684.61,694.76
05-04-2016,685,692,680.01,682.36
04-04-2016,690,696.28,683.23,686.97
01-04-2016,693.9,703.1,680.01,687.75
31-03-2016,675.55,699,673.5,692.42
30-03-2016,667.29,682.19,667.01,678.78
29-03-2016,664.5,674.9,663.99,665.68
28-03-2016,689.9,690,669,670.02
23-03-2016,663,689.9,660.91,687.42
22-03-2016,666.5,667.79,656.18,660.76
21-03-2016,666.7,671.57,660,665.4
18-03-2016,660.85,666.31,649.3,663.24
17-03-2016,653.53,665,649.57,658.16
16-03-2016,646.49,649,633.2,648.24
15-03-2016,654.5,659.5,642.1,647.42
14-03-2016,640.5,654.5,640.5,651.68
11-03-2016,644.98,644.98,633,640.04
10-03-2016,643.02,646,638.12,640.49
09-03-2016,629.5,647.5,620.56,642.38
08-03-2016,633.98,643.27,627.41,629.31
04-03-2016,629.9,638.7,615.4,633.46
03-03-2016,638.1,641,617.98,620.77
02-03-2016,628,650.9,624.34,637.09
01-03-2016,596.02,626,596.02,620.89
29-02-2016,580.85,607,564.4,593.21
26-02-2016,584.5,586,573.62,580.85
25-02-2016,584.95,585.5,560.88,575.29
24-02-2016,590.69,590.69,580,581.42
23-02-2016,603.15,604.5,585.8,589.49
22-02-2016,613.9,613.9,585.12,600.25
19-02-2016,619,621.5,602,604.81
18-02-2016,616,623.5,610.5,616.4
17-02-2016,604.9,616.5,583.02,611.1
16-02-2016,619.2,624.79,596.53,601.14
15-02-2016,614.69,630,611.7,621
12-02-2016,620.3,633.8,593,599.68
11-02-2016,653.47,653.5,606.1,617.92
10-02-2016,658.41,670.76,641,647.86
09-02-2016,660,666.58,639.6,658.41
08-02-2016,669.66,683.8,656.1,666.02
05-02-2016,634.8,675,634.8,669.84
04-02-2016,641.1,642.57,622,634.39
03-02-2016,576,648.99,560.1,637.98
02-02-2016,603.7,605.01,578.11,581.14
01-02-2016,606.7,606.7,588.3,600.32
29-01-2016,583.9,597,575.6,592.84
28-01-2016,594.96,598,573,577.61
27-01-2016,590.7,598.89,581.8,593.7
25-01-2016,582.49,595,582.4,585.63
22-01-2016,581.7,584.9,575.35,582.07
21-01-2016,569.01,582.51,561,574.21
20-01-2016,562,570,545.71,563.94
19-01-2016,550.32,571,534.91,564.49
18-01-2016,591.52,597.5,546.83,550.32
15-01-2016,603,614.59,588.15,597.53
14-01-2016,605,612.13,598.95,607.59
13-01-2016,622,629.54,603.51,607.79
12-01-2016,631,632.9,615.2,620.88
11-01-2016,631.19,638.9,622.1,630.62
08-01-2016,613.6,636.52,609.26,631.45
07-01-2016,609.98,618.99,603.02,610.63
06-01-2016,599.69,618,595.1,610.73
05-01-2016,607.5,609.89,598,599.79
04-01-2016,609.9,609.9,599.55,605.25
01-01-2016,601.61,611.88,600,609.59
31-12-2015,599.99,604,596.14,601
30-12-2015,600,602.1,594.32,597.42
29-12-2015,591,599.9,589.12,598.64
28-12-2015,591.5,591.5,588.5,590.64
24-12-2015,591.5,592.5,585.15,590.09
23-12-2015,590,595.15,585.67,591.15
22-12-2015,590.49,591.4,584.5,589.55
21-12-2015,575,592.45,575,586.98
18-12-2015,573.6,585,573.6,581.38
17-12-2015,563,575.99,562.5,573.68
16-12-2015,561.01,569.59,558.7,560.83
15-12-2015,547.5,562.5,543.01,560.59
14-12-2015,552,555,541.91,543.8
11-12-2015,553.78,557.88,550.12,552.46
10-12-2015,551.01,558,548.99,553.78
09-12-2015,554,557.09,546.12,550.45
08-12-2015,547.4,559.75,538.07,553.72
07-12-2015,545.27,552.16,544.01,547.67
04-12-2015,554.6,558.6,543.58,544.71
03-12-2015,559.88,560.47,553.01,554.62
02-12-2015,557,562.99,555.2,557.27
01-12-2015,551.5,562.49,549.54,560.38
30-11-2015,559.9,559.9,547.36,551.52
27-11-2015,553.01,562.44,551.46,557.94
26-11-2015,555.5,564.5,549.5,555.05
24-11-2015,549,560,549,554.48
23-11-2015,545.85,550,543.11,549.68
20-11-2015,542.26,548.7,539.07,544.83
19-11-2015,528,542.5,525.01,541.7
18-11-2015,526.89,531,517.52,527.58
17-11-2015,527.8,531.6,519.07,523.04
16-11-2015,530,531.8,521.2,527.21
13-11-2015,538.49,538.49,524,531.07
11-11-2015,537.5,540,532.03,538.54
10-11-2015,534.61,539.77,530,534.22
09-11-2015,525.45,540,520,534.62
06-11-2015,533.1,533.1,525.17,529.74
05-11-2015,535,537,527.68,532.57
04-11-2015,525.88,535,525.88,534.5
03-11-2015,528.6,528.9,521.62,525.34
02-11-2015,523.3,525.01,517.51,522.32
30-10-2015,519.9,524.8,518.8,522.24
29-10-2015,524.99,524.99,511.46,516.21
28-10-2015,532.6,533.06,518.2,520.83
27-10-2015,530.01,536,528.77,532.08
26-10-2015,528.9,534.47,526,530.79
23-10-2015,537.5,538.18,525.66,527.31
21-10-2015,542.5,542.77,524.6,535.81
20-10-2015,506.9,534.9,502.9,531.09
19-10-2015,501.9,504.55,497.67,501.55
16-10-2015,500,502.2,494.9,498.04
15-10-2015,494,505,492.2,498.44
14-10-2015,497.67,498.5,492,493.99
13-10-2015,491.3,499.5,491.3,497.67
12-10-2015,499.65,503.98,493.65,496.34
09-10-2015,505.13,517.8,494,499.64
08-10-2015,512.02,512.02,502.66,504.15
07-10-2015,516.5,520.01,508.72,512.01
06-10-2015,522.5,524.24,514.28,516.54
05-10-2015,518.95,523.35,511.01,520.76
01-10-2015,514,519,507.66,510.76
30-09-2015,511.5,520,502.2,513.13
29-09-2015,476.02,514.9,473.22,511.1
28-09-2015,483.11,491.63,481,482.28
24-09-2015,484.52,489.07,478.81,486.81
23-09-2015,482.07,487.9,467.71,484.49
22-09-2015,496.3,496.49,478.35,482.14
21-09-2015,494.9,502.25,487,493.59
18-09-2015,522,527.4,492.5,496.56
16-09-2015,525.24,526.5,515,520.01
15-09-2015,517.52,526.9,512.5,524.7
14-09-2015,503.6,518.1,503.6,514.89
11-09-2015,513.3,513.3,499.86,503.69
10-09-2015,501.99,511.56,493.85,505.47
09-09-2015,509.99,511.68,500,505
08-09-2015,505.6,509.98,495.58,501.16
07-09-2015,516.2,516.2,498.48,503.91
04-09-2015,525.38,525.38,501.23,507.56
03-09-2015,507.07,524.16,507.07,520.22
02-09-2015,497.1,505.5,496.81,502.2
01-09-2015,502.12,507.5,488.5,493.51
31-08-2015,506.24,506.95,499.9,502.12
28-08-2015,510.52,512.89,488.7,505.25
27-08-2015,500.15,514.6,500.15,510
26-08-2015,494.9,506.5,489.2,496.73
25-08-2015,491.46,508.28,485.91,491.56
24-08-2015,505.5,525,475.13,487.08
21-08-2015,521.2,539.84,520.7,534.44
20-08-2015,538.55,540,528.01,530.78
19-08-2015,539.76,541,536.01,539.1
18-08-2015,540,542.01,538.03,539.76
17-08-2015,542.99,542.99,527.01,540
14-08-2015,539.89,544.7,531.88,541.18
13-08-2015,532,541.2,531.19,535.6
12-08-2015,550,550,527,531.19
11-08-2015,544,548.59,540.38,545.23
10-08-2015,553,557.5,541.64,543.87
07-08-2015,547.5,557.49,544,548.27
06-08-2015,557,560,539.21,546.05
05-08-2015,565,572.02,553.09,556.21
04-08-2015,570,570.8,550.14,562.69
03-08-2015,552.49,570,545.5,568.24
31-07-2015,540.5,554.73,538.06,551.13
30-07-2015,544.5,549.96,536.69,544.06
29-07-2015,536.95,550,534.12,543.96
28-07-2015,523,535.87,522.5,533.94
27-07-2015,517,525.06,510.08,522.82
24-07-2015,515,521,513.6,517.01
23-07-2015,517,522.5,510,514.02
22-07-2015,517,521,497.55,513.13
21-07-2015,517,522.95,508.2,510.68
20-07-2015,521.98,526.85,511.32,517.15
17-07-2015,524.18,530.9,516,517.89
16-07-2015,517,528.28,516.5,524.89
15-07-2015,508.75,517.9,508.23,515.78
14-07-2015,510.12,512.4,500,508.23
13-07-2015,505,514,504.03,509.54
10-07-2015,500.3,507.86,495.12,502.47
09-07-2015,520.7,526.99,497.06,502.14
08-07-2015,555.5,556.99,517.75,522.59
07-07-2015,561.85,566,553.22,555.8
06-07-2015,551.1,562.51,546,556.43
03-07-2015,545.51,559,545.51,556.11
02-07-2015,550,558.2,541.1,545.06
01-07-2015,545,556.51,543,549.82
30-06-2015,540.6,546,538,544.34
29-06-2015,523.01,547,522.11,545.54
26-06-2015,538.4,549.9,530,543.58
25-06-2015,525.8,540,516,538.49
24-06-2015,532.5,537,522.5,525.37
23-06-2015,541.8,541.8,524.51,531.91
22-06-2015,520,544.9,514.21,538.63
19-06-2015,490.4,524.08,490.4,515.81
18-06-2015,477.62,491.8,477.62,490.29
17-06-2015,470.25,479,469.68,477.62
16-06-2015,471.5,472,463.52,470.02
15-06-2015,468.13,473.28,465.4,471.53
12-06-2015,466.5,471.41,450.9,467.65
11-06-2015,460,477.2,452.64,466.53
10-06-2015,455.4,459.5,450.5,455.32
09-06-2015,441.15,461.9,440.01,458.24
08-06-2015,450.98,450.98,440.51,447.27
05-06-2015,437,449.5,430,445.07
04-06-2015,432.93,438,420.83,435.23
03-06-2015,422,436.57,417,432.49
02-06-2015,444.1,444.1,424.75,428.47
01-06-2015,428,441.2,424.75,437.99
29-05-2015,449.9,458.9,411.57,421.66
28-05-2015,441.16,450,435.5,442.42
27-05-2015,446.63,451.3,430.57,441.16
26-05-2015,452.94,458.5,445.01,448.33
25-05-2015,450,454.98,444.16,450.34
22-05-2015,458.8,459.78,449,450.7
21-05-2015,451.99,460,447.3,457.7
20-05-2015,452.48,453.5,439.26,449.88
19-05-2015,449.9,454.19,443.76,448.16
18-05-2015,450,454.9,444.01,446.06
15-05-2015,439.46,449.9,439.21,448.39
14-05-2015,437.45,442,433.58,438.47
13-05-2015,435.6,441,431.1,432.71
12-05-2015,436.49,439,427.01,434.15
11-05-2015,433.19,445,430.06,434.71
08-05-2015,414.52,435,414.52,434.45
07-05-2015,435.9,435.9,409.01,418.06
06-05-2015,432.49,437.03,411.95,428.54
05-05-2015,426,439.5,425,429.02
04-05-2015,405.49,425,391.96,419.27
30-04-2015,398.41,420,395.1,404.43
29-04-2015,407.7,407.7,395.51,398.95
28-04-2015,391.35,419.9,391.35,400.78
27-04-2015,421.4,421.4,397.5,399.52
24-04-2015,421.22,426,412,413.99
23-04-2015,424.1,433.87,424.1,427.47
22-04-2015,431.01,439.9,419.2,427.99
21-04-2015,450.5,455,413.93,437.34
20-04-2015,447.29,459.4,443.87,455.83
17-04-2015,458,460.51,444.13,452.95
16-04-2015,447.23,460.5,437.5,458.5
15-04-2015,445.5,448.98,437.7,445.6
13-04-2015,452.21,452.21,442,445.38
10-04-2015,453,459.8,447.88,452.21
09-04-2015,454.2,469.9,440.01,450.47
08-04-2015,434.12,453,428.56,448.92
07-04-2015,427.5,436.5,421.03,434.12
06-04-2015,415.8,427.4,415.5,424.09
01-04-2015,415.8,415.8,406.22,414.01
31-03-2015,403.1,419.9,398.99,410.85
30-03-2015,399.9,407,396.17,399.97
27-03-2015,398,400,394.2,396.17
26-03-2015,395,403,393.8,395.66
25-03-2015,395.13,397,392.1,394.82
24-03-2015,400,404,393.21,396.81
23-03-2015,404.3,404.3,396.12,399.3
20-03-2015,407.5,414.9,390.12,402.05
19-03-2015,405.6,410.62,402.5,403.55
18-03-2015,404.01,411,400.12,404.81
17-03-2015,403,412,401.21,403.39
16-03-2015,415.4,415.4,399.3,400.51
13-03-2015,418,420.65,408,410.76
12-03-2015,414,422.5,411.11,413.95
11-03-2015,420.2,420.74,409,413.27
10-03-2015,425,429.9,414.69,418.25
09-03-2015,438.6,438.6,415,421.49
05-03-2015,428.68,437.2,427.48,434.19
04-03-2015,433.01,439.9,426,431.3
03-03-2015,442.5,447.7,429.5,432.99
02-03-2015,439.05,444.4,426.34,437.14
27-02-2015,411.01,415.99,406.11,410.71
26-02-2015,409.7,415.89,407,409.69
25-02-2015,415.66,419,406,408.15
24-02-2015,418.28,419,410.01,412.04
23-02-2015,416,425,413.74,416.26
20-02-2015,429.01,429.11,413,419.12
19-02-2015,432.21,432.89,420.1,430.95
18-02-2015,438.8,438.8,420.66,431.9
16-02-2015,439.89,439.89,418.44,430.63
13-02-2015,408.6,420.5,408.6,418.44
12-02-2015,412,416.22,406.41,412.63
11-02-2015,404.8,414.2,400.56,411.24
10-02-2015,403.1,405,396.69,400.38
09-02-2015,404.25,405,396.5,400.7
06-02-2015,413.05,413.5,397.1,404.25
05-02-2015,414.85,422,405.51,413.05
04-02-2015,419.99,421,405.43,410.72
03-02-2015,419.95,425.5,414,417.23
02-02-2015,409.9,423,401.9,416.01
30-01-2015,418.9,426.03,401.01,405.06
29-01-2015,433.17,434.5,411.03,412.84
28-01-2015,421.4,449.24,418.1,432.26
27-01-2015,388.45,432.5,386.01,416.96
23-01-2015,389.68,389.68,382.1,387.02
22-01-2015,384.45,389,380.6,384.07
21-01-2015,393.07,393.4,380.01,381.74
20-01-2015,393.5,394.02,389.5,390.48
19-01-2015,394.19,398,388.44,390.18
16-01-2015,385.8,397.9,380.23,393.78
15-01-2015,383.8,398.47,382.5,386.02
14-01-2015,349.99,413.8,347.77,377.4
13-01-2015,344.01,350.98,342.31,348.3
12-01-2015,345.01,351,339.85,343.82
09-01-2015,348.1,351.21,344.1,345.01
08-01-2015,346.55,351.88,346.55,348.97
07-01-2015,340.38,351.8,340.38,349.56
06-01-2015,345,348.5,339.22,342.59
05-01-2015,346.5,352,341.1,343.48
02-01-2015,349,352,341.62,344.38
01-01-2015,348.4,352,346.5,349.97
31-12-2014,345.9,353.6,340.5,348.39
30-12-2014,346.4,347.9,342.23,345.92
29-12-2014,348.19,351.9,344.2,346.7
26-12-2014,342,348,339.6,345.94
24-12-2014,349.7,349.7,340,342.48
23-12-2014,334.19,351.5,331.17,348.36
22-12-2014,330.8,334.7,326.5,332.92
19-12-2014,332.7,334.6,331.19,332.67
18-12-2014,323.49,337.5,322.25,332.45
17-12-2014,317.8,324,310,320.07
16-12-2014,334.2,334.2,314,315.81
15-12-2014,330,337,324.88,334.33
12-12-2014,332.2,333.57,328.01,330.38
11-12-2014,319.56,333.39,316.2,330.25
10-12-2014,325.14,327.6,318.69,319.56
09-12-2014,326.9,327.7,322.5,325.14
08-12-2014,322,328,316.9,325.47
05-12-2014,310.01,322,310.01,319.98
04-12-2014,311.9,315.7,306.51,313.1
03-12-2014,310.79,314.5,305,310.55
02-12-2014,305.63,311,303.63,309.51
01-12-2014,310.19,314,303.21,308.71
28-11-2014,305.17,311,304.55,309.19
27-11-2014,300.9,306.19,298,304.55
26-11-2014,303.19,305,297.6,300.12
25-11-2014,307,307,295.51,300.56
24-11-2014,309.65,319.9,303.03,304.96
21-11-2014,313,320.78,308.6,309.56
20-11-2014,303.5,312.5,296.87,311.64
19-11-2014,319.8,320.8,300.5,302.49
18-11-2014,325.1,327,316.06,316.77
17-11-2014,301.8,338.5,297.7,327.81
14-11-2014,297,301.8,295.53,297.68
13-11-2014,299.56,302,296,298.56
12-11-2014,289.8,299.9,289.8,298.73
11-11-2014,286.6,293.62,286.6,289.73
10-11-2014,291.5,291.5,285.51,289.15
07-11-2014,287,299.9,283.5,288.31
05-11-2014,283.1,287,277,285.43
03-11-2014,284,284,273.16,278.97
31-10-2014,280.99,283.8,278,280.85
30-10-2014,272.1,281,272.1,279.5
29-10-2014,281.19,283.9,271.81,274.54
28-10-2014,281.66,286.78,280,281.67
27-10-2014,273.2,288.38,272.7,284.19
23-10-2014,272.39,273.5,271,272.63
22-10-2014,264.4,271.2,264.4,269.82
21-10-2014,259.9,266,258,264.38
20-10-2014,260.4,262.5,253.79,258.79
17-10-2014,266.6,267,253.9,256.57
16-10-2014,270.79,272.5,262.5,264.02
14-10-2014,272.1,278.7,270,272.77
13-10-2014,270,278.8,267.5,268.73
10-10-2014,278,278,270.5,273.17
09-10-2014,275,279.51,270.5,277.07
08-10-2014,270.08,272.72,267.06,270.14
07-10-2014,279.4,279.74,265.4,268.38
01-10-2014,272.1,281,267.44,277
30-09-2014,265.37,275,265.3,272.13
29-09-2014,252.1,267.67,252.1,265.37
26-09-2014,250,257,249.2,255.69
25-09-2014,262.03,264,249.9,252.54
24-09-2014,267.14,267.14,258,261.21
23-09-2014,268.24,270.59,262,264.54
22-09-2014,266.1,271.99,264.55,268.24
19-09-2014,257.4,271.28,254.5,268.76
18-09-2014,254.6,262,245.62,255.08
17-09-2014,257.15,259.4,245.87,248.06
16-09-2014,261.7,261.7,255.5,257.15
15-09-2014,262,264,255.5,257.56
12-09-2014,263.4,263.4,260,262.21
11-09-2014,258.46,263.6,254.8,259.91
10-09-2014,262.19,264.5,254.73,256.83
09-09-2014,259,264.8,255,261.25
08-09-2014,246,259.86,242,257.6
05-09-2014,243,246.9,240.1,243.7
04-09-2014,246.5,249,240.51,244.43
03-09-2014,242.7,249.45,242,248.6
02-09-2014,243.7,245.98,242,242.93
01-09-2014,247.2,247.8,240.05,243.72
28-08-2014,245.08,247.58,245.08,247.14
27-08-2014,242,249,242,247.56
26-08-2014,240.5,242,238.5,241.5
25-08-2014,234.56,243,234.56,239.83
22-08-2014,232,238.5,232,237.46
21-08-2014,228.05,236,228.05,233.23
20-08-2014,229.65,229.65,227.31,228.5
19-08-2014,225.72,229.94,225.01,227.26
18-08-2014,229.19,229.3,224.5,227.63
14-08-2014,223.2,230.38,223.2,225.97
13-08-2014,225.4,230.8,224.96,225.36
12-08-2014,227.8,229.5,223.66,227.68
11-08-2014,220,228.8,220,224.94
08-08-2014,219,225,215,220.4
07-08-2014,217.2,221,216.1,219.04
06-08-2014,219,221,218.2,218.71
05-08-2014,218.5,221.9,218.02,220.67
04-08-2014,225,225,218.5,219.42
01-08-2014,222.5,225.5,217.12,219.83
31-07-2014,221.34,224,218.5,219.24
30-07-2014,222,226,220.1,221.35
28-07-2014,224,227.6,221,222.63
25-07-2014,229.99,232.05,220.25,229.31
24-07-2014,224.75,229.88,224,228.58
23-07-2014,224.7,225.65,221,224.21
22-07-2014,216.62,224.5,216.5,223.12
21-07-2014,218.8,221.59,216.5,217.53
18-07-2014,221.79,221.79,215.03,218.38
17-07-2014,221.5,222.9,219.1,219.95
16-07-2014,222.95,223.7,217.11,218.91
15-07-2014,215.1,221.3,215.1,219.66
14-07-2014,215.68,221.5,213,214.22
11-07-2014,218.59,223.7,210.5,212.68
10-07-2014,218.49,225.63,206.22,219.81
09-07-2014,216.5,228,213.51,218.01
08-07-2014,226,226,213.5,214.38
07-07-2014,231.69,236.79,221,222.19
04-07-2014,213.2,233.5,213.2,227.1
03-07-2014,208.6,218.95,208,217.56
02-07-2014,201,211.89,201,209.99
01-07-2014,202.4,202.4,200,200.97
30-06-2014,201,202.9,199.5,200.66
27-06-2014,202,202.18,198.1,199.93
26-06-2014,206.2,206.2,199.6,200.51
25-06-2014,204.5,205.75,199.3,201.19
24-06-2014,204,207.4,203,203.29
23-06-2014,206.2,209.4,205.12,206.03
20-06-2014,207.82,210.5,205.22,207.26
19-06-2014,212.2,214.5,207,209.91
18-06-2014,198.5,214.88,196.76,211.4
17-06-2014,199.29,199.5,190.56,196.76
16-06-2014,206.89,206.89,197.53,199.4
13-06-2014,209.89,209.89,199.5,202.53
12-06-2014,200,212.08,195.44,206.05
11-06-2014,211.59,214.56,201.19,204.09
10-06-2014,215.28,215.28,207.93,211.21
09-06-2014,219.9,219.9,211.5,214.91
06-06-2014,220,220,211.66,214.68
05-06-2014,211.3,220,206,218.35
04-06-2014,214.9,215.5,206.02,211.35
03-06-2014,209.22,223,208.99,211.38
02-06-2014,203.58,210,200.87,208.38
30-05-2014,200.8,203.98,197,202.09
29-05-2014,193.01,199.48,193.01,198.94
28-05-2014,201.48,201.48,191.5,194.57
27-05-2014,195,202.5,195,197.83
26-05-2014,206.7,209,194,200.59
23-05-2014,207,207,200.55,202.78
22-05-2014,185,207,184.09,204.35
21-05-2014,181.4,184.9,178.78,184.09
20-05-2014,181.03,181.82,177,178.03
19-05-2014,177.3,182,177.3,179.99
16-05-2014,177,180,175,177.13
15-05-2014,181,181,170.5,173.56
14-05-2014,188,190,178.5,180.59
13-05-2014,191.8,191.8,183.11,187.99
12-05-2014,189.69,192.19,185.3,190.01
09-05-2014,188.86,190.5,188.18,190.17
08-05-2014,186.62,189,186.62,188.9
07-05-2014,186.03,188.58,186.03,188.38
06-05-2014,185.1,188.99,185.1,187.91
05-05-2014,187.5,188.18,185.88,187.81
02-05-2014,189.8,189.8,187,187.78
30-04-2014,186.9,188.99,182.8,186.99
29-04-2014,184.13,187.89,182.65,187.25
28-04-2014,183.93,186,180.2,185.68
25-04-2014,184.84,184.84,178.66,181.3
23-04-2014,176.6,185.1,176.6,182.68
22-04-2014,177.6,178.8,175.44,176.51
21-04-2014,176.3,179.99,175.7,176.9
17-04-2014,178,178.85,176,176.72
16-04-2014,176.41,179,175.71,177.27
15-04-2014,176.6,177.94,174.6,175.78
11-04-2014,179,180.5,176,176.24
10-04-2014,174.41,181.6,174.41,178.61
09-04-2014,176.5,179.28,174.71,175.62
07-04-2014,176.39,178.98,176,176.79
04-04-2014,174.2,177.29,172.71,175.84
03-04-2014,171.81,175.5,166.16,174.57
02-04-2014,180,180,174.1,175.15
01-04-2014,179,179.88,173.03,177.75
31-03-2014,180,181.5,176.5,179.1
28-03-2014,168.19,182.48,168.19,179.77
27-03-2014,166,170.48,165,169.79
26-03-2014,168.47,168.48,165.5,166
25-03-2014,165.31,168.48,165.07,166.04
24-03-2014,168.4,169.58,165,165.69
21-03-2014,165.31,168.08,165.3,167.33
20-03-2014,167,167.28,165,165.19
19-03-2014,165.03,168.09,164.58,166.92
18-03-2014,165,168,164.1,167.02
14-03-2014,165,167,163.55,165.58
13-03-2014,172.5,172.5,163,164.71
12-03-2014,169.6,170.88,168.5,169.07
11-03-2014,167.07,171.31,166.91,169.47
10-03-2014,163.67,167.5,162.27,167.21
07-03-2014,162,164.5,158.66,163.67
06-03-2014,156.21,164.71,156.1,161.64
05-03-2014,158.5,159.68,155,155.76
04-03-2014,157.2,159,157.2,158.51
03-03-2014,157.9,159.4,156.5,158.9
28-02-2014,155.5,158.5,155,157.15
26-02-2014,156,156.5,152.55,154.79
25-02-2014,151.2,155.6,151.2,155.34
24-02-2014,152.97,155,151.63,152.63
21-02-2014,150.51,154,150.1,152.97
20-02-2014,154.5,154.78,149.32,151.23
19-02-2014,155.1,155.1,153.48,154.02
18-02-2014,155.1,157.8,150.6,155.75
17-02-2014,147.5,151.24,147.5,150.38
14-02-2014,148.22,149.5,146.1,147.54
13-02-2014,146.72,149.89,146.72,148.22
12-02-2014,148,149.5,147.03,148.19
11-02-2014,149.9,150,146,146.56
10-02-2014,150.2,152,147.81,148.57
07-02-2014,150,150.1,148,149.39
06-02-2014,151.5,151.5,147.59,148.31
05-02-2014,148.94,151,147.55,148.43
04-02-2014,151.28,152.43,147.5,148.13
03-02-2014,154.4,154.4,148.21,149.24
31-01-2014,150.06,155.5,150,153.12
30-01-2014,148.59,150.88,148.5,149.84
29-01-2014,154.5,155.87,149.62,151.22
28-01-2014,147.69,154.8,147.5,153.57
27-01-2014,154.5,154.5,147.2,149.18
24-01-2014,158.49,158.49,153.43,155.06
23-01-2014,158.5,158.5,155.01,157.44
22-01-2014,160.1,161,156.51,157.35
21-01-2014,157,160,156.78,159.69
20-01-2014,158,159.4,155.1,156.95
17-01-2014,156.8,158.4,153.5,157.38
16-01-2014,155.5,160.4,154.88,158.41
15-01-2014,155.4,156.98,153.2,155.49
14-01-2014,157,157,155.01,155.31
13-01-2014,156.1,157.18,155.51,156.59
10-01-2014,155.98,156.45,154.91,156.06
09-01-2014,154.61,155.78,153.7,155.03
08-01-2014,156.07,156.07,154.5,155.54
07-01-2014,155.53,157.19,154.53,155.41
06-01-2014,157.12,158,153.01,155.15
03-01-2014,157.18,160.4,153.87,155.55
02-01-2014,157.05,158,155.88,156.92
01-01-2014,156,161.5,156,157.03
31-12-2013,155.15,158.9,155.15,158.12
30-12-2013,155,158,154.5,155.59
27-12-2013,149.5,153.98,149.5,152.49
26-12-2013,154.8,154.8,151.1,151.85
24-12-2013,156.95,157.5,152.71,153.18
23-12-2013,150.7,156,150,155.53
20-12-2013,147.81,150,147,149.47
19-12-2013,148.06,150.46,146.67,148.19
18-12-2013,146.38,150.4,145.16,149.53
17-12-2013,148,149,147.68,147.99
16-12-2013,145.32,149.58,145.32,148.33
13-12-2013,148.03,149.79,147.5,148.16
12-12-2013,148.5,150.5,146,149.65
11-12-2013,150,150.3,148.14,149.28
10-12-2013,150.5,150.5,148.96,150.06
09-12-2013,150.5,151.9,146.44,149.69
06-12-2013,145.5,150,145.07,148.88
05-12-2013,147.88,149.5,144,145.22
04-12-2013,146,148.29,143.23,146.03
03-12-2013,141.78,148.88,140.51,146.99
02-12-2013,140.9,142.9,139.11,140.62
29-11-2013,137.6,141.48,137.6,141.06
28-11-2013,139.34,140,137.5,138.96
27-11-2013,141.5,141.5,138.01,138.95
26-11-2013,138.5,141,136.51,137.59
25-11-2013,137.34,141.5,136.6,139.87
22-11-2013,140,140,136.5,137.84
21-11-2013,143.1,143.8,138.72,139.49
20-11-2013,143.47,144.48,142.22,142.78
19-11-2013,142.71,144.48,141.7,143.78
18-11-2013,143.2,145.9,141.03,142.63
14-11-2013,141.09,144.8,140.13,142.5
13-11-2013,140,141.42,138.5,140.1
12-11-2013,141.16,143.48,140.41,141.12
11-11-2013,140.47,142,139.5,141.16
08-11-2013,141,142.3,137.01,139.52
07-11-2013,136.5,142.3,136.5,140.93
06-11-2013,135,138.9,133.5,137.32
05-11-2013,136.5,136.81,133.5,134.11
01-11-2013,135,137.5,132.54,136.74
31-10-2013,132.83,136.39,130.04,135.31
30-10-2013,129.65,133.56,129.03,131.62
29-10-2013,127.5,131,125.1,128.95
28-10-2013,129,131.5,127.02,127.44
25-10-2013,126.7,130.86,125.8,128.58
24-10-2013,126,129.49,126,127.49
23-10-2013,129.58,130.7,128,128.53
22-10-2013,128.2,130.2,127.9,129.6
21-10-2013,127.85,129.78,127.83,128.94
18-10-2013,127.33,129.21,127,127.84
17-10-2013,126.12,128.19,126,127.75
15-10-2013,129.51,130.2,125.21,127.69
14-10-2013,127.9,129.97,126.4,129.55
11-10-2013,127.39,127.9,125.88,126.09
10-10-2013,127.6,128.76,125.52,126.37
09-10-2013,129,129,127.5,128.18
08-10-2013,127.45,129.88,127,129.11
07-10-2013,123.6,127.5,123.6,126.11
04-10-2013,119.99,126.5,119.99,124.81
03-10-2013,115.52,121.5,115.52,120.48
01-10-2013,115.7,117.47,114.12,115.55
30-09-2013,119,119,115.51,116.55
27-09-2013,118.8,119.01,115.51,117.75
26-09-2013,119.6,120.01,116.5,117.09
25-09-2013,117.92,120.4,116.51,119.09
24-09-2013,123.8,123.8,117.51,118.14
23-09-2013,127.5,128.62,123,125.05
20-09-2013,127.49,131.9,121.11,129.28
19-09-2013,124,127.5,120.61,124.56
18-09-2013,119.19,124.73,117.27,122.19
17-09-2013,114.4,134.4,113.98,117.96
16-09-2013,115.44,116.84,113,114.11
13-09-2013,113.2,115.47,111.25,114.56
12-09-2013,116.9,117.5,111,112.59
11-09-2013,114.1,117,114.1,116.53
10-09-2013,113,115.5,111,114.72
06-09-2013,107.2,111.5,107,109.55
05-09-2013,100.8,108.3,100.02,106.65
04-09-2013,99.12,100.89,98,98.58
03-09-2013,102.4,102.4,98.6,100.09
02-09-2013,103.5,105.5,98.5,101.18
30-08-2013,98,103.4,98,102.68
29-08-2013,101.3,101.77,96.53,100.8
28-08-2013,103.6,103.6,97.5,98.42
27-08-2013,114.24,114.24,103.15,104.27
26-08-2013,113,114.88,111.1,112.11
23-08-2013,112.5,114.8,110.01,113.77
22-08-2013,106.8,113.39,106.8,109.58
21-08-2013,117.5,119.99,108,110
20-08-2013,111.7,117.6,102.52,115.54
19-08-2013,114.03,117.5,108.9,111.7
16-08-2013,120.61,123,114.5,115.02
14-08-2013,126.4,127.5,120.64,122.25
13-08-2013,113.8,127,112.1,124.4
12-08-2013,107,115,106.5,113.23
08-08-2013,102,106.5,101.89,105.28
07-08-2013,101,103.5,101,101.61
06-08-2013,106.61,106.61,101,102
05-08-2013,110.25,113.97,105.66,106.99
02-08-2013,113.02,113.81,106.4,110.25
01-08-2013,114.53,117.5,112.05,112.98
31-07-2013,116.04,116.04,110.98,114.39
30-07-2013,119.91,124,115.02,117.99
29-07-2013,125.37,126.3,120.5,121.05
26-07-2013,129.5,131.2,124.01,125.37
25-07-2013,133.88,133.88,128.8,130.26
24-07-2013,134.5,135.5,130.45,131.31
23-07-2013,133.2,137.28,122.87,135.63
22-07-2013,131.66,137.5,131.66,134.09
19-07-2013,137.5,138.5,131.6,132.53
18-07-2013,139.7,144,135.21,137.46
17-07-2013,142.32,145.49,140,141.06
16-07-2013,144.9,146.26,141.4,142
15-07-2013,142.71,148.58,142.71,148.12
12-07-2013,142.2,144.59,142.2,144.12
11-07-2013,140,145,140,144.94
10-07-2013,139.8,140.88,139.12,139.49
09-07-2013,138.5,140.56,138.5,139.21
08-07-2013,141.98,141.98,138.12,138.72
05-07-2013,141,141.49,139.12,141.34
04-07-2013,141.51,141.51,139.5,140.8
03-07-2013,140.16,142.5,139.88,141.78
02-07-2013,144.55,146.5,137.87,141.88
01-07-2013,140,144.5,138.7,143.9
28-06-2013,137.57,142.19,134.67,138.47
27-06-2013,139,141,134.15,134.85
26-06-2013,138,141,134.12,137.41
25-06-2013,135.97,141.48,130.32,137.65
24-06-2013,137.51,138.78,133,134.15
21-06-2013,141.99,141.99,138.9,139.75
20-06-2013,142.99,144.4,141.53,142.2
19-06-2013,144.9,147.38,142.51,142.97
18-06-2013,144,147.5,143.35,143.94
17-06-2013,144.5,146.89,143,143.8
14-06-2013,143.5,144.9,143,143.97
13-06-2013,146,146,142.11,143.76
12-06-2013,148.12,149.78,145.01,145.64
11-06-2013,149.5,151,148.04,149.49
10-06-2013,143.1,152.27,143.1,149.37
07-06-2013,145.5,151,144.59,150.34
06-06-2013,147.48,147.48,143.69,145.44
05-06-2013,146.5,147.49,144.53,146.7
04-06-2013,147.79,153.33,143.87,145.78
03-06-2013,147,148.5,146.2,147.79
31-05-2013,145.6,147.8,145.6,147.24
30-05-2013,147.95,148.49,146,147.07
29-05-2013,146.2,148.88,146.2,148.21
28-05-2013,146,148.47,146,147.49
27-05-2013,145,146.98,142.3,145.56
24-05-2013,147.5,147.5,140.2,144.19
23-05-2013,141.8,143.38,138.81,142.52
22-05-2013,149.7,151.01,141.12,144.43
21-05-2013,157.4,159.5,146.5,149.24
20-05-2013,152.9,158.99,150.5,158.12
17-05-2013,148.4,152.49,147.5,150.93
16-05-2013,143.9,149,141.91,147.36
15-05-2013,137.02,145,136.9,140.12
14-05-2013,136.73,139.89,136.7,138.03
13-05-2013,141.78,141.78,137.24,137.88
10-05-2013,137.5,141.7,137.5,139.94
09-05-2013,132.5,140.1,132.5,139
08-05-2013,129.87,138,128.54,136.21
07-05-2013,126.5,129,126.5,128.13
06-05-2013,124.05,127,124,126
03-05-2013,126.5,127.19,123.5,124.23
02-05-2013,123.09,127.49,123.09,126.81
30-04-2013,123.94,124,121.56,122.62
29-04-2013,126.11,128,120,121.57
26-04-2013,129.7,130.47,125.66,126.11
25-04-2013,125,130.3,124.4,129.05
23-04-2013,121.49,124.9,121.29,123.92
22-04-2013,116.5,123,112.15,122.2
18-04-2013,112.2,118.5,112.2,117.14
17-04-2013,110.7,115.1,110.7,114.56
16-04-2013,109.7,113.48,109.7,112.42
15-04-2013,113.97,113.97,110,111.36
12-04-2013,110,112,110,111.95
11-04-2013,112,112.24,110.5,111.07
10-04-2013,112.6,114.37,111.55,112.38
09-04-2013,117.31,118.72,112.5,113.69
08-04-2013,117.64,119,116.16,117.26
05-04-2013,118.11,120.1,116.55,117.28
04-04-2013,121.2,121.2,118,119.52
03-04-2013,117.61,121.5,117.61,120.69
02-04-2013,117,119.9,117,118.25
01-04-2013,115.62,118.5,115.62,117.31
28-03-2013,113.58,118.84,110.66,114.81
26-03-2013,116.5,117.19,110.5,113.65
25-03-2013,121.5,121.5,116.5,117.43
22-03-2013,125,125,118.23,120.97
21-03-2013,125.77,126.38,122.55,123.61
20-03-2013,124.86,126.51,124.6,124.91
19-03-2013,128.49,128.49,125,125.35
18-03-2013,128.98,129.77,127.2,128.34
15-03-2013,127.05,131.5,126,129.9
14-03-2013,126.89,127,124.2,126.64
13-03-2013,127.87,127.89,124.87,125.26
12-03-2013,128.9,128.9,125.9,126.23
11-03-2013,127.5,128,127,127.89
08-03-2013,126.99,129.5,126.4,128.47
07-03-2013,124.99,126.48,124.81,125.83
06-03-2013,127.89,127.89,124.46,124.83
05-03-2013,126.69,128.5,125.7,127.16
04-03-2013,128.4,128.4,124.73,125.72
01-03-2013,129.99,129.99,127,128.23
28-02-2013,131.9,132.94,126.62,128.13
27-02-2013,128.79,131.9,127.38,131.11
26-02-2013,128.66,130.8,126.55,127.94
25-02-2013,126.1,130.18,124.39,128.66
22-02-2013,125.31,126.5,123.56,123.91
21-02-2013,127.19,128.7,125.51,126.48
20-02-2013,128.5,130.47,127.2,128.51
19-02-2013,128.45,129.8,126.53,127.1
18-02-2013,129,129,126.71,127.81
15-02-2013,128.79,129.01,127.6,128.93
14-02-2013,126.5,129.8,126,129.19
13-02-2013,126.86,129,124.6,125.94
12-02-2013,124.11,125.05,123.55,124.19
11-02-2013,125.98,126,123.6,124.48
08-02-2013,125.5,126,124.3,125.09
07-02-2013,127.7,128.87,125.6,126.16
06-02-2013,129.46,129.54,127.4,127.98
05-02-2013,129.1,129.78,127.2,128.03
04-02-2013,131.48,131.49,128.25,129.25
01-02-2013,129.62,130.69,128.94,129.62
31-01-2013,129.66,131.1,128.1,129.18
30-01-2013,130,131.5,128,130.51
29-01-2013,130.1,131.5,128.45,129.53
28-01-2013,132.37,132.37,129.5,130.05
25-01-2013,131.1,132.5,129.15,130.76
24-01-2013,131.9,133.5,128.12,130.2
23-01-2013,137.2,137.2,131.4,132.01
22-01-2013,136.01,136.78,134.27,135.01
21-01-2013,133.3,136.02,132.29,135.18
18-01-2013,135.05,135.81,132.29,133.25
17-01-2013,135.02,136.98,134.08,134.31
16-01-2013,136.51,137.96,133.87,134.64
15-01-2013,138.06,141.7,136.02,136.61
14-01-2013,135.44,136.4,134.08,135.42
11-01-2013,137.62,138.89,134.27,134.56
10-01-2013,132.91,139.15,132.91,136.55
09-01-2013,135.14,135.52,132.63,133.23
08-01-2013,134.51,135.05,133.13,134.45
07-01-2013,135.44,137.57,133.71,134.57
04-01-2013,134.56,136.98,134.47,134.77
03-01-2013,132.59,139.29,131.65,134.71
02-01-2013,134.06,134.08,130.4,131.18
01-01-2013,131.68,133.38,131.61,132.64
31-12-2012,129.22,133.11,129.22,131.38
28-12-2012,131.13,132.14,129.23,131.43
27-12-2012,132.61,133.11,129.13,129.94
26-12-2012,128.11,132.12,127.67,131.22
24-12-2012,125.14,127.9,124.09,127.62
21-12-2012,126.2,126.21,122.42,123.71
20-12-2012,127.28,129.71,125.47,126.28
19-12-2012,126.31,136.99,125.83,126.32
18-12-2012,124.85,125.83,124.36,125.02
17-12-2012,125.53,126.21,124.56,125.62
14-12-2012,124.36,126.69,123.39,125.49
13-12-2012,126.79,127.28,123.28,125.38
12-12-2012,125.33,127.37,125.33,126.64
11-12-2012,128.74,128.74,126.32,127.37
10-12-2012,129.59,129.6,127.18,127.85
07-12-2012,129.91,132.1,128.36,129.59
06-12-2012,134.08,134.08,128.26,130.83
05-12-2012,133.59,134.08,131.65,132.51
04-12-2012,133.11,134.08,131.91,132.6
03-12-2012,133.11,134.56,132.14,133.09
30-11-2012,134.08,134.47,132.63,133.8
29-11-2012,134.92,134.95,130.78,132.33
27-11-2012,134.64,134.64,132.33,132.93
26-11-2012,140.88,140.88,131.81,132.4
23-11-2012,129.61,133.59,129.61,132.61
22-11-2012,129.9,130.87,128.25,128.95
21-11-2012,130.97,131.16,128.25,129.89
20-11-2012,131.16,132.09,129.71,130.7
19-11-2012,134.08,134.08,129.38,130.83
16-11-2012,134.52,134.53,131.55,132.02
15-11-2012,133.39,134.76,132.59,133.1
13-11-2012,133.88,134.74,133.11,133.9
12-11-2012,126.46,134.95,126.46,133.22
09-11-2012,127.28,128.1,126.51,127.26
08-11-2012,126.39,127.76,125.63,126.64
07-11-2012,124.37,129.22,124.37,128.52
06-11-2012,122.58,126.79,121.93,126.31
05-11-2012,125.43,125.78,119.99,122.58
02-11-2012,124.95,126.31,124.56,125.2
01-11-2012,124.47,127.18,123.52,125.43
31-10-2012,123.39,128.7,123.39,124.82
30-10-2012,128.93,129.56,122.66,123.83
29-10-2012,129.22,131.36,127.11,129.43
26-10-2012,131.09,131.09,126.21,126.65
25-10-2012,126.21,129.9,126.12,129.19
23-10-2012,126.4,128.15,125.83,126.59
22-10-2012,123.68,126.69,122.42,126.25
19-10-2012,125.53,126.98,121.55,123.48
18-10-2012,121.55,126.14,121.55,125.42
17-10-2012,119.7,122.03,119.7,121.24
16-10-2012,117.09,119.5,117.08,118.94
15-10-2012,119.99,119.99,114.73,117.21
12-10-2012,117.95,119.41,116.59,117.06
11-10-2012,117.09,117.94,113.39,116.6
10-10-2012,113.68,117.66,112.94,116.69
09-10-2012,114.65,115.34,114.16,114.68
08-10-2012,114.7,117.06,113.9,114.25
05-10-2012,117.52,119.7,115.62,116.23
04-10-2012,116.59,117.89,113.68,114.86
03-10-2012,116.19,117.17,114.18,114.55
01-10-2012,115.13,116.78,114.55,115.75
28-09-2012,113.19,115.81,113.19,114.62
27-09-2012,112.7,113.68,111.25,113.27
26-09-2012,108.34,114.63,108.33,112.95
25-09-2012,108.89,113.15,108.82,109.66
24-09-2012,106.05,109.3,106.05,108.3
21-09-2012,106.48,107.92,104.76,105.99
20-09-2012,104.94,108.81,104.74,106.26
18-09-2012,107.26,109.79,106.97,107.45
17-09-2012,105.12,111.97,105.12,108.84
14-09-2012,106.3,107.8,105.48,106.15
13-09-2012,106.78,108.4,104.63,105.11
12-09-2012,103.96,107.72,103.96,106.76
11-09-2012,101.58,104.83,101.58,103.99
10-09-2012,102.7,103.84,101.04,101.59
07-09-2012,101.7,104.13,101.43,104.01
06-09-2012,101.75,103.18,101.05,101.46
05-09-2012,103.71,103.77,101.54,101.72
04-09-2012,101.51,104.44,101.24,102.4
03-09-2012,101.82,102.21,100.85,101.77
31-08-2012,102.89,105.02,101.21,101.92
30-08-2012,100.19,103.27,99.88,102.81
29-08-2012,105.41,105.42,99.73,100.81
28-08-2012,104.54,105.42,103.33,103.51
27-08-2012,105.9,106.39,103.95,105.41
24-08-2012,104.26,105.9,104.26,105.05
23-08-2012,101.14,106.15,95.84,105.02
22-08-2012,106.29,106.29,103.96,105.09
21-08-2012,105.06,106.27,101.52,104.51
17-08-2012,107.36,107.44,104.57,105.06
16-08-2012,103.52,107.44,103.52,106.46
14-08-2012,105,108.33,100.07,105.16
13-08-2012,107.84,107.84,105.52,105.89
10-08-2012,108.33,109.8,106.98,107.94
09-08-2012,103.86,108.72,103.6,107.49
08-08-2012,103.47,106.77,103.18,103.54
07-08-2012,100.38,103.77,100.36,103.38
06-08-2012,102.98,102.98,100.08,100.63
03-08-2012,100.26,102.99,100.26,101.94
02-08-2012,100.56,102.02,100.36,101.35
01-08-2012,100.56,101.89,99.3,101.51
31-07-2012,98.36,101.53,97.26,100.82
30-07-2012,99.88,102.02,97.68,99.11
27-07-2012,102.02,103.96,98.04,99.84
26-07-2012,102.75,103.93,100.77,101.79
25-07-2012,105.9,105.9,102.83,103.89
24-07-2012,102.47,105.9,101.92,104.93
23-07-2012,97.26,104.43,96.31,102.47
20-07-2012,99.1,99.58,96.7,97.93
19-07-2012,95.02,99.57,95.02,99.09
18-07-2012,95.32,96.67,94.44,95.96
17-07-2012,94.05,98.13,93.86,94.32
16-07-2012,93.08,95.51,93.08,93.59
13-07-2012,94.34,94.44,92.5,93.87
12-07-2012,90.36,93.76,90.36,93.4
11-07-2012,89.4,91.59,89.4,91.24
10-07-2012,89.82,90.84,89.02,90.01
09-07-2012,87.44,89.48,87.44,88.61
06-07-2012,88.9,89.39,87.7,88.18
05-07-2012,87.93,88.9,87.3,88.08
04-07-2012,91.85,91.86,89.02,89.24
03-07-2012,89.28,92.01,88.53,91.01
02-07-2012,89.67,89.67,87.64,88.27
29-06-2012,88.69,89.39,87.44,88.65
28-06-2012,85.79,88.41,84.63,87.75
27-06-2012,84.55,85.21,84.53,85.13
26-06-2012,84.05,85.19,84.05,84.97
25-06-2012,84.53,85.48,84.04,84.82
22-06-2012,85.5,85.5,83.8,84.49
21-06-2012,83.17,84.98,82.59,84.72
20-06-2012,82.94,84.33,82.94,83.8
19-06-2012,82.58,84.43,82.58,83.77
18-06-2012,86.47,86.47,83.56,83.74
15-06-2012,83.65,86.83,83.65,86.58
14-06-2012,83.72,85.07,83.72,84.53
13-06-2012,83.36,86.08,83.36,85.25
12-06-2012,84.24,85.86,84.24,85.38
11-06-2012,82.78,84.72,82.78,84.53
08-06-2012,82.1,84.41,82.1,83.68
07-06-2012,82.01,83.36,82.01,83.03
06-06-2012,81.62,83.34,81.62,82.87
05-06-2012,80.74,82.78,80.74,82.46
04-06-2012,81.14,82.96,79.77,82.32
01-06-2012,81.61,83.22,81.61,82.11
31-05-2012,81.61,83.07,81.61,82.53
30-05-2012,80.64,82.78,80.64,82.5
29-05-2012,80.9,82.58,80.9,81.83
28-05-2012,82.58,82.58,81.66,82
25-05-2012,81.71,83.54,81.62,82.3
24-05-2012,80.84,83.56,80.84,82.74
23-05-2012,82.68,84.04,82.1,82.37
22-05-2012,83.17,84.24,82.58,83.69
21-05-2012,85.39,85.4,82.7,83.5
18-05-2012,82.56,85.69,81.13,84.51
17-05-2012,82.78,85.99,80.74,83.58
16-05-2012,83.36,87.58,81.25,82.61
15-05-2012,81.58,85.79,81.58,85.12
14-05-2012,81.91,85.18,81.61,82.83
11-05-2012,81.61,84.3,81.61,83.47
10-05-2012,81.88,84.81,81.88,83.36
09-05-2012,83.72,86.25,81.61,83.15
08-05-2012,86.3,88.12,84.72,85.4
07-05-2012,79.77,88.17,79.77,86.84
04-05-2012,83.56,85.01,81.42,82.18
03-05-2012,86.67,86.67,84.28,84.98
02-05-2012,83.31,88.97,83.31,86.43
30-04-2012,83.56,85.51,83.56,84.9
27-04-2012,81.81,85.01,81.61,83.87
26-04-2012,81.75,83.07,81.62,81.73
25-04-2012,82.59,83.44,80.35,82.54
24-04-2012,85.82,85.84,82.15,82.48
23-04-2012,86.37,87.73,84.11,84.44
20-04-2012,84.72,87.44,84.72,86.68
19-04-2012,85.75,87.63,85.75,86.69
18-04-2012,86.47,86.86,85.5,86.4
17-04-2012,85.99,87.35,84.93,85.96
16-04-2012,83.26,86.47,83.26,85.8
13-04-2012,85,85.69,84.05,85.32
12-04-2012,81.18,84.69,81.18,84.27
11-04-2012,82.88,84.72,81.9,82.11
10-04-2012,84.53,84.92,82.63,84.33
09-04-2012,85.5,85.5,82.13,84.1
04-04-2012,83.17,85.35,83.17,85.04
03-04-2012,82.58,84.3,81.61,83.95
02-04-2012,79.28,82.19,78.5,81.1
30-03-2012,76.27,79.38,76.27,79.12
29-03-2012,78.6,78.6,76.27,77.31
28-03-2012,78.33,78.8,76.82,77.7
27-03-2012,79.18,79.18,77.29,78.19
26-03-2012,80.14,80.15,78.39,78.7
23-03-2012,80.15,80.15,77.24,79.12
22-03-2012,78.99,80.16,77.97,79.19
21-03-2012,77.44,79.57,77.4,78.99
20-03-2012,75.78,77.82,75.78,76.87
19-03-2012,75.3,77.62,75.3,76.41
16-03-2012,77.73,77.73,74.6,75.85
15-03-2012,79.62,79.62,75.49,76.72
14-03-2012,79.18,79.67,77.08,79.58
13-03-2012,77.73,78.78,77.73,78.57
12-03-2012,78.21,78.21,75.39,77.94
09-03-2012,76.46,78.12,75.02,77.18
07-03-2012,74.57,75.78,73.35,74.82
06-03-2012,75.69,77.23,73.35,74.54
05-03-2012,75.6,76.27,73.94,74.06
02-03-2012,75.08,76.63,75.08,75.94
01-03-2012,77.44,77.51,74.36,75.13
29-02-2012,75.78,78.11,75.78,76.8
28-02-2012,74.13,75.78,74.13,75.2
27-02-2012,78.21,78.21,72.83,73.99
24-02-2012,77.24,77.92,76.9,77.68
23-02-2012,77.24,78.5,75.36,76.18
22-02-2012,80.61,81.13,76.71,78
21-02-2012,77.82,81.13,77.82,79.55
17-02-2012,77.73,79.18,76.62,78.33
16-02-2012,77.97,77.97,76.08,76.32
15-02-2012,78.46,78.7,76.66,77.25
14-02-2012,78.69,78.7,77.34,77.53
13-02-2012,78.7,79.66,77.85,78.14
10-02-2012,79.87,81.13,78.7,78.86
09-02-2012,77.82,81.99,77.82,79.86
08-02-2012,77.05,80.54,76.76,79.92
07-02-2012,76.66,77.24,75.4,76.77
06-02-2012,77.43,79.07,76.08,76.5
03-02-2012,75.3,77.92,74.33,76.94
02-02-2012,76.29,76.29,72.88,75.18
01-02-2012,72.97,76.81,72.39,75.53
31-01-2012,70.8,73.74,69.76,72.93
30-01-2012,71.75,71.75,68.99,70.16
27-01-2012,71.51,71.8,69.95,70.62
25-01-2012,70.44,71.51,70.25,70.93
24-01-2012,67.76,71.29,67.25,70.04
23-01-2012,66.85,67.53,66.07,67.41
20-01-2012,66.07,66.75,66.07,66.53
19-01-2012,66.26,66.55,64.68,66.17
18-01-2012,64.51,67.43,63.35,65.8
17-01-2012,62.28,63.44,62.28,63.16
16-01-2012,62.18,64.51,62.18,63.14
13-01-2012,63.35,63.44,62.39,62.87
12-01-2012,63.15,64.99,62.68,63.11
11-01-2012,61.11,64.61,61.11,63.29
10-01-2012,60.22,61.4,59.32,60.94
09-01-2012,58.3,59.63,58.3,59.27
06-01-2012,58.5,59.98,56.85,57.32
05-01-2012,58.45,59.62,58.45,58.98
04-01-2012,60.72,60.72,58.75,58.81
03-01-2012,57.61,59.75,57.61,59.55
02-01-2012,58.98,59.46,57.85,58.63
30-12-2011,54.41,60.82,54.41,58.89
29-12-2011,59.27,60.01,58.88,59.36
28-12-2011,61.22,63.15,59.46,59.53
27-12-2011,61.7,62.18,60.72,62.16
26-12-2011,61.22,62.17,61.22,61.54
23-12-2011,61.21,62.18,61.21,61.36
22-12-2011,61.21,62.17,61.21,62.13
21-12-2011,61.4,62.47,61.4,62.03
20-12-2011,60.63,61.7,60.63,61.49
19-12-2011,62.18,62.18,59.48,61.51
16-12-2011,61.7,63.35,61.43,62.22
15-12-2011,61.56,62.66,61.5,62.17
14-12-2011,63.13,63.83,62.29,63.08
13-12-2011,62.47,64.02,61.42,63.42
12-12-2011,62.76,64.51,62.76,63.65
09-12-2011,62.74,64.6,62.74,64.41
08-12-2011,64.51,66.06,63.25,64.11
07-12-2011,63.35,65.1,63.34,64.44
05-12-2011,62.36,63.93,62.36,63.38
02-12-2011,62.18,63.44,61.75,63.04
01-12-2011,62.18,63.15,61.7,61.91
30-11-2011,61.79,61.89,60.74,61.24
29-11-2011,61.85,62.39,61.7,61.87
28-11-2011,61.5,62.95,61.5,62.69
25-11-2011,61.21,61.99,61.02,61.6
24-11-2011,61.38,62.13,60.07,61.69
23-11-2011,62.76,63.52,62.28,62.99
22-11-2011,62.86,63.64,62.23,62.73
21-11-2011,63.64,63.64,63.06,63.11
18-11-2011,62.67,63.63,61.33,63.08
17-11-2011,64.12,64.12,62.66,62.84
16-11-2011,63.14,64.12,61.7,62.68
15-11-2011,62.3,63.64,61.5,62.68
14-11-2011,66.87,66.87,62.4,63.03
11-11-2011,67.05,67.36,63.69,64.92
09-11-2011,66.86,68.01,66.86,67.31
08-11-2011,68.01,68.98,67.17,67.68
04-11-2011,69.08,69.47,67.59,69.13
03-11-2011,66.94,69.08,66.94,68.41
02-11-2011,67.04,67.33,66.19,66.94
01-11-2011,66.08,67.43,66.08,67.14
31-10-2011,67.33,68.01,66.27,66.55
28-10-2011,66.06,69.45,65.98,67.67
25-10-2011,62.28,65.42,62.08,64.9
24-10-2011,64.23,64.61,62.57,62.9
21-10-2011,65.59,65.61,63.54,64.23
20-10-2011,66.31,66.94,64.83,65.14
19-10-2011,66.55,67.88,65.39,65.86
18-10-2011,65.48,66.75,64.37,65.51
17-10-2011,65.29,67.72,64.9,66.99
14-10-2011,63.15,65.58,63.15,65.17
13-10-2011,64.22,64.8,63.25,63.6
12-10-2011,62.18,64.03,62.18,63.91
11-10-2011,62.21,62.96,62.08,62.34
10-10-2011,61.11,61.88,60.55,61.63
07-10-2011,60.73,62.18,60.72,61.19
05-10-2011,61.52,61.68,59.87,60.49
04-10-2011,62.38,63.35,61.02,61.78
03-10-2011,60.72,62.18,60.72,62.03
30-09-2011,62.4,62.46,61.05,61.67
29-09-2011,60.84,62.67,60.53,61.41
28-09-2011,62.38,62.75,60.83,61.52
27-09-2011,62.18,62.76,61.47,61.83
26-09-2011,64.11,64.11,60.72,61.97
23-09-2011,60.92,64.71,60.43,63.52
22-09-2011,62.62,62.96,60.72,61.06
21-09-2011,63.15,63.54,61.89,62.74
20-09-2011,61.75,63.04,61.51,61.95
19-09-2011,62.17,62.94,61.54,62.28
16-09-2011,61.21,61.99,60.83,61.21
15-09-2011,62.17,62.17,61.21,61.39
14-09-2011,61.88,62.38,61.31,61.44
13-09-2011,63.81,63.82,60.8,61.65
12-09-2011,63.15,63.54,61.71,62.52
09-09-2011,61.23,64.8,61.23,63.43
08-09-2011,61.21,61.8,60.43,61.51
07-09-2011,60.05,62.56,60.05,61.14
06-09-2011,60.71,61.11,59.19,60.76
05-09-2011,60.72,61.11,59.57,60.71
02-09-2011,60.72,61.91,59.07,61.1
30-08-2011,59.85,61.21,57.71,59.78
29-08-2011,60.82,62.37,58.6,59.45
26-08-2011,60.43,62.96,59.85,60.45
25-08-2011,62.68,62.68,61.21,61.4
24-08-2011,65,65.29,61.5,62.13
23-08-2011,61.99,64.12,61.11,63.93
22-08-2011,62.65,62.65,60.74,61.95
19-08-2011,64.61,64.9,61.02,61.95
18-08-2011,68.21,68.21,63.83,65.43
17-08-2011,68.98,69.66,66.3,67.34
16-08-2011,68.98,69.46,67.06,68.15
12-08-2011,69.07,70.42,66.09,68.83
11-08-2011,65.19,68.69,65.19,66.75
10-08-2011,65.2,68.01,65.2,67.81
09-08-2011,64.61,66.92,62.58,65.19
08-08-2011,64.61,66.54,63.15,65.89
05-08-2011,65.19,67.72,63.25,67.02
04-08-2011,67.04,68.46,66.07,66.28
03-08-2011,66.08,69.06,65.39,66.94
02-08-2011,67.43,69.45,67.43,69.17
01-08-2011,68.02,69.57,67.33,69
29-07-2011,66.08,68.46,66.08,68.07
28-07-2011,68.5,69.47,67.04,67.33
27-07-2011,68.59,70.32,68.02,68.51
26-07-2011,69.91,71.68,68.12,68.59
25-07-2011,71.35,71.35,69.86,70.48
22-07-2011,69.95,71,69.27,70.65
21-07-2011,70.93,70.93,68.21,69.16
20-07-2011,72.82,73.33,69.47,70.66
19-07-2011,70.27,75.78,69.77,71.73
18-07-2011,70.05,70.72,69.66,70.08
15-07-2011,68.74,70.25,67.14,69.71
14-07-2011,66.55,69.57,66.07,68.73
13-07-2011,61.7,70.79,61.7,66.55
12-07-2011,60.26,61.79,59.85,61.38
11-07-2011,61.02,62.18,61.02,62.12
08-07-2011,62.38,62.64,61.02,61.83
07-07-2011,60.26,62.57,60.26,62.22
06-07-2011,59.37,61.06,59.37,60.86
05-07-2011,61.11,62.67,59.66,60.1
04-07-2011,60.34,61.7,60.34,61.07
01-07-2011,60.72,62.08,57.82,60.32
30-06-2011,58.49,60.14,58.49,59.26
29-06-2011,58.29,60.14,56.37,59.89
28-06-2011,57.34,59.41,57.34,58.83
27-06-2011,55.4,58.48,55.4,58.09
24-06-2011,54.61,57.29,54.61,56.37
23-06-2011,54.53,55.57,54.43,55.37
22-06-2011,55.96,56.91,54.63,55
21-06-2011,55.57,57.13,55.57,56.19
20-06-2011,55.38,56.55,53.81,55.56
17-06-2011,57.61,57.61,56.06,56.71
16-06-2011,58.68,63.06,55.63,56.46
15-06-2011,59.46,60.53,58.11,58.46
14-06-2011,60.72,61.11,60.23,60.44
13-06-2011,59.85,61,59.85,60.72
10-06-2011,62.36,62.98,60.1,60.45
09-06-2011,62.16,62.86,61.21,61.32
08-06-2011,58.68,62.67,58.68,61.75
07-06-2011,58.68,60.62,58.68,60.16
06-06-2011,60.24,62.28,59.4,59.66
03-06-2011,60.74,61.97,60.24,60.72
02-06-2011,60.72,62.07,60.24,61.55
01-06-2011,59.95,61.84,59.85,61.39
31-05-2011,59.75,60.04,59.46,59.92
30-05-2011,59.37,60.82,59.37,59.61
27-05-2011,56.84,64.8,56.84,61.28
26-05-2011,57.61,59.01,57.15,57.85
25-05-2011,57.61,60.14,57.32,57.81
24-05-2011,58.3,60.24,58,58.41
23-05-2011,61.69,61.69,58.39,59.1
20-05-2011,60.48,61.79,60,60.2
19-05-2011,61.65,63.08,59.76,60.48
18-05-2011,61.7,63.54,59.38,61.57
17-05-2011,61.43,63.03,59.8,60.64
16-05-2011,61.21,62.41,61.21,62.01
13-05-2011,60.34,62.65,60.34,62.28
12-05-2011,58.83,63.3,58.83,62.33
11-05-2011,61.51,62.47,60.92,61.33
10-05-2011,62.23,63.45,60.88,61.79
09-05-2011,61.02,62.36,61.02,62.22
06-05-2011,59.58,62.57,59.56,60.8
05-05-2011,60.53,62.16,59.61,60.37
04-05-2011,63.97,65.1,61.7,61.95
03-05-2011,66.31,67.14,62.86,63.37
02-05-2011,67.14,68.21,66.55,67.16
29-04-2011,69.08,69.95,67.24,67.96
28-04-2011,68.21,68.98,68.21,68.85
27-04-2011,68.3,69.06,68.28,68.79
26-04-2011,68.22,68.87,67.89,68.45
25-04-2011,68.86,69.46,68.3,68.57
21-04-2011,68.01,69.35,68.01,69.1
20-04-2011,69.08,69.36,68.5,68.83
19-04-2011,67.56,68.87,67.53,68.44
18-04-2011,69.47,69.95,67.82,68.01
15-04-2011,69.67,70.27,69.23,69.56
13-04-2011,69.38,70.84,69.29,69.9
11-04-2011,69.38,70.12,69.38,69.5
08-04-2011,69.36,70.13,69.36,70.04
07-04-2011,68.44,70.44,68.22,69.66
06-04-2011,69.32,70.25,69.32,69.76
05-04-2011,70.05,70.44,68.65,69.04
04-04-2011,66.07,70.44,66.07,70.09
01-04-2011,68.11,68.87,66.16,67.95
31-03-2011,68.5,70.91,67.14,68
30-03-2011,67.72,70.31,67.04,68.84
29-03-2011,64.61,68.01,64.61,67.4
28-03-2011,62.76,64.88,62.74,64.62
25-03-2011,63.25,63.35,61.86,62.94
24-03-2011,61.83,63.74,61.83,62.05
23-03-2011,60.35,63.03,60.35,62.39
22-03-2011,61.7,63.06,61.26,61.36
21-03-2011,63,63.05,61.03,61.14
18-03-2011,63.39,63.39,61.02,61.49
17-03-2011,62.19,63.54,62.19,62.97
16-03-2011,62.29,64.31,62.29,62.83
15-03-2011,63.83,64.01,62.2,62.78
14-03-2011,64.12,65.39,63.75,64.55
11-03-2011,63.16,64.97,61.71,64.08
10-03-2011,61.72,64.8,61.72,64.45
09-03-2011,61.23,63.83,61.23,62.72
08-03-2011,61.11,63.25,60.63,61.4
07-03-2011,58.43,61.21,58.43,60.86
04-03-2011,60.15,62.72,59.37,61.83
03-03-2011,60.71,63.8,59.36,59.98
01-03-2011,60.34,60.63,58.99,60.01
28-02-2011,57.61,60.82,56.45,59.72
25-02-2011,59.36,59.36,56.22,56.39
24-02-2011,59.95,60.22,57.49,58.77
23-02-2011,63.15,63.25,59.56,60.19
22-02-2011,61.7,63.44,60.63,63.03
21-02-2011,60.34,61.7,59.66,61.56
18-02-2011,60.25,65.1,60.24,61.23
17-02-2011,59.27,59.94,58.78,59.8
16-02-2011,59.85,59.95,57.47,58.35
15-02-2011,59.78,60.24,58.39,59.42
14-02-2011,59.27,60.53,58.39,59.66
11-02-2011,54.93,60.67,54.8,58.3
10-02-2011,57.61,57.61,53.06,54.9
09-02-2011,55.78,57.7,55.77,57.35
08-02-2011,57.34,57.91,56.45,57.23
07-02-2011,57.33,58.2,56.36,57.82
04-02-2011,58.59,61,56.35,57.39
03-02-2011,54.67,58.68,52.08,58.26
02-02-2011,55.77,55.77,52.09,52.89
01-02-2011,57.23,58.98,53.93,54.54
31-01-2011,57.32,59.27,54.56,57.08
28-01-2011,59.27,59.27,55.97,57.46
27-01-2011,60.24,60.92,59.2,59.37
25-01-2011,63.35,63.64,60.04,60.31
24-01-2011,61.33,62.67,60.92,62.33
21-01-2011,61.11,61.69,60.87,61.15
20-01-2011,60.04,61.99,58.79,60.47
19-01-2011,63.93,64.59,60.93,61.3
18-01-2011,61.7,64.51,60.53,63.3
17-01-2011,60.83,62.67,60.24,61.6
14-01-2011,61.46,62.92,59.84,61.5
13-01-2011,61.99,63.15,61.42,62.19
12-01-2011,61.73,62.67,61.73,62.58
11-01-2011,61.31,63.15,61.31,61.76
10-01-2011,63.16,65.78,60.25,62.55
07-01-2011,66.55,67.04,63.64,64.09
06-01-2011,68.89,69.47,66.56,66.92
05-01-2011,67.33,68.97,67.33,67.77
04-01-2011,68.5,71.31,67.63,68.05
03-01-2011,69.83,69.83,68.34,68.47
31-12-2010,68.4,68.69,68,68.36
30-12-2010,68.49,68.5,68.01,68.39
29-12-2010,68.5,68.89,66.89,67.92
28-12-2010,68.01,68.96,67.54,68.01
27-12-2010,68.02,68.89,66.57,66.95
24-12-2010,67.08,68.3,66.85,67.33
23-12-2010,67.33,68.3,66.41,68.15
22-12-2010,66.36,67.51,66.07,66.23
21-12-2010,66.55,67.82,65.88,66.48
20-12-2010,66.65,67.91,65.58,66.85
16-12-2010,67.72,67.72,66.27,66.85
15-12-2010,67.23,68.01,66.2,67.09
14-12-2010,68.4,68.95,66.36,68.55
13-12-2010,66.77,68.89,64.34,67.88
10-12-2010,67.02,67.91,61.4,66.79
09-12-2010,67.03,67.03,62.08,64.22
08-12-2010,65.58,66.16,64.12,65.1
07-12-2010,70.83,70.83,64.61,65.27
06-12-2010,70.44,70.73,68.5,68.71
03-12-2010,72.09,72.09,68.98,69.95
02-12-2010,69.76,72.67,69.22,72.08
01-12-2010,68.98,71.1,68.98,69.3
30-11-2010,68.59,69.94,67.62,68.73
29-11-2010,70.94,70.94,65.7,69.33
26-11-2010,70.83,72.09,63.15,70.94
25-11-2010,73.94,73.94,70.44,71.38
24-11-2010,73.55,75.25,73.35,73.7
23-11-2010,74.33,75.01,73.16,74.25
22-11-2010,73.84,75.39,73.06,74.21
19-11-2010,74.81,76.45,72.88,74
18-11-2010,77.53,77.53,71.51,75.04
16-11-2010,75.79,77.23,72.98,75.65
15-11-2010,75.59,77.72,75.59,75.93
12-11-2010,77.33,77.53,75.31,76.05
11-11-2010,78.89,79.09,76.37,77.33
10-11-2010,78.7,80.05,78.5,78.69
09-11-2010,78.02,80.45,78.02,79.26
08-11-2010,78.89,79.38,77.88,78.62
05-11-2010,78.89,79.67,78.21,78.88
04-11-2010,76.32,78.87,76.32,78.73
03-11-2010,78.7,79.54,77.24,77.65
02-11-2010,78.21,81.42,77.63,78.35
01-11-2010,76.76,77.82,75.93,77.59
29-10-2010,74.66,76.76,71.88,75.24
28-10-2010,74.91,75.78,74.82,74.87
27-10-2010,76.19,76.74,74.81,75.53
26-10-2010,76.56,77.52,75.32,76.17
25-10-2010,75.01,77.46,74.81,76.87
22-10-2010,75.49,75.49,74.81,75.09
21-10-2010,74.81,75.2,74.62,74.97
20-10-2010,73.84,75.3,73.55,74.4
19-10-2010,75.3,75.3,72.58,72.99
18-10-2010,77.63,77.63,72.38,73.84
15-10-2010,77.24,78.31,75.98,76.26
14-10-2010,77.53,78.41,77.53,78.25
13-10-2010,76.85,78.21,76.85,77.49
12-10-2010,75.99,78.11,75.99,77.55
11-10-2010,76.03,77.53,76.03,77.11
08-10-2010,75.78,77.63,75.45,75.71
07-10-2010,76.85,78.41,75.61,76.16
06-10-2010,78.89,78.89,75.1,77.67
05-10-2010,75.31,76.56,75.01,75.69
04-10-2010,76.56,77.24,75.3,76.11
01-10-2010,74.13,77.46,73.86,75.29
30-09-2010,75.3,76.12,74.45,75.16
29-09-2010,75.78,78.21,74.81,75.26
28-09-2010,75.35,78.8,73.84,77.1
27-09-2010,73.96,78.19,73.96,77.07
24-09-2010,73.65,76.26,73.65,75.37
23-09-2010,73.94,75.59,73.94,74.81
22-09-2010,75.59,75.78,73.47,75.2
21-09-2010,77.62,78.6,68.98,75.08
20-09-2010,76.66,79.6,76.66,77.62
17-09-2010,77.24,79.11,75.98,76.54
16-09-2010,73.85,79.45,71.61,75.79
15-09-2010,73.72,74.81,72.48,73.82
14-09-2010,74.7,74.7,72.87,73.42
13-09-2010,74.42,75.59,73.08,74.05
09-09-2010,72.87,76.64,72.87,74.05
08-09-2010,71.68,74.33,70.95,72.63
07-09-2010,67.62,75.88,66.19,71.81
06-09-2010,64.12,67.91,63.83,67.55
03-09-2010,63.06,64.61,62.52,63.66
02-09-2010,61.21,64.22,61.04,62.52
01-09-2010,58.91,61.69,58.91,61.01
31-08-2010,57.53,60.71,57.53,59.6
30-08-2010,60.14,61.5,58.78,59.36
27-08-2010,62.47,63.15,59.46,59.91
26-08-2010,60.04,62.67,59.27,62.15
25-08-2010,62.06,62.06,58.51,60.2
24-08-2010,62.77,63.64,60.39,61.36
23-08-2010,62.38,64.61,61.42,62.58
20-08-2010,58.79,62.66,58.68,61.7
19-08-2010,59.75,61.16,59.07,59.67
18-08-2010,60.43,60.63,58.88,59.4
17-08-2010,58.88,61.38,58.3,59.46
16-08-2010,58.98,61.67,57.34,59.72
13-08-2010,59.66,59.93,58.01,58.32
12-08-2010,57.09,59.94,57.09,59.35
11-08-2010,58.3,60.63,58.13,59.03
10-08-2010,59.46,59.75,57.81,58.58
09-08-2010,57.81,60.63,57.64,59.24
06-08-2010,55.48,58.2,55.48,57.26
05-08-2010,56.74,56.74,55.87,56.04
04-08-2010,56.06,56.74,54.42,56.39
03-08-2010,56.25,56.74,55,55.33
02-08-2010,55.96,57.13,53.65,55.83
30-07-2010,54.61,56.21,53.63,55.28
29-07-2010,52.96,55.19,52.96,54.79
28-07-2010,53.44,55.77,52.01,53.61
27-07-2010,52.63,53.63,51.75,53.2
26-07-2010,47.96,53.43,47.96,52.56
23-07-2010,53.33,53.33,50.73,51.15
22-07-2010,53.91,54.74,52.08,52.22
21-07-2010,52.76,54.2,52.27,53.45
20-07-2010,53.78,54.12,51.2,52.66
19-07-2010,48.93,54.39,48.93,53.42
16-07-2010,51.52,54.02,51.34,52.92
15-07-2010,52.01,52.15,51.01,51.52
14-07-2010,52.46,53.44,51.02,52.01
13-07-2010,50.04,52.27,50.04,51.87
12-07-2010,49.75,52.41,49.56,49.91
09-07-2010,49.21,50.81,48.88,49.56
08-07-2010,49.36,49.55,48.48,49.23
07-07-2010,50.04,50.04,48.38,49.06
06-07-2010,48.47,49.45,47.81,48.94
05-07-2010,46.11,49.92,45.77,47.94
02-07-2010,44.94,47.1,44.56,45.99
01-07-2010,45.66,46.04,44.6,44.97
30-06-2010,44.69,46.15,44.69,46.13
29-06-2010,46.05,46.15,44.9,45.19
28-06-2010,45.96,46.15,45.38,45.74
25-06-2010,46.15,46.64,45.73,46.13
24-06-2010,46.15,46.15,46.07,46.15
23-06-2010,45.86,46.15,45.86,46.13
22-06-2010,46.14,46.18,45.96,46.15
21-06-2010,46.15,46.25,45.96,46.15
18-06-2010,45.66,46.15,45.57,46.14
17-06-2010,46.15,46.24,45.28,46.15
16-06-2010,46.63,46.63,45.76,46.13
15-06-2010,45.66,46.44,45.37,46.18
14-06-2010,46.13,46.13,45.01,45.48
11-06-2010,46.34,46.64,45.08,45.17
10-06-2010,46.43,46.43,45.59,46.15
09-06-2010,45.11,47.02,45.11,46.12
08-06-2010,44.74,46.14,44.21,44.46
07-06-2010,47.63,47.63,44.69,44.75
04-06-2010,45.39,46.43,44.7,46.14
03-06-2010,45.86,46.15,44.7,45.34
02-06-2010,45.18,46.15,45.18,45.72
01-06-2010,45.18,46.07,44.6,45.65
31-05-2010,44.8,44.97,43.25,44.34
28-05-2010,45.66,45.95,43.54,44.98
27-05-2010,44.4,45.08,42.99,44.82
26-05-2010,41.68,44.35,41.68,43.8
25-05-2010,42.85,43.43,40.83,42.1
24-05-2010,45.33,46.34,42.8,43.9
21-05-2010,45.65,46.25,44.45,46.13
20-05-2010,46.15,47.12,44.79,45.88
19-05-2010,46.93,46.93,44.39,46.04
18-05-2010,48.58,49.07,46.64,46.93
17-05-2010,46.86,49.55,46.15,47.99
14-05-2010,46.83,49.07,45.77,47.82
13-05-2010,42.74,47.21,42.26,46.21
12-05-2010,42.26,43.53,41.98,42.54
11-05-2010,42.99,43.67,41.11,41.71
10-05-2010,40.33,44.19,40.33,42.35
07-05-2010,39.83,41.72,38.96,41.33
06-05-2010,43.04,43.45,41.62,41.98
05-05-2010,40.32,47.63,39.93,42.98
04-05-2010,41.88,42.35,40.9,41.16
03-05-2010,41.66,42.56,38.46,41.37
30-04-2010,41.87,43.33,40.82,41.66
29-04-2010,39.84,41.49,39.84,41.35
28-04-2010,40.32,41.53,39.74,40.86
27-04-2010,39.87,41.19,39.29,40.76
26-04-2010,39.64,40.22,38.98,39.69
23-04-2010,39.25,39.74,38.49,39.47
22-04-2010,38.86,39.32,37.99,39.15
21-04-2010,37.86,39.13,37.11,38.84
20-04-2010,36.63,38.81,36.63,37.49
19-04-2010,35.51,37.1,34.01,36.42
16-04-2010,33.13,36.24,33.13,35.8
15-04-2010,34.49,34.49,33.43,33.54
13-04-2010,34.02,35.26,33.34,34.33
12-04-2010,32.93,34.49,32.75,34.26
09-04-2010,32.84,33.13,32.07,32.71
08-04-2010,32.2,32.75,32.2,32.46
07-04-2010,32.52,32.74,32.15,32.63
06-04-2010,32.55,32.82,31.63,32.2
05-04-2010,31.75,32.35,31.35,32.03
01-04-2010,30.8,31.77,30.8,31.64
31-03-2010,31.48,31.58,30.76,31.12
30-03-2010,30.9,31.87,30.77,31.43
29-03-2010,30.65,31.95,30.31,30.64
26-03-2010,29.73,31.16,29.58,30.44
25-03-2010,29.63,29.63,29.44,29.6
23-03-2010,30.7,30.7,29.64,29.8
22-03-2010,29.73,30.51,29.73,30.18
19-03-2010,30.31,30.85,30.22,30.23
18-03-2010,31.58,31.58,30.22,30.36
17-03-2010,30.99,30.99,30.15,30.44
16-03-2010,30.38,30.87,29.98,30.29
15-03-2010,30.63,31.21,30.12,30.4
12-03-2010,30.6,31.33,30.31,31.07
11-03-2010,31.15,31.44,30.12,30.38
10-03-2010,31.38,31.66,30.91,31.21
09-03-2010,31.46,31.58,30.65,31.33
08-03-2010,31.77,32.06,31.1,31.17
05-03-2010,31.56,31.58,30.62,31.31
04-03-2010,31.2,31.51,30.9,31.09
03-03-2010,31.58,31.67,30.6,31.21
02-03-2010,29.34,31.46,29.34,30.57
26-02-2010,27.47,30.6,27.47,29.18
25-02-2010,28.47,29.05,27.51,27.7
24-02-2010,28.82,28.86,28.19,28.36
23-02-2010,28.48,29.05,28.48,28.92
22-02-2010,30.12,30.12,28.61,28.72
19-02-2010,29.06,29.73,28.67,28.92
18-02-2010,30.12,30.41,28.96,29.27
17-02-2010,29.15,32.69,28.76,30.09
16-02-2010,28.19,28.47,27.72,28.27
15-02-2010,28.64,29.04,27.7,28
11-02-2010,28.53,29.04,28.18,28.35
10-02-2010,28.56,29.63,28.4,28.58
09-02-2010,28.32,30.02,28.18,28.8
08-02-2010,28.33,28.86,27.99,28.22
05-02-2010,28.52,29.34,28.37,28.57
04-02-2010,29.35,29.62,28.95,29.06
03-02-2010,30.5,30.5,28.96,29.55
02-02-2010,33.81,33.81,29.15,29.34
01-02-2010,30.2,30.31,29.95,30.09
29-01-2010,30.17,30.6,29.54,29.97
28-01-2010,30.71,31.58,29.63,30.88
27-01-2010,31.58,31.74,30.6,30.8
25-01-2010,30.7,32.6,30.7,31.75
22-01-2010,31.59,32.92,29.74,32
21-01-2010,33.61,33.61,31.77,31.97
20-01-2010,33.71,33.71,32.55,32.96
19-01-2010,33.81,34.39,32.65,32.95
18-01-2010,33.31,34.37,32.55,33.95
15-01-2010,32.16,33.13,32.16,32.94
14-01-2010,32.07,33.23,32.07,32.62
13-01-2010,33.75,34.15,31.48,31.77
12-01-2010,35.66,36.67,32.67,33.54
11-01-2010,34.59,34.98,34.15,34.85
08-01-2010,33.43,34.88,33.27,33.99
07-01-2010,34,34,32.94,33.38
06-01-2010,33.13,34.1,32.57,33.59
05-01-2010,34.01,34.07,32.65,33.11
04-01-2010,32.32,33.51,32.32,33.34
31-12-2009,32.06,32.45,31.78,32.06
30-12-2009,31.59,32.15,31.13,32.05
29-12-2009,31.09,31.67,31.06,31.57
24-12-2009,30.99,31.38,30.6,31.1
23-12-2009,30.7,30.99,30.61,30.93
22-12-2009,30.22,30.9,30.22,30.6
21-12-2009,30.22,31.08,28.96,30.29
18-12-2009,29.24,30.41,28.96,29.86
17-12-2009,28.81,29.63,28.81,29.2
16-12-2009,28.39,29.44,27.59,29.14
15-12-2009,28.95,29.63,28.52,28.84
14-12-2009,29.83,30.12,28.77,29.28
11-12-2009,30.12,30.6,29.63,29.71
10-12-2009,29.4,30.12,29.4,30.04
09-12-2009,29.34,30.12,28.67,29.61
08-12-2009,29.69,30.45,29.69,29.82
07-12-2009,30.31,31.29,29.92,30.06
04-12-2009,29.15,30.37,29.15,29.94
03-12-2009,28.3,29.54,28.3,29.39
02-12-2009,28.75,28.86,28.27,28.55
01-12-2009,28.75,28.75,28.12,28.51
30-11-2009,28.08,28.56,27.21,28.02
27-11-2009,27.3,28.03,26.72,27.59
26-11-2009,27.41,28.56,27.41,28.29
25-11-2009,28.12,28.56,27.45,27.64
24-11-2009,28.37,28.76,27.79,27.99
23-11-2009,29.24,29.44,28.56,28.76
20-11-2009,27.01,31.09,27.01,28.83
19-11-2009,29.11,30.02,27.81,28.05
18-11-2009,29.99,29.99,28.39,29.11
17-11-2009,26.83,29.83,26.83,29.17
16-11-2009,26.7,27.79,25.84,27.22
13-11-2009,25.64,26.71,25.38,26.24
12-11-2009,25.84,26.04,25.36,25.5
11-11-2009,30.34,30.34,25.17,25.74
10-11-2009,25.8,25.84,25.08,25.56
09-11-2009,25.31,25.75,25.31,25.52
06-11-2009,25.27,25.75,25.07,25.25
05-11-2009,25.28,25.6,24.89,25.05
04-11-2009,25.93,26.03,25,25.34
03-11-2009,24.6,26.12,24.6,25.39
30-10-2009,26.14,26.71,24.48,25.02
29-10-2009,25.16,26.04,24.05,25.34
28-10-2009,24.49,26.86,24.49,25.48
27-10-2009,26.35,26.91,25.36,26.5
26-10-2009,26.14,28.17,25.59,26.52
23-10-2009,27.59,27.69,25.56,25.81
22-10-2009,27.58,27.64,26.63,27.02
21-10-2009,27.69,28.46,26.72,27.38
20-10-2009,29.15,29.42,27.53,27.79
16-10-2009,30.12,30.12,28.47,28.79
15-10-2009,31.77,32.67,29.09,29.88
14-10-2009,28.16,32.53,27.6,31.62
12-10-2009,27.59,28.42,27.3,27.66
09-10-2009,27.39,27.95,26.33,26.9
08-10-2009,27.59,27.87,26.53,26.96
07-10-2009,26.62,28.86,26.44,27.15
06-10-2009,27.88,27.88,25.46,26.18
05-10-2009,25.52,28.63,25.52,27.18
01-10-2009,23.31,27.89,23.31,27.83
30-09-2009,21.62,23.51,21.62,23.24
29-09-2009,22.15,22.63,21.57,22.42
25-09-2009,21.28,21.93,21.28,21.57
24-09-2009,21.08,21.96,21.08,21.64
23-09-2009,22.44,22.81,20.94,21.36
22-09-2009,22.54,23.31,21.86,22.02
18-09-2009,22.59,22.59,21.47,22.09
17-09-2009,21.2,23.8,21.2,22.53
16-09-2009,21.47,21.96,20.62,21.16
15-09-2009,20.21,21.76,20.21,21.43
14-09-2009,19.92,20.6,19.92,20.38
11-09-2009,20.74,20.88,19.49,20.13
10-09-2009,21.53,21.71,19.63,20.06
09-09-2009,21.69,22.15,21.03,21.27
08-09-2009,22.33,22.35,21.86,22.07
07-09-2009,22.44,22.44,21.87,22.09
04-09-2009,22.44,23.22,21.87,22.05
03-09-2009,20.99,22.74,20.99,21.75
02-09-2009,21.47,22.25,20.01,21.18
