Date,BANKBARODA-EQ O,BANKBARODA-EQ H,BANKBARODA-EQ L,BANKBARODA-EQ C
30-08-2019,92.3,93.55,89.1,92.6
29-08-2019,94,96,91.35,91.8
28-08-2019,97.2,97.65,93.75,94.5
27-08-2019,97,99.2,96.65,97.3
26-08-2019,99.9,99.9,91.5,95.05
23-08-2019,90.75,94.6,89.9,93.5
22-08-2019,94.3,95,89.65,90.65
21-08-2019,98.7,99.7,93.3,94.85
20-08-2019,102.25,102.25,97.85,98.7
19-08-2019,102.7,103.2,101.15,102.6
16-08-2019,100.05,103.25,99.45,102.45
14-08-2019,98.35,101.5,98.1,101.1
13-08-2019,100,102.4,97.1,98.1
09-08-2019,100.75,101.7,98.7,99.85
08-08-2019,98.45,101.1,96.5,100.05
07-08-2019,104.4,105.75,97.05,97.6
06-08-2019,102,105.2,101.85,104.2
05-08-2019,104.2,104.2,99.2,103.15
02-08-2019,104.6,107,102.9,104.9
01-08-2019,105,107.15,102.8,105.55
31-07-2019,102.35,107.4,101.7,106.7
30-07-2019,109.1,109.9,101.35,102.65
29-07-2019,112.5,112.85,108.6,109
26-07-2019,112,114.2,110,112.55
25-07-2019,110.4,111.1,108.3,109.55
24-07-2019,112.6,113.75,109.2,110.2
23-07-2019,118.8,119.15,112.05,112.5
22-07-2019,118,119.35,115.85,118.35
19-07-2019,122.25,122.7,116.85,118
18-07-2019,127.35,127.35,121.05,121.35
17-07-2019,124.2,128.4,123.25,127.3
16-07-2019,121,124.7,120.5,124.2
15-07-2019,125.5,125.7,121.65,122
12-07-2019,125.95,127.3,124.95,125.95
11-07-2019,125,126.5,123.9,126
10-07-2019,126.75,127.25,123.7,124.25
09-07-2019,123.9,126.4,122.75,125.9
08-07-2019,130.2,130.9,123.1,124.65
05-07-2019,130,132.85,127.2,130.45
04-07-2019,126,131,126,129.4
03-07-2019,120.9,126.15,119.55,125.5
02-07-2019,121.7,121.95,120.1,120.5
01-07-2019,122.9,123,119.85,121.25
28-06-2019,121,125.6,120.5,121.6
27-06-2019,122,123,120.25,121.4
26-06-2019,119.65,121.8,119.15,121.45
25-06-2019,118.2,120.4,117.7,120
24-06-2019,118.35,119.95,117.4,118.25
21-06-2019,118.6,119.45,117.2,118.05
20-06-2019,116.2,119,115.25,118.5
19-06-2019,118,119.2,114.3,115.8
18-06-2019,117.3,118.4,115.1,116.5
17-06-2019,119.35,119.45,116.05,116.6
14-06-2019,121.3,121.85,118.1,119.1
13-06-2019,121.25,122,117.1,121.05
12-06-2019,121.3,122.45,119.95,121.3
11-06-2019,119,122,117.55,121.3
10-06-2019,123.3,124.6,117.3,117.95
07-06-2019,123,124.8,120.35,121.3
06-06-2019,132.95,132.95,122.25,124.35
04-06-2019,131.6,135.1,130.7,132.6
03-06-2019,133.9,133.9,129.2,131.55
31-05-2019,137,138.15,130,133.25
30-05-2019,136,137.75,134.25,135.1
29-05-2019,139.05,139.1,135.7,136.35
28-05-2019,140.75,143.5,136.8,139.8
27-05-2019,137.3,141.7,136.4,140.95
24-05-2019,129.4,138.4,128.65,137.35
23-05-2019,129,144,126.55,127.55
22-05-2019,126.7,128,124.95,126.15
21-05-2019,123.2,127.3,122,125.8
20-05-2019,117.9,124.7,115.2,122.9
17-05-2019,109.75,113.15,107.7,112.25
16-05-2019,108.15,110.4,105.8,109.8
15-05-2019,110.3,110.3,107,107.8
14-05-2019,106.8,110.85,104.25,109.8
13-05-2019,113.2,113.45,104.8,105.8
10-05-2019,112.3,114.95,110.75,113.65
09-05-2019,111.15,112.65,109.9,111.35
08-05-2019,112.6,113.85,110.25,110.95
07-05-2019,117,117.45,112,112.55
06-05-2019,117,118.6,115.55,116
03-05-2019,117.05,120.45,116.5,119.05
02-05-2019,116,117.95,114.85,115.9
30-04-2019,123,123,113.75,116.65
26-04-2019,123.2,124,121.65,123.25
25-04-2019,125.2,125.75,121.5,122
24-04-2019,123.9,125.45,122.7,125.1
23-04-2019,123.8,126.7,122.7,123.1
22-04-2019,126.05,126.4,123.15,123.8
18-04-2019,130.85,131.05,125.75,126.55
16-04-2019,131.1,131.55,130,130.9
15-04-2019,131.4,132.2,129.8,130.75
12-04-2019,128.7,132,127.9,131.15
11-04-2019,129.55,130.2,127.7,128.7
10-04-2019,131.95,132.7,129.1,129.7
09-04-2019,130.4,132.65,127.75,132.05
08-04-2019,131.3,134.4,129.35,130
05-04-2019,131.95,132.85,128.8,130.6
04-04-2019,133.2,134,130.2,131.2
03-04-2019,134.4,137.15,131.35,132.05
02-04-2019,133.7,135.4,130.8,133.2
01-04-2019,133,137.3,130.25,132.7
29-03-2019,130.95,133.1,127.65,128.65
28-03-2019,121.75,131.4,121.55,130.1
27-03-2019,122.4,123.45,120.3,121.55
26-03-2019,119.1,122.15,118.75,120.8
25-03-2019,118.9,118.9,116.4,118.2
22-03-2019,126.05,126.95,119.3,120.1
20-03-2019,125.15,127.15,123.1,125.2
19-03-2019,121.2,125.85,121.05,124.4
18-03-2019,118.25,121.4,117.9,120.55
15-03-2019,116.4,119.85,116,118.15
14-03-2019,116,117.9,114.4,116.55
13-03-2019,115.75,117.65,113.55,115.55
12-03-2019,116.95,117.8,114.45,115.35
11-03-2019,114.5,117.2,114.25,116.05
08-03-2019,115.65,116.85,113.05,113.6
07-03-2019,112,116.9,111.15,115.2
06-03-2019,112.5,113.55,111,112.1
05-03-2019,108.5,113.7,107.6,112.55
01-03-2019,102,108.8,101.6,108.1
28-02-2019,101.2,101.7,100.75,101
27-02-2019,101.75,103.6,100.3,101
26-02-2019,102.3,102.3,99.35,101.5
25-02-2019,102.75,103.75,102.5,102.9
22-02-2019,103.05,103.65,102.25,102.8
21-02-2019,104.5,104.55,102.5,103
20-02-2019,102.5,104.2,102,102.95
19-02-2019,99.8,104.3,99.3,102.45
18-02-2019,100.85,101.95,98.5,99.15
15-02-2019,104.25,104.45,100.3,100.85
14-02-2019,102.4,104.4,101.25,103.65
13-02-2019,103.4,104.5,102,102.4
12-02-2019,103.9,105.35,102.3,102.65
11-02-2019,104.7,104.85,102.9,103.9
08-02-2019,108,108.5,104.35,104.9
07-02-2019,109.4,110.3,108,108.9
06-02-2019,108.5,109.8,106,109.2
05-02-2019,110.3,111.2,107.2,107.95
04-02-2019,110.05,112.4,107.8,110.3
01-02-2019,113.45,114,109.2,111.1
31-01-2019,114.4,114.95,110.55,112.45
30-01-2019,116.5,118.3,112.3,113.7
29-01-2019,109.5,115.05,108.85,113.75
28-01-2019,111,112,107.65,109.15
25-01-2019,113.3,114.2,109.5,110.2
24-01-2019,112,114.8,111.45,113
23-01-2019,114,114.7,111.05,111.3
22-01-2019,116.45,116.85,113.4,113.8
21-01-2019,118.3,119.1,115.8,116.45
18-01-2019,119.2,119.9,117.55,118
17-01-2019,121.5,121.6,118.1,119.2
16-01-2019,121.1,123.25,120.8,121
15-01-2019,121.3,122.15,120.75,121.1
14-01-2019,120.95,123.1,120.1,120.95
11-01-2019,123.8,123.9,119.65,121.15
10-01-2019,122.5,124.15,121.85,123.45
09-01-2019,124.1,124.6,121.4,122.95
08-01-2019,122.9,124.15,121.7,123.85
07-01-2019,122.5,123.75,121.6,122.7
04-01-2019,120.4,122.4,118.5,121.7
03-01-2019,121.4,123.4,118.1,119.3
02-01-2019,123.5,124.45,118.2,119.35
01-01-2019,119.45,124,118.2,123.3
31-12-2018,119.25,119.95,118.2,118.8
28-12-2018,117.25,119.05,117.1,118.35
27-12-2018,119.2,119.4,115.8,116.4
26-12-2018,115,118.9,112.9,117.7
24-12-2018,116,116.8,114.6,115.4
21-12-2018,115,116.4,114.25,115.1
20-12-2018,115.4,116.85,113.8,114.9
19-12-2018,113,117.15,113,115.6
18-12-2018,111.1,113.9,110,112.45
17-12-2018,111.7,112.5,111.2,111.8
14-12-2018,111,113.1,110.8,111.4
13-12-2018,114.8,115.55,111.1,111.85
12-12-2018,110,114.65,109.4,113.4
11-12-2018,103.3,110,103.3,109.05
10-12-2018,102.4,106.9,102.4,105.95
07-12-2018,105.8,107,102.95,106.4
06-12-2018,106.65,107,104.65,105.25
05-12-2018,106.8,108.2,106.05,107.45
04-12-2018,107.1,109.55,106.3,107.85
03-12-2018,106.25,108.2,104.9,106.95
30-11-2018,105.5,106.65,103.7,105.05
29-11-2018,106,106.85,103.45,105
28-11-2018,109,110.25,103.6,104.75
27-11-2018,108.9,110.5,108.25,108.95
26-11-2018,110.6,111.15,107.1,108.9
22-11-2018,112.8,112.8,109.45,109.9
21-11-2018,111.1,113.45,110.5,112.2
20-11-2018,113.2,115.6,109.25,110.2
19-11-2018,116.4,118.4,114.35,115.35
16-11-2018,113.45,116.3,110.05,115.2
15-11-2018,112.9,114.45,111.15,112.8
14-11-2018,109.4,113.95,109.4,112.75
13-11-2018,108.9,109.25,106.4,108.7
12-11-2018,111.5,111.95,108.85,109.4
09-11-2018,111,113.25,110.4,111.5
07-11-2018,111.25,111.65,110.5,110.95
06-11-2018,112.25,112.65,109.85,110.45
05-11-2018,110,112.5,108.7,111.2
02-11-2018,108.9,113.45,108.4,109.9
01-11-2018,111.7,111.85,107.05,107.7
31-10-2018,114.7,114.75,109.85,110.65
30-10-2018,107.7,113.7,105.85,110
29-10-2018,99.1,107.7,98.2,107.1
26-10-2018,99.3,101.6,97.85,98.85
25-10-2018,101,102.8,97.9,98.45
24-10-2018,102.7,103.45,100.95,102.65
23-10-2018,101.4,103.65,100.95,101.7
22-10-2018,103.65,105.4,101.45,102.6
19-10-2018,98.9,103.2,97.5,102.4
17-10-2018,102.45,102.65,98.75,99.6
16-10-2018,97.55,101.2,97.4,100.25
15-10-2018,96.05,98.05,95.4,97.35
12-10-2018,96.9,97.75,94.8,96.5
11-10-2018,91.95,95.3,91,93.95
10-10-2018,93.75,96.8,92.8,95.6
09-10-2018,98.9,99.1,92.65,93.25
08-10-2018,100,100.5,95.3,97.5
05-10-2018,102.9,104.2,97.55,99.1
04-10-2018,101.5,105.35,100.35,103.35
03-10-2018,102.2,107.65,101.8,103.3
01-10-2018,99.4,105.25,95.4,104.4
28-09-2018,105.15,106.8,97.35,99.5
27-09-2018,108.5,109.7,103.8,104.35
26-09-2018,110.95,111.25,107.4,109.15
25-09-2018,107.7,110.45,104.55,109.45
24-09-2018,112.5,113,106.9,107.7
21-09-2018,117.5,119.4,105.85,111.45
19-09-2018,112,119,110.15,116.35
18-09-2018,121.75,126.45,111.85,113.1
17-09-2018,133.05,135.85,131,135.25
14-09-2018,135.75,136.65,134,134.4
12-09-2018,140.5,140.75,132.65,133.55
11-09-2018,148,149.35,139.35,140.5
10-09-2018,146.95,150,145.45,146.6
07-09-2018,146.65,148.5,144.7,148.05
06-09-2018,145.9,147.1,144.15,146.1
05-09-2018,145.4,146.55,140.5,144.55
04-09-2018,151.3,152.3,144.5,145.55
03-09-2018,153.95,156.5,150.9,151.7
31-08-2018,149.05,153.45,147.2,152.95
30-08-2018,147.4,151.2,145.65,150.15
29-08-2018,144.5,149.65,143.25,147.7
28-08-2018,151.3,151.3,142.65,143.85
27-08-2018,149,152.6,148.5,150.05
24-08-2018,148.45,151.7,146.65,147.4
23-08-2018,151.4,151.75,148.5,149.85
21-08-2018,153.4,155,150.2,150.9
20-08-2018,147,151.5,146.25,151
17-08-2018,143.85,147.75,142.95,146.2
16-08-2018,145.5,147.6,141.45,142.7
14-08-2018,147,148.65,145.55,146.3
13-08-2018,146,149.4,144.4,145.65
10-08-2018,153.75,155.5,147.6,148.3
09-08-2018,150.5,157.5,148.85,154.75
08-08-2018,146.3,149.8,146,148.6
07-08-2018,151,151.25,144.8,146.15
06-08-2018,150,152.15,149.4,150.55
03-08-2018,147.25,150.85,147.05,149.6
02-08-2018,147.95,149.8,146.2,147.25
01-08-2018,151.4,153.65,147.7,150.2
31-07-2018,152.15,155.7,148.3,153.35
30-07-2018,149,153.3,144.65,152.05
27-07-2018,138.9,140.9,135.4,137.85
26-07-2018,133.5,140.3,133,138.85
25-07-2018,132.55,134.9,130.5,131.8
24-07-2018,125.05,134.5,125.05,132.55
23-07-2018,120.5,127,119.2,126.3
20-07-2018,118.6,121.65,117.7,120.25
19-07-2018,118,122.95,114.7,120.05
18-07-2018,121,122.3,115.25,117.65
17-07-2018,112.8,121.8,111.9,120.8
16-07-2018,116.75,117.3,112,113.05
13-07-2018,119.7,119.7,114.05,117.4
12-07-2018,117.2,120.15,117.2,119.45
11-07-2018,119,119.2,115.5,116.2
10-07-2018,117.8,121.1,116.65,119.5
09-07-2018,117,117.7,115.2,117
06-07-2018,113.5,116.75,113.1,115.55
05-07-2018,113.7,114.5,112.55,113.25
04-07-2018,113,113.8,112.25,113.1
03-07-2018,113.6,114.65,111.8,113
02-07-2018,113.4,115.45,109.5,113.65
29-06-2018,114,115.15,112.15,112.65
28-06-2018,114.25,116.3,112.45,113
27-06-2018,118.05,118.05,113.6,115.15
26-06-2018,116.5,119.1,115,118.05
25-06-2018,121.45,122,116.5,116.8
22-06-2018,122.1,122.8,120.45,121.5
21-06-2018,125.7,125.9,121.5,122
20-06-2018,127.5,128.4,124.7,125.1
19-06-2018,129.9,131.75,127.25,127.85
18-06-2018,131,131.3,129.2,130.4
15-06-2018,134.85,136.15,130.35,131.3
14-06-2018,137.15,137.15,134.65,135.15
13-06-2018,133.95,138.25,133.75,136.75
12-06-2018,134,134.65,132.35,133.35
11-06-2018,133.15,136,132.15,133.7
08-06-2018,130.6,133.2,129.75,132.25
07-06-2018,131.25,133.65,129.6,131.4
06-06-2018,127,131.1,126.3,130.25
05-06-2018,131.9,132.85,126.45,127.75
04-06-2018,137.5,137.9,131,131.55
01-06-2018,137.65,138.5,134.75,136.95
31-05-2018,139.1,139.85,135.8,136.85
30-05-2018,138.9,142,137.55,138.45
29-05-2018,144,145.45,139.55,140.4
28-05-2018,142.5,148.5,140.35,145.4
25-05-2018,139,144.2,139,141.3
24-05-2018,137.75,140.65,135.05,138.85
23-05-2018,131.7,140.9,131.4,136.6
22-05-2018,129.65,134.75,126.65,132.9
21-05-2018,127.95,131.8,126.15,129.9
18-05-2018,130.8,130.8,125.25,126.7
17-05-2018,132,133.1,129.2,130
16-05-2018,138.3,138.95,131.5,132.05
15-05-2018,142.5,144.2,138.9,139.65
14-05-2018,141.85,144.65,141.1,142.7
11-05-2018,139.55,143.65,137.1,142.7
10-05-2018,145.65,145.65,138,138.65
09-05-2018,145.05,145.7,142.3,144.3
08-05-2018,144.1,149.45,141.55,145.6
07-05-2018,141.7,144.65,141.1,143.55
04-05-2018,142.35,146.4,139.1,139.9
03-05-2018,144.55,144.85,140.5,143.05
02-05-2018,147.5,149,143.2,144.3
30-04-2018,144.95,149.85,143.05,148.95
27-04-2018,138,145.3,137,143.2
26-04-2018,136.35,138.2,135.25,137.35
25-04-2018,140.45,141.6,135.6,136.35
24-04-2018,143.5,144.55,141.4,141.85
23-04-2018,143.95,145.8,141.5,144.15
20-04-2018,144.8,145,140.95,143.6
19-04-2018,142.5,146.35,140.6,145.35
18-04-2018,148.5,149.15,140.85,141.65
17-04-2018,150,151.75,147.4,147.85
16-04-2018,149,151.1,147.6,149.85
13-04-2018,149,152.75,149,150.45
12-04-2018,150.2,152.85,148.2,148.85
11-04-2018,152.75,153,149.2,150.6
10-04-2018,153.9,154.55,151.55,153.25
09-04-2018,151.4,155.3,150.15,153.3
06-04-2018,148.15,151.5,145.9,150.4
05-04-2018,143,150.3,140.8,147.8
04-04-2018,145.85,146.95,139,139.9
03-04-2018,144.15,148.2,143.65,145.35
02-04-2018,142.6,144.5,140.35,141.9
28-03-2018,142.5,146.5,140.9,142.3
27-03-2018,146,146.65,142,143.7
26-03-2018,133.5,142.9,133,141.5
23-03-2018,130.9,134.5,129.8,133.2
22-03-2018,135.25,137,133.5,134.95
21-03-2018,137.45,138.6,134.55,135.6
20-03-2018,132,136.8,130.7,135.85
19-03-2018,143.9,145.9,130,133.35
16-03-2018,143.7,146.95,142.6,143.8
15-03-2018,144.35,146.25,142.55,143.75
14-03-2018,139.15,147.7,137.3,145.75
13-03-2018,132.15,144.3,131.05,141.55
12-03-2018,132,133.35,128.1,132.1
09-03-2018,135.6,135.85,130.8,131.55
08-03-2018,134.5,135,129.9,134.35
07-03-2018,133.1,135.35,128.55,132.6
06-03-2018,140.9,141.35,134.15,135.25
05-03-2018,137,139.8,136.25,138.8
01-03-2018,141.8,143.6,137.8,138.3
28-02-2018,139,143.5,138,141.95
27-02-2018,143.4,144,138.2,141.45
26-02-2018,148,148.3,143.2,143.75
23-02-2018,145.7,148.2,144.7,145.55
22-02-2018,144.05,146.6,142.3,143.4
21-02-2018,146.75,147.2,142.3,145.9
20-02-2018,140.5,148.3,140.3,144.8
19-02-2018,150,152.85,138.2,143.85
16-02-2018,159.4,160.4,150.6,152.4
15-02-2018,163.9,167.2,157.1,159.05
14-02-2018,167,172,163.8,165.8
12-02-2018,159,172.9,159,168.65
09-02-2018,153.25,158.35,152.5,156.25
08-02-2018,154,157.35,153.5,156.2
07-02-2018,156,156.8,152.7,153.95
06-02-2018,150,156,148,154.45
05-02-2018,150.6,158.55,149,157.5
02-02-2018,150.2,156.7,148.2,153.2
01-02-2018,158.05,158.6,151.75,152.35
31-01-2018,159.2,161.8,155.5,156.8
30-01-2018,162,164.2,159.8,160.2
29-01-2018,168.3,168.9,161.3,162.35
25-01-2018,178.8,178.8,166.45,167.15
24-01-2018,173.15,179.7,170.35,178.35
23-01-2018,164.95,174,164.5,173.15
22-01-2018,166,167.65,163.2,164.8
19-01-2018,162,166.65,161.45,165.4
18-01-2018,169,171,160.7,162.35
17-01-2018,156.95,165.8,154.55,165.2
16-01-2018,164.6,166.6,156.2,156.95
15-01-2018,163.5,165,162.8,164.4
12-01-2018,163.75,164.2,160.35,163
11-01-2018,162.5,163.9,161.6,163.3
10-01-2018,164.25,165.8,161.05,162.5
09-01-2018,161.75,165.4,161.6,164.5
08-01-2018,162.1,164.05,160.8,161.65
05-01-2018,165.15,166.5,161.25,161.8
04-01-2018,158.5,165.3,157.5,163.9
03-01-2018,158.65,159.6,157.05,157.85
02-01-2018,161.9,162.5,156.5,157.95
01-01-2018,161,163.9,160.85,161.5
29-12-2017,163.6,164,160.15,160.65
28-12-2017,166.25,167.95,162.3,162.75
27-12-2017,166.4,169.5,165.4,166
26-12-2017,167.4,168,165.9,166.5
22-12-2017,168.75,171.2,166.95,168
21-12-2017,166.65,168.9,165.8,167.9
20-12-2017,167.9,168.3,166.4,166.65
19-12-2017,171.35,172.95,167.3,168.3
18-12-2017,164,171.95,155,169.4
15-12-2017,168,169.15,164.75,165.25
14-12-2017,164.8,166.8,162.5,165.85
13-12-2017,165.1,166.5,163.05,163.75
12-12-2017,167.6,167.7,165.05,165.6
11-12-2017,168.6,169.25,166.9,167.45
08-12-2017,168.65,169.95,167.05,167.45
07-12-2017,167.9,169,166.35,167.95
06-12-2017,168.8,170.15,165.1,165.95
05-12-2017,169.75,171.6,165.45,170
04-12-2017,168.65,171.3,165.5,170.1
01-12-2017,169.7,172.5,165.05,167.6
30-11-2017,170.9,172.9,168.4,169.1
29-11-2017,172.2,173.3,169.9,171.65
28-11-2017,175.7,176.15,171.5,172.25
27-11-2017,176,176.15,174.05,175.4
24-11-2017,178.7,179.75,176.15,176.85
23-11-2017,180.7,181.35,176.05,178.1
22-11-2017,181.5,183.65,177.1,180.65
21-11-2017,185.6,186.25,179.15,180.35
20-11-2017,183.8,187.85,182.5,184.45
17-11-2017,190,191.85,182.05,183.55
16-11-2017,176.75,184,175.25,182.8
15-11-2017,177.5,181.2,169.3,175.2
14-11-2017,173.3,177.4,172.7,174.35
13-11-2017,171.5,175.35,169.25,172.1
10-11-2017,165,173.7,164,169.8
09-11-2017,164.4,166.4,161.65,165.55
08-11-2017,166.2,167.15,160.75,162.3
07-11-2017,173.8,175,164.1,165.25
06-11-2017,172,176,170.5,172.6
03-11-2017,170.3,172.5,167.2,171.75
02-11-2017,172.85,174.65,168.6,169.55
01-11-2017,172.9,175.4,171.2,172.45
31-10-2017,175.35,177.7,167.85,169.9
30-10-2017,174.3,184.7,173.55,174.65
27-10-2017,184.75,188.8,173.6,174.4
26-10-2017,189,206.65,182,185.7
25-10-2017,157.45,192.9,157.45,188.15
24-10-2017,138.6,145.15,138.5,143.15
23-10-2017,135,138.9,133.5,137.9
19-10-2017,136.9,136.9,134.05,134.9
18-10-2017,138.45,138.9,136,136.7
17-10-2017,138.3,140.6,138.05,139.15
16-10-2017,140.5,140.9,137.7,138.2
13-10-2017,139,141.75,138.05,139.55
12-10-2017,138.6,138.9,136.1,138.55
11-10-2017,142,143.6,137.9,138.6
10-10-2017,141.9,143.2,141.25,141.65
09-10-2017,141.5,142.8,140.5,141.55
06-10-2017,139.8,142.5,139.55,141.8
05-10-2017,137.75,140.25,137.2,139.6
04-10-2017,138,139,136.7,137.55
03-10-2017,138.9,139.9,136.35,137.3
29-09-2017,139.1,140.75,137.1,137.6
28-09-2017,138.5,140.3,137.2,138.55
27-09-2017,143.9,143.9,137.85,138.5
26-09-2017,142.6,144.2,140.95,142.65
25-09-2017,141.85,143.25,138.2,142.6
22-09-2017,145,145,141.5,141.85
21-09-2017,148.9,148.9,144.65,145.6
20-09-2017,144.3,151,143.8,148.35
19-09-2017,145.2,146,143.15,144.55
18-09-2017,146,149,144.75,145.45
15-09-2017,144.3,146,143.7,145.3
14-09-2017,143.8,147,143.8,145.7
13-09-2017,142.2,145.9,141.6,143.8
12-09-2017,138.25,142.5,137.2,141.85
11-09-2017,139.3,139.6,137.15,137.45
08-09-2017,140.4,140.4,136.5,136.8
07-09-2017,138.8,140.95,138.55,139.55
06-09-2017,137,139.3,136.4,138.35
05-09-2017,136.8,139,136,138.4
04-09-2017,138.9,139.25,135.8,136.8
01-09-2017,139,140.85,137.65,138.25
31-08-2017,140.25,140.4,137.2,137.85
30-08-2017,141.05,142.1,139.05,139.45
29-08-2017,141.95,143.5,139.6,140.05
28-08-2017,143.8,145.9,143.05,144.25
24-08-2017,141.1,144,140.65,142.85
23-08-2017,140.7,142.25,138.45,140.95
22-08-2017,143.05,143.75,138.2,139.35
21-08-2017,147.9,149.6,141,142.1
18-08-2017,146.25,148.25,144.3,147.2
17-08-2017,148.3,152.25,146.65,148.25
16-08-2017,143.3,148.65,137.65,147.15
14-08-2017,140,143.2,139.7,142.25
11-08-2017,145.6,150.5,141.2,142.25
10-08-2017,153.9,155.6,145.4,148.45
09-08-2017,156.9,157.7,154.15,155.2
08-08-2017,161.2,161.25,156.1,156.55
07-08-2017,160.7,161.3,159.2,160.05
04-08-2017,158,160.85,155.4,158.95
03-08-2017,163,163.65,157,158.2
02-08-2017,164.4,165.3,162.8,163.4
01-08-2017,166.75,167,162.6,163.5
31-07-2017,161.8,168.5,160.55,166.05
28-07-2017,160.8,162.95,160.2,161.55
27-07-2017,163.5,165.1,160,160.95
26-07-2017,165,166.5,163,163.35
25-07-2017,164.95,166.2,164.3,165
24-07-2017,162,165.95,162,164.2
21-07-2017,162.2,163.9,160.7,161.75
20-07-2017,164.25,165.4,161.45,161.9
19-07-2017,163.7,165.5,163.5,164.45
18-07-2017,163.45,167.15,162.8,163.85
17-07-2017,165.2,165.65,162.8,164.35
14-07-2017,163.6,166.4,162.25,165
13-07-2017,164.9,165.75,162,163.4
12-07-2017,162.65,164,160.65,163.5
11-07-2017,167,167.5,161.5,162.65
10-07-2017,166,167.5,162.1,166.6
07-07-2017,162.5,163.95,160,160.55
06-07-2017,161.4,165.8,161.4,162.4
05-07-2017,159.95,162.4,158.5,160.8
04-07-2017,162.4,163,159,159.35
03-07-2017,162.7,165,160.55,161.85
30-06-2017,157,162.4,156.15,161.65
29-06-2017,156.6,157.9,154.85,155.5
28-06-2017,153,156.4,152.2,155.6
27-06-2017,160.75,160.75,153.2,154.85
23-06-2017,165,165.8,160.5,160.85
22-06-2017,166.9,168.55,164.5,165.15
21-06-2017,166.55,169.8,166.3,167
20-06-2017,168,168.6,165.5,167.35
19-06-2017,168.25,169.5,167.7,168.05
16-06-2017,170.5,171.25,167.05,167.7
15-06-2017,171.5,172.3,168.5,169.6
14-06-2017,171.8,175,169.85,172.8
13-06-2017,168.95,171.35,168.3,169.75
12-06-2017,173,173.5,166.9,168.05
09-06-2017,174.1,175.65,172.9,173.75
08-06-2017,177.7,177.7,174.5,174.85
07-06-2017,175.4,177.4,174.2,176.8
06-06-2017,179.25,179.6,173.7,174.45
05-06-2017,179.9,180.35,178.2,178.6
02-06-2017,180.45,181.15,177.05,178.9
01-06-2017,178.5,179.85,176.2,179
31-05-2017,179.35,180.5,176.75,178.05
30-05-2017,173.3,179.2,172,178.5
29-05-2017,179.5,181.35,173,173.65
26-05-2017,181.5,181.75,177.65,179.45
25-05-2017,176.6,182.5,176,181.5
24-05-2017,182.2,182.8,174.8,175.75
23-05-2017,183.15,185.75,177.55,182
22-05-2017,189.5,191.3,181.7,182.8
19-05-2017,190,195.9,186.3,188.75
18-05-2017,190.75,196.3,185.2,187.45
17-05-2017,193,193.75,189.6,191.75
16-05-2017,188.25,195,186.4,193.55
15-05-2017,186.55,189.8,186.5,188.8
12-05-2017,188,191.2,184.85,186.4
11-05-2017,186.55,190.5,185.8,187.9
10-05-2017,187,188.4,185.05,185.55
09-05-2017,189.4,190,184.65,186.75
08-05-2017,187.6,191.6,185.3,188.85
05-05-2017,197,202.5,184.2,187.4
04-05-2017,194,196.75,192.25,195.75
03-05-2017,189.5,194.55,186.7,189.55
02-05-2017,188,191.6,185.7,188.65
28-04-2017,181.7,188.55,181.7,187.55
27-04-2017,181.95,184,180.05,181.4
26-04-2017,182.65,184.6,178.85,181.65
25-04-2017,180,183.45,178.75,181.8
24-04-2017,177.5,179.4,175.55,178.9
21-04-2017,179.65,180.05,174.5,175.2
20-04-2017,175.9,180.5,174.2,179.65
19-04-2017,177,177.2,173.3,174.85
18-04-2017,176.5,181.7,175.35,176.05
17-04-2017,178,178.1,175.25,175.95
13-04-2017,172.2,177.9,171.5,175.65
12-04-2017,174.15,175.65,171.2,172.35
11-04-2017,171.45,175.35,170.1,174.7
10-04-2017,169.75,172.15,168.2,171.1
07-04-2017,174,174.5,167.6,168.65
06-04-2017,173.85,177.15,173.35,174.9
05-04-2017,172.75,176.3,172.05,174.55
03-04-2017,173.9,174.4,170.35,172.4
31-03-2017,173.1,174.9,171.1,172.95
30-03-2017,173.6,175.7,172.75,173.65
29-03-2017,174,176.2,172.85,173.5
28-03-2017,172.55,174.3,171.5,173.9
27-03-2017,168.3,173.2,167.55,172.3
24-03-2017,162,171.55,162,169.05
23-03-2017,162.1,163.45,160.3,162.2
22-03-2017,161,164.15,160.65,161.6
21-03-2017,166.1,166.8,162.15,162.85
20-03-2017,164.7,167.4,163.1,165.6
17-03-2017,168.7,169.2,164.4,164.9
16-03-2017,167.6,169.65,166.4,168.55
15-03-2017,160.65,167.7,160.6,166.5
14-03-2017,162.85,164.25,160.5,161
10-03-2017,163,163,158.3,159
09-03-2017,159.35,160.7,158,159.45
08-03-2017,160.35,161.7,157.35,159.25
07-03-2017,160.8,162.4,160,160.35
06-03-2017,161.3,162.2,160.05,160.85
03-03-2017,160.1,162.75,159.55,159.95
02-03-2017,166.45,167.35,161,161.6
01-03-2017,165.9,168.5,165,165.35
28-02-2017,165,166.6,163.9,165.3
27-02-2017,168.5,168.5,164.1,164.4
23-02-2017,168.7,169.85,167.05,168.15
22-02-2017,169.15,170.55,167.2,167.7
21-02-2017,170.1,170.75,168.05,169.3
20-02-2017,166,169.45,164.85,168.85
17-02-2017,166.15,168.35,164.5,166.15
16-02-2017,165.4,167.75,163.65,166.05
15-02-2017,169,170.4,162.75,163.2
14-02-2017,170,171.25,166.15,168.8
13-02-2017,182.8,183,168,168.8
10-02-2017,185.7,191,184.55,188.05
09-02-2017,187,187.7,180.8,184.05
08-02-2017,187.35,188.6,182.25,187
07-02-2017,184.95,190.4,183.2,187.05
06-02-2017,187,191.7,183.7,184.6
03-02-2017,178,187.25,176.1,186.45
02-02-2017,172.9,178.85,170.65,177.65
01-02-2017,166.4,173.7,165.3,173.05
31-01-2017,167.3,168.8,164.35,165.15
30-01-2017,167.1,170.3,165.1,167.75
27-01-2017,163,169.2,162.3,167.7
25-01-2017,156.5,164,155.25,161.95
24-01-2017,155.3,156.5,154.5,156.05
23-01-2017,153.5,157,153.15,154.2
20-01-2017,159.4,160.7,153.55,154.35
19-01-2017,158.5,160.8,157.85,160.1
18-01-2017,159.4,160.85,157.85,158.85
17-01-2017,160.4,162,158.35,159.05
16-01-2017,157.75,160,157,159.6
13-01-2017,159.15,159.7,156.7,157.75
12-01-2017,160,160.65,158,158.7
11-01-2017,153.9,160.2,153.25,159.6
10-01-2017,153.5,154.15,151.25,152.95
09-01-2017,154,155,152.4,152.8
06-01-2017,151,154.6,151,153.25
05-01-2017,149.55,151.6,149.3,150.95
04-01-2017,148,149.85,147.4,148
03-01-2017,149.1,150.2,146.7,148.6
02-01-2017,153.95,154.6,147.6,148.9
30-12-2016,151.6,153.9,151.3,153.4
29-12-2016,150,152.4,148.35,151.5
28-12-2016,150.25,152.65,149.1,150.15
27-12-2016,147.7,151,146.1,149.9
26-12-2016,152,152.35,146,147.35
23-12-2016,155,156.35,152.6,153
22-12-2016,157,157,153.3,155.05
21-12-2016,156.7,158.2,154.55,157.5
20-12-2016,159,160.2,155,155.75
19-12-2016,159.5,160.7,158.2,159.35
16-12-2016,160.5,162.7,158.85,159.65
15-12-2016,157,161.4,156.4,159.9
14-12-2016,161,161.05,157.85,158.35
13-12-2016,158.5,161,156.6,160.4
12-12-2016,162,162,157.65,158.9
09-12-2016,159.1,162.75,157.2,162.05
08-12-2016,159.2,159.6,157.3,158.5
07-12-2016,163,164.6,156.6,157.5
06-12-2016,163.3,164.15,161.9,162.3
05-12-2016,161,163,160.5,162.5
02-12-2016,160.8,164.5,159.4,161.1
01-12-2016,164.7,165.8,160.85,161.6
30-11-2016,161.8,164.8,161.1,164.15
29-11-2016,163,165.5,160.6,161.5
28-11-2016,162,164.85,161,163.05
25-11-2016,168.5,171.15,165.85,167.9
24-11-2016,160.2,168.65,158.5,167.05
23-11-2016,164.7,164.8,160.6,162.1
22-11-2016,163.8,165.3,159,163.2
21-11-2016,179.55,179.55,159.5,161.1
18-11-2016,175.9,178,172.5,176.95
17-11-2016,174.8,179.6,172.65,174.75
16-11-2016,177.3,178.45,168.25,173.4
15-11-2016,167.4,177.25,165.6,174.3
11-11-2016,164,169.9,158.6,160.5
10-11-2016,155.3,166.3,155,165
09-11-2016,137,153,135.25,151.2
08-11-2016,148.2,149.7,146,148.95
07-11-2016,147,149.2,144.45,148.05
04-11-2016,149.15,149.15,141.3,142.55
03-11-2016,149.3,150.85,146.05,146.55
02-11-2016,152.8,152.8,149.6,150
01-11-2016,156.6,157.35,154.05,155.3
30-10-2016,156.95,157.45,155,155.65
28-10-2016,153.8,156.65,153.1,156.25
27-10-2016,154.85,155.75,152.4,153.05
26-10-2016,156.55,159,153.95,155.15
25-10-2016,159,159.5,155.55,156.55
24-10-2016,156.4,160.4,156.4,158.4
21-10-2016,157.9,157.9,154.6,156.1
20-10-2016,155.1,158.45,155.1,157.45
19-10-2016,156.65,157.3,154.1,155.4
18-10-2016,152.45,156.25,151.5,155.7
17-10-2016,154.1,155.75,150.1,150.95
14-10-2016,155.2,155.95,153.1,153.95
13-10-2016,161.25,161.35,151.2,154.25
10-10-2016,164.5,165.2,161.4,161.95
07-10-2016,164.7,165.7,162.6,163.85
06-10-2016,169.95,169.95,163.5,164.5
05-10-2016,172.5,173.2,168.5,169.45
04-10-2016,169.5,171.4,165.65,169.85
03-10-2016,168.1,170.6,167.75,168.9
30-09-2016,160.5,168.2,160.05,167.4
29-09-2016,169.5,170.9,159.55,161.9
28-09-2016,163.9,169.7,163.5,168.45
27-09-2016,167.15,167.7,163.55,164
26-09-2016,168.5,169.4,165.5,166.35
23-09-2016,169.95,172.4,168.2,169.15
22-09-2016,167.1,170,166.65,169.45
21-09-2016,166.25,168.3,163.9,164.35
20-09-2016,167.15,168.35,165.35,166.7
19-09-2016,166.95,167.9,165.4,166.45
16-09-2016,168.25,171.35,164.15,164.75
15-09-2016,168.35,168.9,164.15,166.6
14-09-2016,162,168.7,161.75,168.3
12-09-2016,167.95,167.95,161.15,161.75
09-09-2016,174.6,174.85,171.25,171.95
08-09-2016,175.5,177.45,173.3,174.75
07-09-2016,171.25,177.65,170.5,174.8
06-09-2016,168,170.9,167.6,169.5
02-09-2016,161.7,166.9,161.15,166.35
01-09-2016,163.5,164.25,160.6,161.25
31-08-2016,164.5,165.7,161.9,162.95
30-08-2016,161,164.75,160.55,164.15
29-08-2016,158.4,160.7,157.1,160.05
26-08-2016,161.75,163.2,157.6,158.3
25-08-2016,163.95,164.8,161.4,161.95
24-08-2016,164.3,165.25,162.35,163.15
23-08-2016,160.3,165,158.35,164.3
22-08-2016,160.95,162.35,157.7,160.05
19-08-2016,155.95,162.8,155.1,161.65
18-08-2016,152.15,154.9,151.85,154.5
17-08-2016,149.5,152.4,149.15,151.35
16-08-2016,150,151.4,147.1,149.55
12-08-2016,147,152.2,144.55,149.6
11-08-2016,153,153.15,145,145.95
10-08-2016,159,161.25,155.35,160.4
09-08-2016,157.25,160.55,156.3,158.45
08-08-2016,158.8,159.75,154.65,157.5
05-08-2016,157.7,159.7,156.25,157.65
04-08-2016,151,157.35,146.55,155.75
03-08-2016,150.5,154.9,148,148.85
02-08-2016,148.6,152.4,146.3,151.15
01-08-2016,153,153.5,146,147.5
29-07-2016,154.5,155.1,151.1,151.7
28-07-2016,155.15,156.85,153.75,154.5
27-07-2016,155,156.65,153.5,154.85
26-07-2016,156.45,158.75,153.1,153.8
25-07-2016,150.5,157.1,148.9,155.85
22-07-2016,152.4,153,149.5,150.7
21-07-2016,158,158.9,151.7,152.25
20-07-2016,159,159.35,157.25,157.55
19-07-2016,159.5,162.5,156.5,158.3
18-07-2016,165,166.55,158.2,159.05
15-07-2016,164.9,168.8,163.3,164.25
14-07-2016,159.1,166.9,159.1,163.7
13-07-2016,161.05,161.95,158.65,160.15
12-07-2016,163.2,165,159.4,160.75
11-07-2016,158.1,162.7,157.6,162.35
08-07-2016,158.15,158.9,153.6,154.75
07-07-2016,160,162.15,157.45,158.15
05-07-2016,160.45,162.3,158.75,159.45
04-07-2016,157.95,161.75,157.5,159.8
01-07-2016,154.05,157.85,153.65,156.6
30-06-2016,155.35,155.65,153.5,153.95
29-06-2016,155,156,153.35,153.9
28-06-2016,152.45,155,150.5,154.4
27-06-2016,146.1,152.6,146.1,151.85
24-06-2016,144.95,147.95,140.8,147.15
23-06-2016,149.9,153.3,149.3,152.2
22-06-2016,149.55,151.6,148.3,149.1
21-06-2016,151.9,152.9,149.05,149.9
20-06-2016,147.85,152.6,147.5,151.65
17-06-2016,152.95,153.2,148.7,150.6
16-06-2016,151.25,153.7,148.5,151.6
15-06-2016,149.5,153.5,148.2,151.8
14-06-2016,148,149.5,147.2,148.8
13-06-2016,144.2,147.5,142.2,146.1
10-06-2016,148.3,150.8,145.25,146.3
09-06-2016,147.9,151.65,146.65,149.05
08-06-2016,145.95,149.4,144.25,147.95
07-06-2016,144.75,146.9,142.9,145.4
06-06-2016,140.95,144.35,140.25,143.45
03-06-2016,142,144.45,139.35,140.2
02-06-2016,138.45,142.3,137.45,141.55
01-06-2016,143.3,143.4,137.9,138.75
31-05-2016,138.7,143.45,136.8,142.8
30-05-2016,141,141.4,136.5,138.4
27-05-2016,135.9,140.8,134.4,138.6
26-05-2016,133.55,136.35,132.5,134.85
25-05-2016,131.85,134.2,130.5,133.2
24-05-2016,131.25,131.9,128.25,129.8
23-05-2016,135.8,136.4,131.3,131.8
20-05-2016,136.85,138.7,134.5,135.05
19-05-2016,142,142,136.2,137.2
18-05-2016,140,143.6,140,142.4
17-05-2016,143.3,144.65,139.7,141.9
16-05-2016,150,150,139.75,142.3
13-05-2016,157.5,157.5,154.1,155.1
12-05-2016,159.75,160.15,155.2,157.65
11-05-2016,154.45,158.15,152.8,156.85
10-05-2016,155,158.25,152.4,157.4
09-05-2016,152,156.4,150.8,155.15
06-05-2016,148.7,152.5,148.55,150.6
05-05-2016,149.95,150.95,146.8,148.7
04-05-2016,152.55,154.6,148,148.65
03-05-2016,156.25,159.4,152.1,152.9
02-05-2016,157.8,158.5,155.1,155.5
29-04-2016,160.6,162.6,152.85,157.9
28-04-2016,160.4,163.3,159.2,160.55
27-04-2016,161.7,163.35,159.8,161.05
26-04-2016,157.45,162.15,156.25,161.7
25-04-2016,162.25,162.45,156.55,157.85
22-04-2016,156.85,163.9,155.4,161.95
21-04-2016,155,162.3,154.6,157.75
20-04-2016,148.55,153.7,146.5,152.65
18-04-2016,151.1,151.9,146.9,148.1
13-04-2016,151.85,153.9,151.3,152.45
12-04-2016,149.7,150.85,148,149.2
11-04-2016,143.1,150.1,143.1,149.35
08-04-2016,143,144.1,141.75,143.1
07-04-2016,143.45,146.4,142.15,143.4
06-04-2016,144.4,144.9,141.6,143.35
05-04-2016,150.9,152.3,143.6,144.35
04-04-2016,154,154.15,149.65,151.45
01-04-2016,145.7,153.5,145.35,152.8
31-03-2016,147,149.4,145.25,147
30-03-2016,142,148.75,140.8,147.05
29-03-2016,138.35,141.45,137.7,140.35
28-03-2016,145,145,137.2,138.75
23-03-2016,145.25,145.75,142.85,144
22-03-2016,147.65,147.8,144.7,146.5
21-03-2016,145.65,147.8,144.7,147.4
18-03-2016,143.45,144.5,141.75,144.1
17-03-2016,146,146.7,141,142.25
16-03-2016,145,146.4,141.2,142.95
15-03-2016,142,144,140.8,143.2
14-03-2016,142.9,143.2,140.4,140.95
11-03-2016,139,142.2,137.5,140.7
10-03-2016,144,144.3,138.3,139.2
09-03-2016,140,143.4,139.55,143.05
08-03-2016,143.9,147.45,140.6,141.9
04-03-2016,146,150.5,143.6,148.9
03-03-2016,147.4,147.4,141.2,145.4
02-03-2016,144.5,152.1,143.1,145.25
01-03-2016,134.35,136.8,133,136.05
29-02-2016,133.25,139.2,127.1,131.9
26-02-2016,133.75,134.25,126.7,132.75
25-02-2016,135.35,135.85,129.25,130.1
24-02-2016,130.75,136.25,130.05,133.7
23-02-2016,139,139.25,132.35,132.95
22-02-2016,140,141.5,136.65,139.25
19-02-2016,136.75,141.85,136.5,139.65
18-02-2016,141.7,146.25,135.4,138.85
17-02-2016,131.2,140.45,126.3,138.3
16-02-2016,140.75,140.75,129.7,130.85
15-02-2016,118.5,142.1,118.5,139.35
12-02-2016,117,117.4,109.35,113.7
11-02-2016,115.6,121.6,112.65,115.95
10-02-2016,124,124,115.6,116.9
09-02-2016,128,131.55,123.55,124.3
08-02-2016,127.9,134.7,127.1,130.65
05-02-2016,123.4,128.05,121.65,126.95
04-02-2016,123,124.7,120.85,122.8
03-02-2016,119.4,122.6,116.3,120.55
02-02-2016,122.55,127.85,120.1,120.95
01-02-2016,125.25,126.85,121.1,122.2
29-01-2016,128.8,130.7,122.65,125.4
28-01-2016,129.9,132.7,128.35,130.15
27-01-2016,128.7,131.4,125.35,130
25-01-2016,132.4,133.15,128.5,129.5
22-01-2016,126.3,131.6,126.25,130.2
21-01-2016,123.55,126.5,121.1,124.25
20-01-2016,122.8,123,118.05,121.15
19-01-2016,127.55,129.2,124.25,125.15
18-01-2016,127,131.5,124.45,125.7
15-01-2016,130.95,133,124.6,126.15
14-01-2016,129.8,131.85,126.25,130.9
13-01-2016,136.2,137.4,127.5,132.1
12-01-2016,138.55,140.4,133.7,134.5
11-01-2016,138,140.2,134.55,139.1
08-01-2016,140.95,143.45,139.35,140.45
07-01-2016,147,147,138.8,139.5
06-01-2016,148,150.95,146.6,148.7
05-01-2016,152.7,152.7,146.3,148.1
04-01-2016,158.1,158.8,150.5,151.2
01-01-2016,157.2,159.9,156,159.05
31-12-2015,156.1,159,154,156.65
30-12-2015,158.9,159.4,155.3,156.1
29-12-2015,159.4,159.5,157.1,157.85
28-12-2015,159.25,159.94,158.4,158.94
24-12-2015,158.6,159.75,157.4,158.3
23-12-2015,158.6,159,157.5,158.55
22-12-2015,159.55,161.4,156.55,157.1
21-12-2015,159.25,160.4,157.5,159.44
18-12-2015,159.75,162.8,158.3,159
17-12-2015,161,163.4,158.6,159.94
16-12-2015,159.9,161.8,157.25,159.8
15-12-2015,157,159.19,155,158.35
14-12-2015,154,158.69,153.3,156.8
11-12-2015,160.3,161.3,150.44,155.25
10-12-2015,161.3,162,156.3,159.35
09-12-2015,161.05,163.8,159.5,160.25
08-12-2015,165.1,167.25,160.85,161.69
07-12-2015,168.15,170,165.05,165.7
04-12-2015,170,170,165.55,166.9
03-12-2015,170.8,173.2,170.8,171.25
02-12-2015,177.55,179.05,173.3,173.8
01-12-2015,179.9,180.8,176.3,177.55
30-11-2015,179.4,182.5,178.7,179.9
27-11-2015,171.7,180.25,170.7,179.6
26-11-2015,169.4,172,167.2,170.05
24-11-2015,169,171.15,167.85,168.2
23-11-2015,172.1,172.75,168.4,169.35
20-11-2015,168,173.2,166,171.9
19-11-2015,170.05,170.05,166.7,168.1
18-11-2015,172.75,173.2,167.6,168.35
17-11-2015,177,177.4,172.65,173.25
16-11-2015,173.9,177.2,173.4,176.45
13-11-2015,172,175.35,169.5,174.2
11-11-2015,174.9,175,173.25,173.75
10-11-2015,169.4,173.9,167.85,172.95
09-11-2015,162.55,172.5,161.69,171.45
06-11-2015,158.5,169.2,140.1,167.05
05-11-2015,163,163.4,158.5,159.4
04-11-2015,164,165.4,162.25,163.44
03-11-2015,163.19,164.3,161.25,161.94
02-11-2015,161,162.75,156.6,161.85
30-10-2015,162.1,164.8,159.55,160.19
29-10-2015,164.2,165.7,161.8,162.44
28-10-2015,166.8,167,161.5,164.05
27-10-2015,172.2,172.85,167.95,168.35
26-10-2015,173.7,174.9,171.05,172.05
23-10-2015,176.1,176.7,172.5,173.1
21-10-2015,176.45,177.4,171.6,174.75
20-10-2015,176,178.6,175.1,176.25
19-10-2015,177.5,178.85,174.4,175.55
16-10-2015,179.7,179.8,175.1,177.7
15-10-2015,174.9,180.4,174.2,179.9
14-10-2015,174,176.5,173,173.5
13-10-2015,175.1,178.4,174.2,176
12-10-2015,172.5,179.65,169.3,176.8
09-10-2015,187.6,188.7,181.3,182.1
08-10-2015,186.5,191,184.2,185.9
07-10-2015,184.2,187,183.55,186.35
06-10-2015,187,187,182.2,184.35
05-10-2015,183,187.2,182.5,186.4
01-10-2015,185.25,185.7,180.5,181.1
30-09-2015,188.9,189.4,181.55,183.2
29-09-2015,181,189,178.85,187.25
28-09-2015,187.9,188.75,183,183.55
24-09-2015,188,190.3,185.3,186.4
23-09-2015,183.1,190.25,182.45,188.25
22-09-2015,193.55,196.25,185.1,186.85
21-09-2015,186.5,192.8,186.2,192.1
18-09-2015,185,192.25,184,190.3
16-09-2015,184,184.35,179.9,182.55
15-09-2015,185,187.25,180.75,181.85
14-09-2015,182,187.2,181,186.55
11-09-2015,181.25,185,179.2,181.3
10-09-2015,175.6,180.9,173.05,178.95
09-09-2015,182,182.4,176.8,180.6
08-09-2015,171.95,180.7,169.45,177.7
07-09-2015,175.8,180,168.7,169.8
04-09-2015,174.95,175.45,164.85,174.25
03-09-2015,172.6,178.5,169.5,175.6
02-09-2015,175.95,175.95,166.55,169.5
01-09-2015,181.25,183.15,170.65,172.5
31-08-2015,184.2,189.8,183,184.75
28-08-2015,191,192.45,181,185.2
27-08-2015,182.1,188.6,179.55,187.8
26-08-2015,182.35,182.5,175.85,177.2
25-08-2015,189,189,172.45,182.65
24-08-2015,185,193.2,175.4,182.6
21-08-2015,189,201.4,187.9,199.65
20-08-2015,205,210.4,194.65,201.1
19-08-2015,211,211.4,205.35,208.75
18-08-2015,213.4,216.3,208.55,212.9
17-08-2015,196,215.9,196,212.8
14-08-2015,178.6,186.15,175.75,184.4
13-08-2015,177.8,183,175.5,176.75
12-08-2015,177,182.6,175.35,176.05
11-08-2015,182.9,184.7,175.65,178.05
10-08-2015,184,186.7,180.5,182.1
07-08-2015,188,188.7,183.65,185
06-08-2015,187.35,191.25,185.15,189.4
05-08-2015,191,192.35,186.15,189
04-08-2015,185,192.85,181.7,191.05
03-08-2015,178.9,190,178.05,184.85
31-07-2015,169,179.4,166,177.5
30-07-2015,154.1,170,153.44,168.6
29-07-2015,154.25,154.75,151.25,153.19
28-07-2015,152.65,156.94,150.8,153.85
27-07-2015,154.4,155.15,151.6,152.3
24-07-2015,154,157.8,153.5,155.75
23-07-2015,153,154.35,151.85,152.75
22-07-2015,149.19,153.4,148,152.69
21-07-2015,152.15,153.85,150.3,150.69
20-07-2015,156,157.35,151.5,152.94
17-07-2015,156,157.35,155.3,156.25
16-07-2015,157.5,157.5,154.5,155.55
15-07-2015,155.55,157.5,153.3,156.4
14-07-2015,156.35,158.1,155.1,155.8
13-07-2015,157.55,157.9,155.15,156.35
10-07-2015,154.75,156.9,153.9,156.44
09-07-2015,152.05,155,151.05,152.94
08-07-2015,151.9,153.5,148.6,151.35
07-07-2015,153.15,156.75,152.19,153.65
06-07-2015,148,153.9,147,153.15
03-07-2015,150,151.55,149.1,150.8
02-07-2015,151,152.3,149,150
01-07-2015,144.65,151.69,144.05,150.3
30-06-2015,143.15,145.75,143.15,144.15
29-06-2015,140.15,144.9,137.15,144.1
26-06-2015,145,146.15,142,144.55
25-06-2015,145.05,146.55,142.9,145
24-06-2015,150.5,151,145.05,145.9
23-06-2015,148.1,152.5,147.5,150.3
22-06-2015,142.94,148.35,142.85,146.4
19-06-2015,140,142.65,138.6,142.1
18-06-2015,141,142.3,138,138.65
17-06-2015,143.5,143.85,139.65,140.65
16-06-2015,140.25,142.69,139.3,142
15-06-2015,146,146.3,142.5,143
12-06-2015,148,148.9,145,146.94
11-06-2015,155,155.5,147.19,148.5
10-06-2015,153.85,156.19,151.75,152.94
09-06-2015,154.15,157.5,151.69,153.15
08-06-2015,160.6,160.6,153.25,155.8
05-06-2015,160.75,164,158.35,160.25
04-06-2015,161.5,164.15,158.85,161.69
03-06-2015,160.4,162.1,157.6,161.25
02-06-2015,165,165.4,158.1,160.4
01-06-2015,162.94,165.5,162.8,165.2
29-05-2015,161.05,163.4,160.19,162.6
28-05-2015,162,162.8,159.3,160.1
27-05-2015,158,162.44,157.5,161.15
26-05-2015,157.8,159.94,156.65,159.44
25-05-2015,154.69,160.35,153.69,157.8
22-05-2015,157.19,161.69,154.1,155.4
21-05-2015,160,160.94,154.4,156.55
20-05-2015,161.35,162.65,159.1,159.75
19-05-2015,162.4,163.5,159.5,160.65
18-05-2015,161.19,163,158.35,162
15-05-2015,164.6,166.85,159.5,160.15
14-05-2015,161.9,165.35,158.5,164.55
13-05-2015,158.69,164.2,156.15,162.44
12-05-2015,166.7,166.7,157,158.4
11-05-2015,146.1,171,143.8,169.7
08-05-2015,155.05,156.19,142.69,145.1
07-05-2015,161.4,161.5,151.15,153.44
06-05-2015,169.4,169.8,160.6,162.15
05-05-2015,170.6,172.65,169.1,170
04-05-2015,170,171.8,169,170.7
30-04-2015,171,171.45,167.4,169
29-04-2015,173.2,174.8,170.8,171.85
28-04-2015,170,174.7,168.55,173.45
27-04-2015,173.3,173.9,168.3,170.85
24-04-2015,179.05,179.8,172.65,174.15
23-04-2015,181,181.85,177.25,179.45
22-04-2015,180.7,181.5,177.1,179.85
21-04-2015,177.05,180.9,174.55,180.15
20-04-2015,177.5,182.9,177.1,179.5
17-04-2015,176.65,178.5,173.3,177.6
16-04-2015,177.65,178.45,172.65,177.15
15-04-2015,175,180.95,174.6,178.5
13-04-2015,175,177.9,174.1,175.55
10-04-2015,171.8,175.25,170.9,174.2
09-04-2015,170,173.7,166.9,171.75
08-04-2015,170.9,172,167.1,168.85
07-04-2015,169.5,172.1,167.05,170.05
06-04-2015,170,171,166.25,168.5
01-04-2015,162.75,170.4,162.05,168.9
31-03-2015,164.8,167.9,162.19,163.5
30-03-2015,162.65,164.7,157.65,163.85
27-03-2015,163,163.1,155.4,160.94
26-03-2015,164.3,167.4,159.9,161
25-03-2015,168,168.8,163.8,165.85
24-03-2015,168.8,169.7,165.15,167.9
23-03-2015,173.7,173.85,169,169.65
20-03-2015,175.9,175.9,171.45,172.65
19-03-2015,184.45,184.5,174.7,176.5
18-03-2015,182.5,185.25,181.15,182.25
17-03-2015,183.5,184,178.6,182.4
16-03-2015,179.5,184,177.1,182.65
13-03-2015,182,182,176.75,179
12-03-2015,178.5,181.75,177.7,179.85
11-03-2015,180.5,181.05,175.55,176.9
10-03-2015,180.05,182.8,176,179.85
09-03-2015,181.9,182.9,178.2,180.05
05-03-2015,181,184.95,178.7,184.05
04-03-2015,198,198.7,179.1,180.4
03-03-2015,183.1,189,181.65,187.2
02-03-2015,186.75,187.15,179.3,182.4
27-02-2015,174.65,182,173.25,181
26-02-2015,177.65,178.1,170.05,171.35
25-02-2015,178.3,179.9,176.25,177.15
24-02-2015,181.95,181.95,175.55,176.75
23-02-2015,183.65,186.05,180.5,182.35
20-02-2015,179,186.9,176.5,183.3
19-02-2015,183.95,184.4,175.5,178.55
18-02-2015,183,184.1,180,183.2
16-02-2015,182.95,184.6,180,182.75
13-02-2015,182.7,185.3,180.2,182.95
12-02-2015,182.35,182.35,178.05,180.8
11-02-2015,177.9,182.85,177.2,180.95
10-02-2015,171.2,181.2,171,176.4
09-02-2015,175,178.25,172.5,173.45
06-02-2015,175.55,177.7,169.35,175.95
05-02-2015,185.8,185.8,175.3,177.55
04-02-2015,186.8,188,182.05,184.9
03-02-2015,190,191.9,184.4,185.05
02-02-2015,192,192.05,183.75,187.85
30-01-2015,220.7,220.7,185.6,193.15
29-01-2015,222.85,224.95,216.15,217.15
28-01-2015,222.9,227.85,220.4,223.55
27-01-2015,224.9,224.9,219.5,222.95
23-01-2015,227.45,228.9,219.7,223.1
22-01-2015,228.4,228.4,221.1,223.85
21-01-2015,217.7,227.74,217.7,225.58
20-01-2015,217.44,219.78,216.8,217.36
19-01-2015,217,219.3,216.42,216.97
16-01-2015,219.2,219.59,215.71,216.17
15-01-2015,224.4,224.4,218.37,219.64
14-01-2015,216.02,217.4,213.6,215.01
13-01-2015,217,220.16,215,216.32
12-01-2015,212,218.25,211,216
09-01-2015,216.88,217.4,210.4,212.09
08-01-2015,215.98,216.79,214,215.52
07-01-2015,212,214.6,208.99,213.34
06-01-2015,217.8,218,211,211.9
05-01-2015,219.04,221.7,218.39,219.19
02-01-2015,217.18,220.38,216.92,219.25
01-01-2015,216.02,217.76,214.55,216.61
31-12-2014,217,218,215.07,216.78
30-12-2014,213.41,217.06,211.31,216.47
29-12-2014,215.57,215.8,213.12,213.68
26-12-2014,213,214.72,210.93,213.64
24-12-2014,211.7,213.6,210.92,211.94
23-12-2014,213.4,215.98,210.6,211.85
22-12-2014,208.64,211.8,206.51,211.08
19-12-2014,213.4,214.4,206.9,208.08
18-12-2014,206.6,212.61,205.08,211.03
17-12-2014,200,204.59,197,202.02
16-12-2014,210.2,212.84,200.5,201.7
15-12-2014,211,216.21,209.82,211.48
12-12-2014,215.4,216.87,209.55,211.93
11-12-2014,214.64,217.71,209.45,214.64
10-12-2014,209.22,215.2,209,214.44
09-12-2014,216.62,219.3,208.68,209.93
08-12-2014,221.6,224.99,215.5,217
05-12-2014,217.99,223.95,216.42,220.91
04-12-2014,218.04,220.25,214.4,217.04
03-12-2014,217,220.5,216.4,217.83
02-12-2014,215.07,221.65,212.64,216.91
01-12-2014,218.2,220.94,214.87,216.53
28-11-2014,204.56,219.89,204.11,217.44
27-11-2014,202.8,205.74,202.41,203.05
26-11-2014,201.9,204.68,200.28,202.33
25-11-2014,208.02,208.55,201.4,202.31
24-11-2014,208.66,211.17,206.88,208.05
21-11-2014,206.2,210.82,204.4,207.73
20-11-2014,208.8,208.8,202.5,205.1
19-11-2014,210.8,211.58,205.4,208.01
18-11-2014,211.42,213.68,209.6,211.2
17-11-2014,202,212,200.71,211.5
14-11-2014,200,203.62,199,202.96
13-11-2014,204,204,199.04,199.99
12-11-2014,202.4,204.8,200.8,203.76
11-11-2014,197.01,203.99,194.68,202.41
10-11-2014,194,198.55,193.2,197.01
07-11-2014,191.18,194,185.02,192.49
05-11-2014,190.6,192.95,188.75,190.53
03-11-2014,186,191.1,184.9,190.01
31-10-2014,183.42,186.6,182.44,185.9
30-10-2014,180.6,183.4,179.34,182.36
29-10-2014,184.96,185,180.4,181.26
28-10-2014,181.92,184.58,181.69,183.94
27-10-2014,178.8,182.74,176.82,181.13
23-10-2014,178.5,178.68,177.4,177.84
22-10-2014,178.92,179.4,176.32,177.57
21-10-2014,175,177.7,175,176.76
20-10-2014,177.21,178.8,173.29,174.73
17-10-2014,174.02,175.6,172.51,174.39
16-10-2014,174,177.1,172.23,173.54
14-10-2014,175.01,176,171.36,174.3
13-10-2014,170.23,174.3,170.04,173.07
10-10-2014,172.5,174.98,170.6,171.82
09-10-2014,173,176.96,173,174.22
08-10-2014,172,175.36,169.35,171.6
07-10-2014,178,179.98,172.85,173.28
01-10-2014,179.32,181.59,176.52,179.72
30-09-2014,178.41,181.7,178.02,180.46
29-09-2014,181,181.65,177.4,179.83
26-09-2014,177.4,180.98,172.44,179.35
25-09-2014,180.83,181.26,173.91,177.46
24-09-2014,185.6,187.03,179,181.12
23-09-2014,190.92,191.6,185.1,185.85
22-09-2014,188.99,192.74,187.48,190.92
19-09-2014,192.02,193.35,187.24,189.89
18-09-2014,184.3,192.29,184.3,191.45
17-09-2014,186.46,186.96,182.53,185.71
16-09-2014,190,191.94,183.52,184.63
15-09-2014,188.4,192.16,186.09,189.9
12-09-2014,184.46,189.76,182.72,188.92
11-09-2014,182.03,186.2,182,184.78
10-09-2014,178.8,182.58,178,181.22
09-09-2014,177.96,181.98,176.72,180.47
08-09-2014,178,178.8,176.6,178.05
05-09-2014,174.43,177.9,174.4,177.01
04-09-2014,175.45,176.8,174.2,175.33
03-09-2014,178.44,179.15,176,177.2
02-09-2014,178.04,180.78,176.4,177.94
01-09-2014,175.06,178.57,175.06,177.81
28-08-2014,177.8,178.68,173.2,174.3
27-08-2014,179.01,180.37,176.88,177.55
26-08-2014,179.13,179.19,175.81,178.27
25-08-2014,184.58,186.2,178.01,179.13
22-08-2014,181.8,185.94,181,183.97
21-08-2014,175.98,181.68,175.49,180.28
20-08-2014,176.8,177.52,174.48,176.06
19-08-2014,178.11,179.38,175.81,177.45
18-08-2014,174.6,178.2,174.27,177.26
14-08-2014,176,177.37,173.11,175.65
13-08-2014,180.6,181.28,174.02,175.02
12-08-2014,179.76,183.86,176.91,182.82
11-08-2014,174,179.85,172.23,178.53
08-08-2014,173.14,173.74,171.11,171.85
07-08-2014,177.71,179.4,174.24,175.68
06-08-2014,180.8,182,177.98,178.52
05-08-2014,180,183.85,178.66,181.88
04-08-2014,179.4,181.8,178.2,179.71
01-08-2014,172.72,180.05,171.38,178.72
31-07-2014,177.62,178.05,172.64,174.37
30-07-2014,174.26,177.72,171.01,177.32
28-07-2014,172.8,175.4,171.02,173.32
25-07-2014,177,177.38,171.58,172.43
24-07-2014,171.4,176.98,171.4,176.56
23-07-2014,168.09,172.81,168.09,170.73
22-07-2014,167.22,168.98,164.2,166.4
21-07-2014,167.25,170.98,166.47,167.48
18-07-2014,168,168.71,165.02,167.38
17-07-2014,166.26,170,165.6,169.19
16-07-2014,167.2,168.31,164.8,167.53
15-07-2014,161.72,166.54,160.82,165.91
14-07-2014,156.16,160.98,154.22,159.43
11-07-2014,164.47,165.94,155.8,156.53
10-07-2014,167.11,172.78,161,165.08
09-07-2014,166.05,168.8,163.27,166.89
08-07-2014,173.6,173.99,164.8,166.47
07-07-2014,176.2,176.4,172.42,173.02
04-07-2014,176,176.15,171.8,175.1
03-07-2014,176.4,177.9,174.6,175.19
02-07-2014,177.38,179.44,175.68,176.18
01-07-2014,176.37,177.33,174.4,175.65
30-06-2014,170.01,176.99,170.01,175.29
27-06-2014,170.58,172.26,168.01,169.27
26-06-2014,173.81,174.93,168.08,169.56
25-06-2014,173,175.2,172.26,173.59
24-06-2014,167.63,173.96,167.62,172.94
23-06-2014,166.6,168.96,164.04,167.02
20-06-2014,167.8,169.98,165.31,166.11
19-06-2014,173.49,174.18,167.65,168.74
18-06-2014,175,177.44,170.4,171.86
17-06-2014,169.24,175.8,168.73,175.25
16-06-2014,166.48,171.78,162.73,170.48
13-06-2014,175.2,176.76,167.41,168.17
12-06-2014,176.4,177.58,173.52,175.07
11-06-2014,177.4,181.88,176,178.27
10-06-2014,181.05,181.59,174.72,177.62
09-06-2014,182.2,183.6,179,181
06-06-2014,177.23,183.16,177.23,180.89
05-06-2014,178.6,180.23,175.83,177.02
04-06-2014,173.5,179.14,172.68,178.14
03-06-2014,176.36,178,171.39,173.9
02-06-2014,169.6,175.94,168.94,174.99
30-05-2014,175.4,177.96,167.74,168.53
29-05-2014,174,179.99,174,175.36
28-05-2014,177.39,180.24,174.2,174.8
27-05-2014,182.4,182.94,176.44,177.35
26-05-2014,193.4,194.91,174.73,182.29
23-05-2014,186.2,191.89,185,190.9
22-05-2014,187,188.8,184.17,185.02
21-05-2014,188.69,191.24,185.02,186.87
20-05-2014,195,195.97,186.82,187.41
19-05-2014,190,199,187.02,193.82
16-05-2014,190.2,202,184.4,186.83
15-05-2014,192.46,192.93,183,184.24
14-05-2014,177.39,195.16,175.58,191.57
13-05-2014,169.2,182.8,168.23,175.57
12-05-2014,167,169.9,166.34,167.97
09-05-2014,161.2,166.72,160.82,166.06
08-05-2014,161.2,162.4,160.5,161.98
07-05-2014,161,162.97,159.8,160.51
06-05-2014,162.98,163.69,160.25,161.17
05-05-2014,160,162.98,158.1,161.92
02-05-2014,164.2,165.74,159.6,160.25
30-04-2014,163.42,167.57,162.13,163.39
29-04-2014,164.1,165.6,162.05,163.43
28-04-2014,161.82,164.69,159.09,164.1
25-04-2014,161.31,164.6,160.2,161.86
23-04-2014,156.2,162.99,155.53,161.31
22-04-2014,157.6,158,154.94,156.1
21-04-2014,154.62,158.2,154.62,157.16
17-04-2014,152.8,154.78,149.66,154.26
16-04-2014,150.6,155.16,150.3,151.53
15-04-2014,156.65,156.79,149.51,150.62
11-04-2014,155.2,158.95,154.35,155.57
10-04-2014,158.96,159.62,155.53,157.42
09-04-2014,151.01,159.4,151.01,158.44
07-04-2014,151,151.8,147.8,150.07
04-04-2014,150.8,153.48,149.08,151.15
03-04-2014,156,156.05,150.22,151.43
02-04-2014,148.8,156.34,145.6,155.02
01-04-2014,146,148.12,142.92,147.37
31-03-2014,148.6,151,141.66,144.15
28-03-2014,141.13,148,140.84,146.26
27-03-2014,136.79,141.32,136.1,139.11
26-03-2014,133.91,136.4,133.3,135.79
25-03-2014,133,135.08,132,132.85
24-03-2014,131.63,134.28,131.63,133.02
21-03-2014,128.6,132,128.6,131.23
20-03-2014,130.95,131.29,127.26,128.25
19-03-2014,132.6,133.33,130.64,131.86
18-03-2014,132.57,134.4,131.36,131.92
14-03-2014,127,131.9,126.06,131.38
13-03-2014,128.85,132.2,127.67,128.69
12-03-2014,129.22,129.71,125.22,128.39
11-03-2014,131,132.78,126.4,129.58
10-03-2014,129.82,134.6,129.18,130.39
07-03-2014,123.7,131.66,123.2,129.91
06-03-2014,123.1,124.6,122.01,123.11
05-03-2014,116.4,123.1,115.68,122.61
04-03-2014,109.76,115.76,108.64,115.35
03-03-2014,110.14,112.96,108.6,109.19
28-02-2014,108.58,110.88,107.03,110.23
26-02-2014,107.13,108.75,106.44,107.67
25-02-2014,106,107.94,105.42,107.45
24-02-2014,103.03,105.85,102.64,105.55
21-02-2014,102.6,104.56,102.6,103.6
20-02-2014,105.74,105.74,102.23,102.76
19-02-2014,107.6,108.96,105.72,106.3
18-02-2014,106.62,109.1,106.55,107.58
17-02-2014,107.68,108.22,105.4,106.61
14-02-2014,106.78,108.13,106,107.26
13-02-2014,112.8,113,105.61,106.06
12-02-2014,113,115.4,112.07,112.35
11-02-2014,112.71,112.99,111.2,112.27
10-02-2014,112.4,113.32,111.68,112.46
07-02-2014,109.17,112.15,108.8,111.58
06-02-2014,108.61,111.19,106.85,107.65
05-02-2014,108.44,109.6,107.68,108.65
04-02-2014,104.7,108.96,104.09,108.48
03-02-2014,109.68,109.68,105.2,106.2
31-01-2014,106.47,110.48,106.3,109.68
30-01-2014,109.05,109.4,105,106.27
29-01-2014,115,115.6,110.9,111.16
28-01-2014,114,117.58,111.26,113.48
27-01-2014,118.65,118.65,112.63,113.73
24-01-2014,124.68,125.88,120,120.5
23-01-2014,125.76,126.94,125.06,125.41
22-01-2014,126.43,127.26,125.01,126.6
21-01-2014,124.98,128.56,124.98,126.46
20-01-2014,124.15,125.78,123.27,124.53
17-01-2014,128.3,128.9,125.33,125.67
16-01-2014,129.36,129.96,127.26,128.42
15-01-2014,124.4,128.99,124.4,128.58
14-01-2014,123.54,125,122.24,124.09
13-01-2014,123.18,124.7,121.29,123.52
10-01-2014,123.96,125.06,121.62,122.51
09-01-2014,125.65,126,123.33,124.05
08-01-2014,123.75,126.98,122.3,125.92
07-01-2014,127.84,128.79,122.82,123.36
06-01-2014,130,130,126.83,127.45
03-01-2014,128.6,130.49,127.32,129.97
02-01-2014,131.8,136.32,129.05,129.96
01-01-2014,129.46,132.11,128.64,131.47
31-12-2013,128.98,130.14,128.06,129.11
30-12-2013,131.6,131.92,128.08,128.49
27-12-2013,129.6,131.8,129.36,130.49
26-12-2013,129.78,131.2,128.56,129.37
24-12-2013,131.8,132.32,128.8,129.3
23-12-2013,131.18,133.86,130.07,131.61
20-12-2013,127.11,131.27,126.49,130.37
19-12-2013,131.44,131.6,126.83,127.73
18-12-2013,128.4,134.52,128.38,129.98
17-12-2013,133,133.57,128.86,129.62
16-12-2013,131.58,133.71,130.62,131.52
13-12-2013,134,134.56,131.23,132.07
12-12-2013,136.6,137.26,134.63,136.4
11-12-2013,140.02,140.2,137,137.87
10-12-2013,139.6,141.98,136.14,141.26
09-12-2013,141.3,143.39,138.71,139.77
06-12-2013,133.83,137.74,132.64,136.79
05-12-2013,132.6,135.2,132.6,133.93
04-12-2013,128.99,130.9,128,129.17
03-12-2013,129.51,131.5,128.85,129.61
02-12-2013,129.4,131.9,129.4,130.18
29-11-2013,123.4,129.6,123.4,128.92
28-11-2013,123.96,124.56,121.26,123.04
27-11-2013,122.29,123.92,121.44,122.58
26-11-2013,126,127.48,121.03,121.61
25-11-2013,122.57,126.98,122.5,126.61
22-11-2013,123.14,123.75,121,121.88
21-11-2013,124,124.32,120.4,121.5
20-11-2013,127.62,128.74,124.5,125.59
19-11-2013,123,128.4,123,128.02
18-11-2013,123,124.8,121.13,124.1
14-11-2013,119.04,121.35,118.82,120.64
13-11-2013,114.01,120.74,113.28,116.81
12-11-2013,118,120.31,114.74,115.28
11-11-2013,119.99,122.28,116.53,117.95
08-11-2013,121.4,122.98,118.6,120.31
07-11-2013,128.67,128.82,120.22,121.01
06-11-2013,133.02,134.15,127.68,128.67
05-11-2013,134.6,137.6,131.42,132.74
01-11-2013,127.24,139.2,127.24,134.37
31-10-2013,116,130,115.37,128.58
30-10-2013,119.4,120.59,115.61,116.25
29-10-2013,114.4,119.68,112.41,118.63
28-10-2013,119.4,120.41,113.09,113.83
25-10-2013,119,119.98,117.29,118.88
24-10-2013,118.6,122.54,118.22,119.48
23-10-2013,112.76,118.6,112.76,118.07
22-10-2013,114,114.01,110.55,112.63
21-10-2013,110.96,114,109.42,113.48
18-10-2013,107.8,111.48,107.71,110.82
17-10-2013,110.26,111.01,106.15,107.06
15-10-2013,115.2,115.2,109.4,110.38
14-10-2013,112.4,116,111.82,114.21
11-10-2013,109,113,107.76,112.56
10-10-2013,106.01,108,105.79,107.3
09-10-2013,103.28,106.5,102.8,106.02
08-10-2013,107.19,107.93,103.42,103.93
07-10-2013,103.5,104.02,101.3,103.51
04-10-2013,104.6,105.77,102.29,104.1
03-10-2013,100.4,105.4,99.86,104.99
01-10-2013,98.6,100.56,97.5,99.68
30-09-2013,99.01,99.54,96.64,98.71
27-09-2013,101.82,102.39,100,100.25
26-09-2013,101.31,103.44,100.71,101.83
25-09-2013,101.76,102.56,99.88,101.96
24-09-2013,100,103.47,98.71,100.74
23-09-2013,108.6,108.6,101.78,102.37
20-09-2013,115.05,115.6,104.86,110.03
19-09-2013,111.6,116.6,109.35,115.47
18-09-2013,103.89,106.98,103.31,106.12
17-09-2013,107,107,102.81,103.55
16-09-2013,109,109.68,104.56,107.36
13-09-2013,102.11,107.93,102.11,106.13
12-09-2013,105.6,106.1,100.92,104.11
11-09-2013,96.31,104.8,94.42,104.15
10-09-2013,100.02,100.93,95.61,96.31
06-09-2013,102.8,102.8,95.03,97.5
05-09-2013,95.2,101.39,94.57,100.51
04-09-2013,91,93.48,89.91,93.04
03-09-2013,94.9,95.55,91.05,92.25
02-09-2013,92.42,95.78,92.42,94.52
30-08-2013,90.23,95,90.07,92.16
29-08-2013,90.4,91.8,87.33,90.71
28-08-2013,89.8,91.43,86,89.15
27-08-2013,92,93.7,90.66,91.93
26-08-2013,95.34,95.79,92.77,94.66
23-08-2013,92,95,90.68,94.16
22-08-2013,89.6,92.97,88.4,92
21-08-2013,95.2,98.83,88.44,90.57
20-08-2013,88,90.59,85.99,90.17
19-08-2013,95,95,87.51,90.09
16-08-2013,103.8,104.4,95.06,95.85
14-08-2013,103.6,105.26,103,104.8
13-08-2013,102.07,105.56,101.68,103.91
12-08-2013,102.87,104.79,100.06,103.51
08-08-2013,100.44,103.79,98.03,102.61
07-08-2013,98.4,102.11,96.81,100.4
06-08-2013,99.46,99.46,97.02,97.75
05-08-2013,98,101.57,94.25,100.77
02-08-2013,104.01,104.31,96.41,97.53
01-08-2013,114.73,114.73,102.02,102.93
31-07-2013,110,113.2,105.92,112.32
30-07-2013,113,115.1,110.29,110.86
29-07-2013,115,115.21,112.37,112.97
26-07-2013,118,119.74,111.02,115
25-07-2013,117,121.1,115.47,116.61
24-07-2013,120.02,121,116.6,118.06
23-07-2013,119.68,124.69,119.4,124.05
22-07-2013,114,118.98,113.73,117.84
19-07-2013,114,115.18,111.11,114.26
18-07-2013,110,114.16,108.8,113.37
17-07-2013,113.59,114.4,109.18,109.56
16-07-2013,112.8,113.92,111,113.08
15-07-2013,113.5,119.38,112.5,118.1
12-07-2013,114.4,115.45,112.02,114.18
11-07-2013,113,114.99,112.67,113.64
10-07-2013,113.52,115.19,110,110.49
09-07-2013,112,115,111.73,113.7
08-07-2013,110.8,111.4,108.02,110.97
05-07-2013,111,112.48,110.4,111.71
04-07-2013,110,112.38,107,109.31
03-07-2013,117,117,108.49,108.79
02-07-2013,118,119.35,116.2,118.16
01-07-2013,115.09,118.84,114.4,118.18
28-06-2013,114.44,115.6,113.8,114.83
27-06-2013,114,116.33,112.68,113.27
26-06-2013,114.4,115.8,112.3,113.16
25-06-2013,110.6,114.2,109.66,113.3
24-06-2013,109.54,111.9,108.18,110.09
21-06-2013,115.58,116.01,107.96,109.94
20-06-2013,121.3,121.3,115.16,115.43
19-06-2013,122.71,124.38,122.41,122.99
18-06-2013,126.26,126.94,123,123.44
17-06-2013,127.2,128.65,124.4,127.13
14-06-2013,126,127.92,125.49,126.82
13-06-2013,126.4,127.2,124.22,125.01
12-06-2013,129.2,131.59,128.62,130.35
11-06-2013,129.2,132.56,129.2,130.13
10-06-2013,133.32,133.4,129.42,130.38
07-06-2013,134.1,136.3,131.2,131.53
06-06-2013,131.2,136.3,131,135
05-06-2013,130.8,132.58,130.4,131.91
04-06-2013,132.1,134.6,131.1,131.96
03-06-2013,132.5,134.29,130.83,132.45
31-05-2013,135.8,136.2,128.62,130.33
30-05-2013,135.2,138,134.6,137.09
29-05-2013,136.91,137.2,135.21,135.89
28-05-2013,136.9,138.96,135.8,136.76
27-05-2013,137.4,138.23,135.6,136.45
24-05-2013,139.4,140.96,135.56,138.3
23-05-2013,141.4,141.4,137.12,137.98
22-05-2013,147.31,148,141.6,142.19
21-05-2013,146.8,149.76,145.53,147.07
20-05-2013,149.54,151.98,146.3,146.93
17-05-2013,145.4,148.8,144.24,148.09
16-05-2013,145.4,148.8,144.86,145.57
15-05-2013,141.4,146,140.4,145.59
14-05-2013,137.61,141.3,136.82,140.85
13-05-2013,140.4,141.58,136.49,138.01
10-05-2013,139.04,140.98,137.81,140.64
09-05-2013,138.4,141.8,136.28,139.98
08-05-2013,141.22,142.4,137.3,138.42
07-05-2013,140.1,143.39,139.8,140.98
06-05-2013,140,140.8,137.22,140.06
03-05-2013,141.6,142.88,138.31,139.89
02-05-2013,139.02,143,138.39,142.38
30-04-2013,140.6,141.07,135.1,139.79
29-04-2013,139.6,141,138.98,139.74
26-04-2013,141.4,141.96,138.6,139.51
25-04-2013,138.6,144.4,138.6,141.71
23-04-2013,139.8,140.41,135,138.54
22-04-2013,138.2,140.97,138.2,139.77
18-04-2013,135.8,138.36,134.44,137.65
17-04-2013,137.8,139.4,133.72,135.12
16-04-2013,135.6,136.84,134.8,136.25
15-04-2013,129.8,137.6,129.02,135.57
12-04-2013,128.4,132.22,127.6,131.07
11-04-2013,130.62,131.16,127.7,129.75
10-04-2013,128,130.2,126.21,129.78
09-04-2013,129.4,131.97,126.64,127.41
08-04-2013,129.92,131.1,128.01,128.68
05-04-2013,131.03,132.4,130.28,131.16
04-04-2013,133.6,133.6,130.2,131.1
03-04-2013,138.51,138.51,133.34,134.42
02-04-2013,137.1,140.12,136.68,139.16
01-04-2013,135.97,137.44,134.11,136.94
28-03-2013,132.98,136.6,132.28,135.08
26-03-2013,130.83,133.91,130.32,132.98
25-03-2013,136.8,137.64,131,131.65
22-03-2013,129.92,138,129.92,135.33
21-03-2013,137.6,138.97,129.6,130.28
20-03-2013,139.8,141.14,137,137.47
19-03-2013,144.04,145.41,139.63,140.34
18-03-2013,142.4,144.94,142.39,143.69
15-03-2013,144.41,146.56,143.5,144.01
14-03-2013,143.6,146.8,141.84,145
13-03-2013,148.2,148.2,143.24,144.21
12-03-2013,148.79,149.18,146.41,148.15
11-03-2013,146.47,149.19,145.92,148.37
08-03-2013,146.2,147.2,144.86,146.47
07-03-2013,145.93,147,143.54,145.29
06-03-2013,143.59,148.35,143.4,145.92
05-03-2013,142.02,143.8,141.02,142.31
04-03-2013,140.62,143.41,140.24,141.84
01-03-2013,139.2,144.55,138.18,141.75
28-02-2013,147.9,148.6,137.16,139.13
27-02-2013,146.17,147.95,144.24,147.25
26-02-2013,145.8,146.6,144.31,145.31
25-02-2013,148.7,148.98,145.45,146.17
22-02-2013,148.71,149.36,147.11,148.12
21-02-2013,151.5,152.58,148.2,149.15
20-02-2013,153.8,154.48,151.79,152.4
19-02-2013,150.53,153.41,150.53,153.15
18-02-2013,151.8,152.96,151.53,151.89
15-02-2013,150.85,152.48,149.82,151.52
14-02-2013,151.53,153.28,150.82,151.62
13-02-2013,152.8,155.14,151.92,152.19
12-02-2013,153.6,154.69,151.65,154.3
11-02-2013,154.76,155.7,152.6,153.06
08-02-2013,155.01,155.73,152.62,153.65
07-02-2013,158.6,160.59,153.5,154.62
06-02-2013,157.78,160.99,157.7,159.08
05-02-2013,158.4,159.53,155.29,156.46
04-02-2013,173.8,175.17,159.64,160.83
01-02-2013,173.55,175.22,172.6,173.6
31-01-2013,166.21,174.39,166.21,173.55
30-01-2013,170.22,171.84,165.65,166.46
29-01-2013,174.36,176.19,168.6,169.33
28-01-2013,176.4,176.98,173.16,174
25-01-2013,167.4,177.66,166,176.4
24-01-2013,173.41,174.96,167.1,167.92
23-01-2013,176,176,169.3,173.5
22-01-2013,176.45,179.6,173.82,174.25
21-01-2013,177.94,179.36,175.6,176.2
18-01-2013,173.8,179.17,173.6,176.93
17-01-2013,174.64,175.8,172.78,173.4
16-01-2013,174.91,176.8,172,174.71
15-01-2013,174.6,177.09,174.6,175.57
14-01-2013,174.82,176.55,172.6,175.81
11-01-2013,176.98,177.38,173.65,174.39
10-01-2013,174.98,177.27,174.21,176.73
09-01-2013,177.4,177.8,173.21,174.02
08-01-2013,175.6,177.35,173.25,176.47
07-01-2013,177.4,178.24,174.85,175.67
04-01-2013,177,178.36,175.61,176.86
03-01-2013,178.4,179.8,175.66,177.91
02-01-2013,177.22,179.58,176.72,177.51
01-01-2013,174.4,177,174.2,176.71
31-12-2012,172,175.1,171.69,173.29
28-12-2012,173.12,173.6,170.05,171.53
27-12-2012,172.14,173.2,170.01,171.92
26-12-2012,170.96,172.19,169.62,171.13
24-12-2012,169.1,170.8,166.92,169.83
21-12-2012,170.88,170.88,167.58,168.72
20-12-2012,172.05,172.97,169,171.83
19-12-2012,171.96,173.8,170.04,172.27
18-12-2012,170,171.39,165.34,169.97
17-12-2012,169.6,169.98,167,168.26
14-12-2012,162.16,169.59,160.42,168.29
13-12-2012,164.4,166.68,162.72,163.32
12-12-2012,166.28,166.28,163.01,163.9
11-12-2012,166.3,167.8,163.63,165.12
10-12-2012,160.6,166.26,158.77,165.63
07-12-2012,159.2,160.79,158.4,159.64
06-12-2012,157.98,159,154.72,158.26
05-12-2012,156,157.76,154.57,156.48
04-12-2012,151.62,154.88,151.4,154.3
03-12-2012,152.66,153.68,151.04,151.62
30-11-2012,149.19,153.96,148.22,152.52
29-11-2012,147.2,149.2,146.25,147.81
27-11-2012,145.4,146.92,145.31,145.97
26-11-2012,146,146.6,144.2,144.7
23-11-2012,147.05,147.6,145.29,145.56
22-11-2012,146.45,147.56,144.93,146.79
21-11-2012,144.72,146.8,143.16,146.24
20-11-2012,146.3,147,144.19,144.7
19-11-2012,148.4,148.85,145.13,145.73
16-11-2012,150.36,152.13,146.31,147.12
15-11-2012,150.2,151.44,148.6,150.51
13-11-2012,152,153,151,151.2
12-11-2012,151.6,153.2,150.59,152.13
09-11-2012,153.24,154.58,150.21,151.37
08-11-2012,153.8,155.4,152.41,153.48
07-11-2012,150.21,157,149.23,155.64
06-11-2012,148.04,151.33,148.04,150.84
05-11-2012,148.6,149.89,148.07,148.96
02-11-2012,148.02,149.2,146.6,148.63
01-11-2012,144.21,147.4,144.12,146.81
31-10-2012,143.25,145.4,142,145.13
30-10-2012,150.4,153.11,142.25,143.7
29-10-2012,151.6,153.02,150.02,150.85
26-10-2012,153.6,155,152,152.69
25-10-2012,156.78,157.98,153,153.85
23-10-2012,154.5,158,154.5,156.78
22-10-2012,158.41,159.45,155.33,156.89
19-10-2012,159.01,161.88,157.02,159.37
18-10-2012,154.8,160.76,154.1,160
17-10-2012,155.28,155.28,151.64,154.07
16-10-2012,156.65,157.8,152.6,153.4
15-10-2012,155.8,157.58,154.41,155.94
12-10-2012,157.96,159.2,155,155.45
11-10-2012,153.64,158.58,151.22,157.73
10-10-2012,153.74,155.9,152.6,153.24
09-10-2012,155,156.18,152.58,154.56
08-10-2012,158.58,158.58,153.44,154.17
05-10-2012,159.8,161.03,144.74,158.88
04-10-2012,156.9,159.32,156.24,158.72
03-10-2012,157,157.37,155.4,156.08
01-10-2012,159.8,160.69,156.42,156.93
28-09-2012,157,160.48,156.04,159.56
27-09-2012,155.6,156.35,153.9,155.61
26-09-2012,154.98,155.91,152.02,155.13
25-09-2012,155.44,158.47,152.86,155.92
24-09-2012,155.2,156.86,153.2,154.4
21-09-2012,150.74,156.98,150.74,156.06
20-09-2012,147.6,151.8,142.4,149.51
18-09-2012,146.6,149.78,144.98,149.11
17-09-2012,137.18,147.32,137.18,145.21
14-09-2012,129.92,137.25,129.9,136.16
13-09-2012,128.8,129.56,127.27,127.85
12-09-2012,130.06,130.6,128.06,128.78
11-09-2012,125.45,129.66,125.45,129.27
10-09-2012,126.2,127.08,125.8,126.75
07-09-2012,123.55,126.15,123.27,125.89
06-09-2012,122,123.58,121.11,121.91
05-09-2012,124.6,125.58,122.2,122.52
04-09-2012,124.6,126.42,124.6,125.88
03-09-2012,127.05,128.11,125.02,125.47
31-08-2012,125.8,127.61,125.05,126.37
30-08-2012,123.67,127.99,122.22,127.07
29-08-2012,125.4,126.52,124.02,124.86
28-08-2012,123.8,126.56,122,125.29
27-08-2012,128.8,128.85,124.45,124.97
24-08-2012,128.13,129.75,127.8,128.82
23-08-2012,129.29,130.85,127.85,129.25
22-08-2012,126.41,129.7,126.41,129.04
21-08-2012,127.6,128.17,126.6,127.37
17-08-2012,128.6,129.01,126.6,127.34
16-08-2012,128.3,129.88,128.01,128.53
14-08-2012,125.9,128.93,125.02,127.72
13-08-2012,126,126.78,124.45,125.61
10-08-2012,128.24,129,124.4,125.43
09-08-2012,132.28,132.6,128.86,129.09
08-08-2012,132.8,132.8,131.4,131.82
07-08-2012,130.46,132.9,130.4,131.71
06-08-2012,131.8,132.15,130.42,130.76
03-08-2012,130,130.97,129,130.06
02-08-2012,131.8,132.6,130.8,131.36
01-08-2012,131.98,134,130.86,132.85
31-07-2012,135.59,135.59,128.64,131.22
30-07-2012,130.02,135.54,127.16,134.48
27-07-2012,136,136,129.18,129.96
26-07-2012,135.4,135.68,130.95,133.18
25-07-2012,136.4,136.8,135,135.57
24-07-2012,136.4,138.2,136,137.42
23-07-2012,137.8,138.77,135.34,136.16
20-07-2012,138.81,140.36,137.85,139.27
19-07-2012,145.3,145.3,138.2,139.12
18-07-2012,146.2,146.5,142.62,143.17
17-07-2012,146,147.17,145.6,146.05
16-07-2012,144.06,146.19,143.24,145.32
13-07-2012,144.62,146.42,143.36,143.78
12-07-2012,145.6,146.6,143.4,144.15
11-07-2012,146,147.6,145.31,147.13
10-07-2012,141.72,146.4,141.72,146.01
09-07-2012,144.02,144.89,141.7,142.03
06-07-2012,147.3,147.3,144,145.36
05-07-2012,146.1,147,144.81,146.6
04-07-2012,145.96,146.7,144.81,146.33
03-07-2012,147.32,147.32,144.46,144.84
02-07-2012,147.4,147.4,145.4,145.63
29-06-2012,145.6,146.89,144.46,146.58
28-06-2012,143.8,144.9,142.72,144.25
27-06-2012,142.41,143.88,142.41,143.47
26-06-2012,139.8,142.38,139.26,141.55
25-06-2012,142,144.4,138.62,139.68
22-06-2012,138.5,142.1,137.61,141.73
21-06-2012,135.22,140.48,134.21,139.84
20-06-2012,135.19,136.7,134.7,136.12
19-06-2012,134.22,135.73,132,133.92
18-06-2012,142.4,142.6,134.2,135.56
15-06-2012,140.2,141.46,139.02,140.57
14-06-2012,141,142.44,137.88,138.82
13-06-2012,145.35,146.16,143.02,143.92
12-06-2012,141.6,146.53,141.6,145.73
11-06-2012,146.2,146.96,141.6,142.83
08-06-2012,142.68,145.6,141.66,144.86
07-06-2012,145,145.56,142.17,144.01
06-06-2012,139.6,144.76,139.6,143.98
05-06-2012,136.02,139,135.12,138.62
04-06-2012,130.4,136.8,128.51,135.82
01-06-2012,137.2,137.2,130.62,131.64
31-05-2012,136.6,141,134.4,137.75
30-05-2012,138.6,138.6,136.94,137.85
29-05-2012,138.97,140.19,138,139.01
28-05-2012,134,138.8,134,137.72
25-05-2012,136.62,137.31,133.02,134.46
24-05-2012,132.2,138.37,129.9,136.83
23-05-2012,134.89,134.89,130.4,131.43
22-05-2012,134.2,135.7,131.54,134.11
21-05-2012,128,133.74,128,133.27
18-05-2012,127.8,129.2,125.87,127.98
17-05-2012,128.01,132.7,127.62,128.61
16-05-2012,125.2,130.5,125.2,128.21
15-05-2012,123.77,127.68,123,126.56
14-05-2012,129.61,130.91,123.66,124.94
11-05-2012,127,131.4,127,129.76
10-05-2012,127.45,131.78,126.27,128.36
09-05-2012,130,132.66,127.4,128.29
08-05-2012,137.61,139.48,130.62,131.79
07-05-2012,136,137.68,130.98,135.98
04-05-2012,146,148.05,136.3,137.39
03-05-2012,151.11,151.63,145.07,146.29
02-05-2012,153.06,154.78,151.01,151.64
30-04-2012,150.6,154.4,150.6,153.98
27-04-2012,153,154.98,150.8,152.05
26-04-2012,152.02,155.03,151.25,153.24
25-04-2012,152.74,153.77,149.71,153.11
24-04-2012,150.36,153.1,149.12,151.72
23-04-2012,151.8,152.8,148.11,148.91
20-04-2012,154,155.74,151.16,151.99
19-04-2012,156.9,158.18,154.36,155.1
18-04-2012,159.76,159.83,156.66,157.51
17-04-2012,158.88,160.1,155.05,157.95
16-04-2012,161.4,161.4,157.05,158.07
13-04-2012,160.96,161.6,157,157.42
12-04-2012,157.63,161,157.59,159.94
11-04-2012,154.8,158.13,153.81,157
10-04-2012,159.77,159.77,155.44,156.65
09-04-2012,161.78,161.78,157.81,158.72
04-04-2012,160.2,161.18,159.86,160.25
03-04-2012,160,162.01,158.8,160.85
02-04-2012,158,161.7,158,158.99
30-03-2012,154.39,160.92,154.39,159.23
29-03-2012,155.8,157.6,151.64,153.87
28-03-2012,157.99,158.79,154.31,157.04
27-03-2012,159.02,161.2,157.08,158.68
26-03-2012,160.98,161.68,157,157.9
23-03-2012,158,161.2,156.04,160.63
22-03-2012,162.4,164.38,156.08,157.14
21-03-2012,159,163.88,157.1,163.14
20-03-2012,158.8,160.12,156.2,158.46
19-03-2012,162.41,162.7,157.34,158.26
16-03-2012,168.8,170.01,161.08,161.8
15-03-2012,172,172,165.8,168.21
14-03-2012,167.79,170,164.6,169.17
13-03-2012,166.2,167,163.4,164.05
12-03-2012,164.6,166.96,163.71,165.67
09-03-2012,159.78,163.2,159.51,162.38
07-03-2012,160.35,162.56,156.42,158.04
06-03-2012,162,166.2,159.24,160.95
05-03-2012,164.09,166.2,160.28,163.6
02-03-2012,167.8,167.8,162.83,164.98
01-03-2012,160.89,165.94,160.89,164.56
29-02-2012,162.88,165.6,158.92,160.88
28-02-2012,152.4,162.86,150,162.06
27-02-2012,160.99,160.99,151.2,152.07
24-02-2012,163.59,165.38,157.6,159.1
23-02-2012,163.98,165.8,158.81,161.68
22-02-2012,175.19,175.19,162.02,163.54
21-02-2012,172.6,175.8,170.81,173.55
17-02-2012,174,176.2,162.18,172.7
16-02-2012,170.4,173.2,169.01,172.71
15-02-2012,167.94,171.4,167.4,170.55
14-02-2012,164.23,168.4,164.23,166.08
13-02-2012,165.79,166.85,161.2,164.14
10-02-2012,161.2,166.05,160.82,164.94
09-02-2012,160,162.19,159.4,161.16
08-02-2012,157.06,161.4,155.05,160.33
07-02-2012,158,160.34,156.22,156.76
06-02-2012,153.93,158,153.21,157.21
03-02-2012,151,153.6,148.02,152.44
02-02-2012,151.78,153.76,149.24,151.02
01-02-2012,148.88,151.96,148.4,151.1
31-01-2012,150.38,151.42,148,150.75
30-01-2012,151.4,153.8,147.2,148.11
27-01-2012,157.8,158.28,151.09,152.05
25-01-2012,161,166,156,157.76
24-01-2012,156.54,164.84,153.81,159.92
23-01-2012,156.4,159.18,153.82,155.59
20-01-2012,150.6,157,149,155.98
19-01-2012,151,151.5,147.66,148.59
18-01-2012,152.8,153,148.2,148.7
17-01-2012,146.8,153.42,146.8,151.72
16-01-2012,144.44,147,141.84,146.37
13-01-2012,146.22,147.76,144.25,145.4
12-01-2012,144.58,146.48,143.03,145.64
11-01-2012,143.4,144.76,142.13,144.08
10-01-2012,139.97,143.58,139.79,142.88
09-01-2012,140.77,141,138.3,139.17
06-01-2012,137,141,136.64,140.45
05-01-2012,140.4,141.57,137.73,138.92
04-01-2012,140.98,142,138.26,140.21
03-01-2012,134.39,140.98,134.39,140.05
02-01-2012,134.02,134.02,130.67,133.64
30-12-2011,136.79,137.98,130.13,133.07
29-12-2011,131,139.38,129.61,136.55
28-12-2011,135.2,135.39,130.91,131.8
27-12-2011,135.81,137,133.17,135.14
26-12-2011,134.42,136.59,133.99,135.72
23-12-2011,135,137.74,134.04,135.12
22-12-2011,134.2,137.2,132,136.29
21-12-2011,129.76,136.5,129.1,134.11
20-12-2011,137,137.35,126.2,128.32
19-12-2011,140.86,140.86,130.8,136.13
16-12-2011,144.72,146,138.2,140.85
15-12-2011,142.65,146.18,142.4,143.9
14-12-2011,144.22,146.6,143,143.65
13-12-2011,142.4,145.52,140.01,143.68
12-12-2011,147,147,141.31,142.63
09-12-2011,145.6,147.96,140.56,145.22
08-12-2011,146,149.38,145.29,146.18
07-12-2011,148.4,149.6,146.2,148.13
05-12-2011,146.58,148.7,145.01,147.91
02-12-2011,142.8,146.82,141.06,146.16
01-12-2011,144,146.57,141.6,142.24
30-11-2011,142.8,143.71,138.62,140.02
29-11-2011,148.37,149.4,142.05,142.92
28-11-2011,147.98,149.6,145.64,148.22
25-11-2011,138.4,146.7,137.02,145.41
24-11-2011,138.96,138.96,135.13,137.17
23-11-2011,139.95,140.74,136.38,138.75
22-11-2011,140.8,143.4,138.2,139
21-11-2011,140.8,142.94,139.6,140.59
18-11-2011,147.41,149.98,141.78,143.56
17-11-2011,148.6,150.59,146.6,148.3
16-11-2011,153.18,153.75,147.09,149.31
15-11-2011,155.65,157.92,151.66,152.96
14-11-2011,157.03,157.72,153.91,155.61
11-11-2011,158.84,160.07,153.49,155.17
09-11-2011,164.12,164.95,156.64,157.88
08-11-2011,163.57,165,160.5,163.75
04-11-2011,164.8,166.72,161.8,162.94
03-11-2011,155,165.73,155,164.39
02-11-2011,159.12,161.29,154.39,160.03
01-11-2011,154.2,162.28,154,159.67
31-10-2011,148.4,156.38,147,154.23
28-10-2011,145.84,151.64,145.84,147.91
25-10-2011,147,147.04,140.97,143.86
24-10-2011,149.41,151.4,145.53,146.52
21-10-2011,150,150.77,147.49,148.66
20-10-2011,149,150.4,148.27,149.82
19-10-2011,150.01,151,149.22,150.06
18-10-2011,150.47,150.47,148.22,149.22
17-10-2011,155.9,155.9,150.31,151.98
14-10-2011,152.07,154.97,151.51,154.12
13-10-2011,152.2,153.84,150.55,153.06
12-10-2011,149,151.92,147.73,151.31
11-10-2011,149.8,150.8,147,148.74
10-10-2011,148.76,149.94,146.73,148.31
07-10-2011,148,150.08,147.16,148.11
05-10-2011,147.8,148.95,144.42,145.72
04-10-2011,148.26,155.39,144.62,146.97
03-10-2011,149.23,151.57,148.47,149.65
30-09-2011,157,159,152.1,152.46
29-09-2011,157.21,160.1,156.84,158.95
28-09-2011,162.38,162.8,156.45,158.75
27-09-2011,160.24,162.98,159.98,162.21
26-09-2011,154,161.36,152.72,159.28
23-09-2011,151.59,156.71,149.6,155.17
22-09-2011,156.06,157.16,151.44,152.81
21-09-2011,153.59,159.55,152.4,158.6
20-09-2011,151.18,154.24,150,153.98
19-09-2011,153.34,155.35,151,151.83
16-09-2011,153.8,157.4,153.47,154.88
15-09-2011,150.21,155,149.5,154.24
14-09-2011,148,151.6,147.61,150.21
13-09-2011,151.39,154,146.56,148.5
12-09-2011,150.25,152.31,148.2,150.49
09-09-2011,151.8,155.63,151.26,152.31
08-09-2011,153,153.98,150.84,152.04
07-09-2011,148.6,154,147.96,153.26
06-09-2011,147.34,147.8,142.22,146.51
05-09-2011,144,148.9,143.02,147.67
02-09-2011,146,147.4,144.03,145.77
30-08-2011,146.4,148.4,144.27,147.26
29-08-2011,140.44,146.4,138.6,146.16
26-08-2011,142,145.2,136.26,138.25
25-08-2011,145.16,145.77,141,142.85
24-08-2011,148,149.58,143.8,145.16
23-08-2011,146.4,148.28,143.41,147.17
22-08-2011,149.02,149.02,142.6,146.53
19-08-2011,150,152.32,145.7,148.89
18-08-2011,160.38,160.38,147.71,151.62
17-08-2011,160.02,161.34,155.8,158.55
16-08-2011,166.75,166.75,159.04,160.22
12-08-2011,169.16,169.17,164.02,165.05
11-08-2011,171.38,172.2,166.2,167.28
10-08-2011,175.56,175.56,170.79,171.81
09-08-2011,166.4,171.5,166.02,169.79
08-08-2011,170.6,173.66,164.6,171.39
05-08-2011,173.6,174.39,167.65,172.45
04-08-2011,175.2,177.92,174.6,175.5
03-08-2011,172,177,169.06,174.73
02-08-2011,175,175,172.11,173.57
01-08-2011,179.59,179.59,173,175.78
29-07-2011,174,176.2,171.6,175.75
28-07-2011,171.71,174.91,171.71,173.71
27-07-2011,180.2,180.2,172.2,175.09
26-07-2011,182.83,185.1,174.42,179.77
25-07-2011,180.4,183.38,179.46,182.74
22-07-2011,179,181.97,177.68,180.62
21-07-2011,179.2,180.56,176.23,177.08
20-07-2011,178.79,180.75,178.03,179.45
19-07-2011,176.04,178.88,175.8,178.29
18-07-2011,176.4,178,175.4,175.98
15-07-2011,177.4,179.13,175.37,176.11
14-07-2011,175.09,179.2,173.11,177.14
13-07-2011,176.4,177.7,174.6,175.26
12-07-2011,174.79,174.95,171.6,174.39
11-07-2011,179.32,179.58,173.4,175.54
08-07-2011,181.99,183.06,178.03,179.15
07-07-2011,178.57,182.11,177.8,181.7
06-07-2011,179.2,179.73,177.06,178.58
05-07-2011,181.2,189.69,176,179.16
04-07-2011,175.99,177.8,174.22,176.76
01-07-2011,175.6,178.63,172.86,174.16
30-06-2011,172.85,175.58,172.85,174.67
29-06-2011,176.32,176.32,172.85,173.28
28-06-2011,177.41,179.01,173.8,175.02
27-06-2011,172,177.8,171.95,177.07
24-06-2011,168.68,174.15,168.68,173.31
23-06-2011,170.45,170.45,166.02,169.55
22-06-2011,172.12,173.43,171.42,172.28
21-06-2011,172.88,175.2,171.23,171.72
20-06-2011,172,173,169,171.63
17-06-2011,170.22,172.9,170.22,171.9
16-06-2011,170.6,173.98,166.56,171.86
15-06-2011,173.46,173.46,171.04,172.38
14-06-2011,173.52,175.78,172.4,173.06
13-06-2011,174.02,174.2,171.29,173.92
10-06-2011,176,177,173.2,174.19
09-06-2011,173.97,176.95,173.97,175.89
08-06-2011,172.35,175.18,171.39,173.58
07-06-2011,170.02,172.98,169.27,172.24
06-06-2011,170.02,172,167.46,170.58
03-06-2011,171.13,173.2,169.8,170.37
02-06-2011,171.68,173.34,169.2,172.56
01-06-2011,173,174,171.81,173.24
31-05-2011,168.54,173.6,168,172.79
30-05-2011,168.2,169.49,167,167.84
27-05-2011,163.3,168.9,163.3,167.86
26-05-2011,164.8,167.09,162.08,162.99
25-05-2011,164.52,166.4,163.31,164.9
24-05-2011,161.8,165.8,160.5,165.21
23-05-2011,167.6,167.6,161.22,161.58
20-05-2011,167.04,170.48,166.88,167.56
19-05-2011,169.1,171.36,166.27,166.81
18-05-2011,171.99,173.76,168.02,168.47
17-05-2011,180.34,180.34,171.67,172.65
16-05-2011,176.4,181.6,174.8,180.1
13-05-2011,176.98,177.96,174.24,176.71
12-05-2011,175.3,178.05,174.82,176.01
11-05-2011,178.44,179.36,176,177.08
10-05-2011,177.21,179.22,174.98,178.43
09-05-2011,174.77,178.28,174.34,177.22
06-05-2011,171.07,174.7,168,174.12
05-05-2011,170.13,175.5,168.66,169.99
04-05-2011,172.6,173.23,164.05,169.86
03-05-2011,177.8,181.6,171.2,172.73
02-05-2011,181.02,183.59,176.78,177.97
29-04-2011,189,189.4,181.02,182.38
28-04-2011,198.8,201.33,187.28,188.36
27-04-2011,198.01,198.7,195,198.06
26-04-2011,197.01,199.2,195,197.97
25-04-2011,196.01,198.72,195.92,196.75
21-04-2011,198.4,199.4,195,195.65
20-04-2011,196.1,197.99,195,197.18
19-04-2011,195.2,196.5,193.36,195.68
18-04-2011,197.13,198.58,194.07,195.04
15-04-2011,195.2,198.8,194.4,196.78
13-04-2011,191.8,195.5,191.08,195
11-04-2011,192.03,194.63,191.45,192.82
08-04-2011,197.94,197.94,191.08,193.02
07-04-2011,190.1,197,188.64,195.99
06-04-2011,192.4,194.4,190.6,192.02
05-04-2011,188.35,192.68,188.35,192.41
04-04-2011,190.18,191.4,188.18,190.19
01-04-2011,191.07,192.57,188.27,189.16
31-03-2011,193.41,194.73,187.03,192.97
30-03-2011,188.39,194.8,188.39,192.29
29-03-2011,188.6,190.4,186,187.86
28-03-2011,185.7,191.18,184.97,189.14
25-03-2011,181,186,179,185.57
24-03-2011,178.2,182.4,178.15,180.66
23-03-2011,177.2,180.6,177.2,179.82
22-03-2011,176.44,180.6,176.44,178.98
21-03-2011,179.61,179.61,176.85,178.14
18-03-2011,178.44,182.36,178.3,179.12
17-03-2011,180.48,183.09,180.02,181.03
16-03-2011,180.4,183.5,180.4,182.31
15-03-2011,179.2,180.58,176.69,179.8
14-03-2011,176.62,181.7,176.62,181.01
11-03-2011,180.77,182.2,178,178.4
10-03-2011,180.81,182.45,178.72,181.87
09-03-2011,182.48,184.8,180.43,181.98
08-03-2011,179.03,183.54,178.16,182.48
07-03-2011,177,180.4,173.76,179.03
04-03-2011,172.08,180.38,172.08,176.65
03-03-2011,178,182.14,176.01,177.5
01-03-2011,175.98,179.8,174.8,178.33
28-02-2011,193.8,193.8,171.71,174.15
25-02-2011,169.57,175.6,167.57,174.01
24-02-2011,175.46,176.99,166.21,167.76
23-02-2011,174.41,179.76,174.41,176.18
22-02-2011,180,180,175.26,176.33
21-02-2011,180.6,181.6,174.62,180.44
18-02-2011,185,186.57,179.05,180.08
17-02-2011,181.58,185.6,181,183.95
16-02-2011,184.96,185.36,180.8,181.61
15-02-2011,180.4,184.98,175.92,183.81
14-02-2011,173.8,180.96,171,179.45
11-02-2011,159.05,172.6,159.05,171.35
10-02-2011,163.6,167,159.62,163.24
09-02-2011,164,165.56,160.61,163.12
08-02-2011,169.96,170,163.6,164.05
07-02-2011,165,168.54,165,165.26
04-02-2011,169.06,173.29,165.24,166.43
03-02-2011,168.72,172.95,168.72,171.44
02-02-2011,171.02,173.99,171.01,172.07
01-02-2011,175,175.58,169.6,171.05
31-01-2011,163.52,175.48,162.38,173.9
28-01-2011,169.55,170.8,165.02,166.86
27-01-2011,171.1,176.4,167.35,168.69
25-01-2011,177.98,178.4,161.1,173.78
24-01-2011,167.6,175.5,167.4,174.7
21-01-2011,165.8,168.76,164.64,167.36
20-01-2011,166,166,162.72,164.88
19-01-2011,163.2,165.65,163.05,165.17
18-01-2011,166.21,169.6,161.05,162.58
17-01-2011,165.4,168,162.24,165.89
14-01-2011,163.06,168.4,163.05,165.41
13-01-2011,167.44,172.94,163.78,165.96
12-01-2011,170.4,174,165.82,171.04
11-01-2011,169.1,175.76,166.45,171.98
10-01-2011,170,172.18,167.67,169.71
07-01-2011,167.71,171.58,165,169.78
06-01-2011,175.61,177.17,165.83,167.71
05-01-2011,175.6,176.6,173.46,175.07
04-01-2011,174.34,180.65,173,175.61
03-01-2011,179.44,181.39,177.43,178.46
31-12-2010,180.4,182.6,178.4,179.34
30-12-2010,178,180.47,177.2,179.95
29-12-2010,177.6,179,176.6,178.31
28-12-2010,174.64,178.4,174.64,177.89
27-12-2010,177.3,179.6,176.42,177.16
24-12-2010,177.2,179.19,175.98,178.34
23-12-2010,178.2,179.58,177.23,177.97
22-12-2010,179.59,180.6,177.25,178.52
21-12-2010,177.85,180,177.85,178.66
20-12-2010,178.7,180.96,176.24,177.6
16-12-2010,177,180.56,174.61,178.7
15-12-2010,181.72,183.7,173.22,176.63
14-12-2010,179.4,181.48,176.63,180.86
13-12-2010,176.31,179.74,173.42,177
10-12-2010,176.25,180.04,173.47,176.01
09-12-2010,178.7,182.56,172.4,176.07
08-12-2010,178.05,181.2,177.56,178.5
07-12-2010,183.4,184.4,177.16,180.51
06-12-2010,192.07,193.59,183.4,185.46
03-12-2010,198.8,198.8,191.05,191.84
02-12-2010,192.96,199.9,192.3,193.67
01-12-2010,190.8,192.68,182.06,191.11
30-11-2010,181.2,188.99,177.12,187.45
29-11-2010,178,183,176.01,182.16
26-11-2010,179.7,184.07,167.25,178.87
25-11-2010,187,189.7,175,179.24
24-11-2010,193.2,194.61,180.33,185.61
23-11-2010,189,194.2,185.01,192.76
22-11-2010,188.82,194.8,183.88,193.33
19-11-2010,192.22,192.46,186.35,187.29
18-11-2010,195.2,197.8,189,191.94
16-11-2010,198,198.3,192.01,194.41
15-11-2010,196.93,198.4,189.78,197.13
12-11-2010,199.6,201.69,195.41,196.45
11-11-2010,204.6,205.62,200.65,201.36
10-11-2010,202.8,206.4,201.66,204.25
09-11-2010,204.79,204.79,199.76,202.23
08-11-2010,207.6,209.99,205.81,206.28
05-11-2010,208.2,210.38,206.2,208.36
04-11-2010,207.51,208.8,205.89,207.79
03-11-2010,207.19,208.6,205.6,206.72
02-11-2010,203.7,206.88,203.59,205.14
01-11-2010,204.4,205.27,200.6,203.99
29-10-2010,203.5,204.32,195.87,202.83
28-10-2010,198.65,209.8,196.98,202.2
27-10-2010,195.96,199.77,192.92,198.26
26-10-2010,198.98,198.98,195.06,195.9
25-10-2010,197.14,201.39,196.4,197.41
22-10-2010,199.01,200.4,197.2,197.94
21-10-2010,194.11,200.48,194.11,198.88
20-10-2010,192.8,199,192.05,195.56
19-10-2010,199.95,199.95,192.6,193.91
18-10-2010,192.76,198.6,189.8,197.4
15-10-2010,195.94,197,191.31,192.07
14-10-2010,193.23,197.14,193.04,195.82
13-10-2010,180.4,195.03,180.4,193.69
12-10-2010,193.76,195.78,188.2,193.73
11-10-2010,189,194.14,187.43,193.09
08-10-2010,185.03,190.4,185.02,188.44
07-10-2010,183.64,186.6,182.73,184.12
06-10-2010,184.4,187.03,182.23,184.67
05-10-2010,181.98,183.6,181,181.73
04-10-2010,178,181.98,178,180.86
01-10-2010,174.52,177.98,174.52,177.44
30-09-2010,176,177.94,173.59,174.5
29-09-2010,176.2,178.8,175.4,177.23
28-09-2010,175.6,177.6,174.84,175.81
27-09-2010,175.6,176.38,173.6,174.94
24-09-2010,172.7,175.78,171.85,175.24
23-09-2010,175,175.38,171.21,172.66
22-09-2010,174.31,176.52,173.44,174.51
21-09-2010,176.6,177.9,173.12,174.06
20-09-2010,174,176.98,173.76,176.12
17-09-2010,177.8,181,173.4,174.6
16-09-2010,172.6,181.2,172.6,176.72
15-09-2010,175.21,175.98,173.09,173.78
14-09-2010,173.8,178.26,172.43,174.22
13-09-2010,169.2,174,168.8,173.58
09-09-2010,167.8,169.64,167.11,168.53
08-09-2010,164.2,169.8,164.2,167.66
07-09-2010,164.12,167.38,164.12,165.93
06-09-2010,165.8,167.35,164.99,166.68
03-09-2010,166.6,167.8,164.4,165.01
02-09-2010,164.2,167.68,162.63,166.5
01-09-2010,161.2,164,160.46,163.71
31-08-2010,159.4,164.38,158.4,160.99
30-08-2010,162.8,164.6,159.04,160.25
27-08-2010,166.2,166.2,160.8,162.33
26-08-2010,163.6,167.4,163.6,165.9
25-08-2010,161.2,164.97,161.2,163.33
24-08-2010,165.2,166.38,162.1,162.82
23-08-2010,165,168,165,166.34
20-08-2010,166,167.6,165.01,166.12
19-08-2010,167.4,169.6,165.61,166.3
18-08-2010,166.21,169.5,165.66,168.38
17-08-2010,150.22,168.36,150.22,166.49
16-08-2010,153.32,158.19,153.32,157.05
13-08-2010,154,157.48,154,155.88
12-08-2010,151.05,154.8,150.04,153.87
11-08-2010,152.6,152.99,151.4,152.43
10-08-2010,153.69,154.77,150.5,152.38
09-08-2010,152.9,154.75,151.19,154.07
06-08-2010,154.43,155,151.02,151.92
05-08-2010,151.72,155.6,151.72,153.55
04-08-2010,155.6,156.32,153.31,154.07
03-08-2010,155.6,156.15,151.63,155.59
02-08-2010,151.02,153.38,150.8,152.64
30-07-2010,146.7,152.8,146,150.47
29-07-2010,142.42,147.9,142.42,146.84
28-07-2010,142.32,146.68,142.32,143.26
27-07-2010,144.4,145.3,143,144.79
26-07-2010,144.66,145.48,142.3,144.28
23-07-2010,143.12,146.6,143.12,145.04
22-07-2010,144,146.2,144,145.3
21-07-2010,146,147.75,144.46,145.34
20-07-2010,145.02,148.43,145.02,146.54
19-07-2010,145.01,147.78,144.51,146.63
16-07-2010,143.4,147.38,143.4,145.52
15-07-2010,141.64,144.2,141.52,143.35
14-07-2010,143.27,144.4,142.46,143.21
13-07-2010,143,144.38,142.45,142.86
12-07-2010,141.72,145.8,139.05,143.01
09-07-2010,143.02,144.38,142.62,143.29
08-07-2010,143.78,145.98,142.6,143.8
07-07-2010,142.8,144.62,142.58,143.53
06-07-2010,143.07,144,142.63,142.93
05-07-2010,142,144,142,143.07
02-07-2010,144,145.02,142.44,143.11
01-07-2010,138.16,144.76,138.16,143.92
30-06-2010,140.4,141.4,138.65,140.37
29-06-2010,140.52,144.98,140.52,141.51
28-06-2010,138.98,143.18,138.98,142.75
25-06-2010,138,143.16,135.65,138.67
24-06-2010,140.6,141.35,137.05,138.07
23-06-2010,142.58,143.9,141.4,142.25
22-06-2010,142.16,145.2,142.03,142.84
21-06-2010,140.02,144.8,140.02,144.21
18-06-2010,142.2,143.7,140.22,140.89
17-06-2010,145.8,145.9,142.3,142.85
16-06-2010,146,147.95,144.4,144.99
15-06-2010,146,146.79,145.51,146.02
14-06-2010,146.31,147.58,145.95,146.14
11-06-2010,147.11,148.8,144.96,145.81
10-06-2010,145.98,147.38,145.22,146.54
09-06-2010,148.18,148.4,144.21,146.02
08-06-2010,147.91,150.46,145.8,146.76
07-06-2010,147,150.9,144.12,149.18
04-06-2010,147.9,149.96,147.05,148.36
03-06-2010,143.4,148.41,143.11,147.68
02-06-2010,141.11,143.54,141,142.33
01-06-2010,141.1,145.58,139.64,141.8
31-05-2010,139.12,143.38,139.12,142.14
28-05-2010,140,145.2,140,141.37
27-05-2010,136.7,144.8,135.26,143.58
26-05-2010,138,138,134.68,136.7
25-05-2010,136.97,138.22,134.27,134.91
24-05-2010,136.4,139.96,136.4,137.76
21-05-2010,134.15,137.2,134.15,136.44
20-05-2010,135.2,139.42,135.2,138.19
19-05-2010,136.2,137.75,134.22,135.08
18-05-2010,136,138.25,134.82,136.25
17-05-2010,137.2,137.2,130.72,135.21
14-05-2010,140.2,140.36,136.11,137.3
13-05-2010,141,142.59,138.51,139.64
12-05-2010,139.64,140.98,136.85,140.35
11-05-2010,139.22,141.12,138.03,139.25
10-05-2010,139.8,140.98,138.28,139.67
07-05-2010,140.4,142.37,137.63,138.35
06-05-2010,139.6,144.18,139.6,143.54
05-05-2010,135.72,141.28,135.72,140.66
04-05-2010,142,142.8,138.22,139.02
03-05-2010,137.65,142.2,137.05,141.65
30-04-2010,139.4,139.9,137.62,138.44
29-04-2010,137,140.4,136.22,138.32
28-04-2010,132,137.92,132,137.18
27-04-2010,136,136.37,133.71,135.37
26-04-2010,130.23,135.76,129.53,134.97
23-04-2010,129.9,131.6,129.18,129.87
22-04-2010,125.05,130.8,125.05,129.17
21-04-2010,127.82,128.4,125.39,125.77
20-04-2010,128,128.9,126.11,127.75
19-04-2010,124.8,128.38,124.02,128.04
16-04-2010,125.8,126.71,123.17,126.15
15-04-2010,129.1,129.2,124.8,125.8
13-04-2010,129,129.78,128.04,128.97
12-04-2010,133,133.4,128.05,128.73
09-04-2010,132.24,134.28,130.71,133.16
08-04-2010,132.85,135.48,131,132.11
07-04-2010,133.45,135.4,133.4,133.94
06-04-2010,135.2,135.8,132,135.04
05-04-2010,129,139.48,129,134.66
01-04-2010,128.4,130.6,128.4,129.92
31-03-2010,128.64,129.38,127.01,127.81
30-03-2010,127.98,130.94,127.04,128.61
29-03-2010,128,129.46,126.3,127.35
26-03-2010,125,129.6,124.54,127.98
25-03-2010,124,126.74,123.4,125.32
23-03-2010,126,127.12,123.65,124.94
22-03-2010,120.25,125.97,120.25,124.98
19-03-2010,122.02,123.4,122.02,123.05
18-03-2010,122.02,123.63,121.7,122.86
17-03-2010,121.64,123.6,121.05,122.02
16-03-2010,120.72,122.8,120.08,121.32
15-03-2010,121.72,123.77,121.72,122.43
12-03-2010,123.79,124.94,122.64,123.77
11-03-2010,121.9,125,121.2,124.24
10-03-2010,122,122.6,120.44,122.07
09-03-2010,120.4,123.6,118.05,122.07
08-03-2010,119.62,121.79,119.31,120.19
05-03-2010,122,123.8,118.33,118.95
04-03-2010,122.96,124.78,120.8,121.85
03-03-2010,121.6,126.7,119.62,120.78
02-03-2010,117.98,123.78,117.23,122.1
26-02-2010,114.62,118.55,113.66,116.71
25-02-2010,113.4,115.36,113.17,114.18
24-02-2010,114.2,115.53,112.42,113.17
23-02-2010,113.66,116,112.32,114.75
22-02-2010,115,118.16,112.45,113.12
19-02-2010,116.16,121.36,113.15,114.02
18-02-2010,115.97,118.4,114.98,117.82
17-02-2010,115,116.16,114.43,115.4
16-02-2010,112.56,114.8,110.7,114.15
15-02-2010,112,112.68,110.16,110.85
11-02-2010,109.78,113.33,109.78,111.57
10-02-2010,113.61,114.92,111,111.46
09-02-2010,112.18,115.3,112.18,113.61
08-02-2010,112.12,116.4,112.12,114.6
05-02-2010,109.03,114.36,109.03,111.96
04-02-2010,111.23,116.58,111.23,113.96
03-02-2010,107.54,117.78,107.54,116.04
02-02-2010,117.07,118.94,113.25,113.88
01-02-2010,115.2,119.36,114.18,117.98
29-01-2010,107.8,117.98,107.8,115.1
28-01-2010,101.11,111.88,101.11,111.28
27-01-2010,103.07,108,101.85,104.41
25-01-2010,108,109.77,105.53,106.7
22-01-2010,105.11,110.62,105.11,109.46
21-01-2010,112,113,109.23,110.02
20-01-2010,110.24,113.56,110.24,112.51
19-01-2010,109.78,112.2,109.78,111
18-01-2010,105.11,112,105.11,109.48
15-01-2010,109.04,109.04,107,107.81
14-01-2010,105.11,109.94,105.11,108.84
13-01-2010,105.11,108.64,105.11,107.59
12-01-2010,109.11,110.6,107.48,108.1
11-01-2010,105.11,111.2,105.11,109.27
08-01-2010,107,108.57,107,107.84
07-01-2010,103.11,108,103.11,107.41
06-01-2010,108.97,108.97,104.43,106.77
05-01-2010,106.97,106.97,103.2,106.12
04-01-2010,101.11,103.6,101.11,103.14
31-12-2009,102.9,104.49,101.02,102.79
30-12-2009,101,103.74,101,103.31
29-12-2009,104.82,104.82,101.03,101.48
24-12-2009,102.78,103.9,101.6,102.82
23-12-2009,101.4,102,100.81,101.71
22-12-2009,101.4,101.4,100.38,100.91
21-12-2009,101.96,101.96,99.06,100.08
18-12-2009,98.03,101.2,98.03,100.38
17-12-2009,102,102,97.81,99.84
16-12-2009,99,101.6,98.4,100.04
15-12-2009,101.92,103.2,98.56,98.9
14-12-2009,97.98,102.93,97.98,101.72
11-12-2009,104.8,104.8,99.25,99.9
10-12-2009,102.63,103.34,101.78,102.07
09-12-2009,104,105.57,101.6,101.72
08-12-2009,101.11,106.58,101.11,105.93
07-12-2009,105.4,107,105.2,106.11
04-12-2009,102.15,106.97,102.15,106.58
03-12-2009,108.36,108.36,104.65,106.45
02-12-2009,107.28,108.28,105.2,106.28
01-12-2009,105.98,105.98,101.05,104.76
30-11-2009,105.88,108.5,100.02,104.58
27-11-2009,106,107,99.23,103.97
26-11-2009,110,111.4,108.06,109.34
25-11-2009,108.44,111.78,108.44,111.38
24-11-2009,108.94,109.78,106.24,109.35
23-11-2009,106.03,109.07,106.03,107.84
20-11-2009,108,108.8,105.05,108.06
19-11-2009,106.4,108.18,105.13,106.15
18-11-2009,106.2,109.2,106.2,106.87
17-11-2009,110.56,110.56,107.07,108.91
16-11-2009,108.4,110.56,108,108.46
13-11-2009,108,109.8,107.62,108.41
12-11-2009,110.81,112.7,108,108.72
11-11-2009,104.13,112,104.13,111.2
10-11-2009,103.11,110.49,103.11,107.33
09-11-2009,105.2,108.4,104.9,107.97
06-11-2009,105.6,106.74,103.72,104.79
05-11-2009,100.39,103.68,100.39,103.15
04-11-2009,103.98,103.98,101.66,102.93
03-11-2009,98.04,104.67,98.04,101.81
30-10-2009,103.57,107.38,101.4,101.84
29-10-2009,97.11,103.4,96.8,102.42
28-10-2009,95.24,103.5,93.4,98.67
27-10-2009,95.24,98.8,95.24,96.98
26-10-2009,97,100.56,97,97.96
23-10-2009,98.98,102.92,98.98,99.75
22-10-2009,101,104.9,98,100.69
21-10-2009,101.59,105.5,100.6,101.01
20-10-2009,109.77,109.77,105.28,105.86
16-10-2009,105.67,108.2,102.5,107.43
15-10-2009,100.39,104,100.39,103.71
14-10-2009,99.2,102.8,99.2,101.94
12-10-2009,97.6,99.4,96.55,98.83
09-10-2009,98.42,100,96.26,97.71
08-10-2009,93.06,99.12,93.06,98.03
07-10-2009,97.8,99.4,91.05,97.69
06-10-2009,94.27,96.56,92.25,96.21
05-10-2009,96,96.78,92.93,93.39
01-10-2009,95.22,97.73,95,96.1
30-09-2009,96.6,97,94.8,96.34
29-09-2009,94.47,97.4,86.12,96.08
25-09-2009,96.27,97.48,94.64,95.38
24-09-2009,93.58,95.97,92.47,95.33
23-09-2009,94,95.9,93.2,93.81
22-09-2009,93.11,95.44,92,93.09
18-09-2009,95.25,97.27,93.36,94.58
17-09-2009,98,99.19,95.7,96.57
16-09-2009,97.54,98.78,96.8,97.9
15-09-2009,94.98,97.7,93.92,97.21
14-09-2009,91.29,93.97,90.06,93.5
11-09-2009,91.24,91.6,90,90.99
10-09-2009,91.58,92.7,90.02,90.84
09-09-2009,86.52,91.2,86.52,90.34
08-09-2009,86.6,88.74,86.5,87.5
07-09-2009,86.94,87.2,85.47,86.79
04-09-2009,86.04,86.04,84.8,85.46
03-09-2009,86.2,86.97,84.83,85.05
02-09-2009,88.54,88.54,84.91,85.43
