Date,PNB-EQ O,PNB-EQ H,PNB-EQ L,PNB-EQ C
30-08-2019,65.25,65.9,63.35,64.9
29-08-2019,65.55,66.15,63.75,65.05
28-08-2019,67.3,67.95,64.9,65.65
27-08-2019,66.8,68.2,66.3,67.15
26-08-2019,68,68,63.4,65.75
23-08-2019,61.5,64,60.95,63.6
22-08-2019,64.1,64.3,61.1,61.45
21-08-2019,65.75,66.4,63.25,64.05
20-08-2019,67.5,67.75,64.6,65.6
19-08-2019,67.95,69.1,66.9,67.3
16-08-2019,65.55,68.45,64.95,68.1
14-08-2019,65.9,66.35,64.9,65.55
13-08-2019,66.7,67.55,65.05,65.35
09-08-2019,66.75,67.55,65.55,66.55
08-08-2019,64.6,66.9,64.2,66.65
07-08-2019,68.25,68.7,63.55,64.05
06-08-2019,66.7,68.35,66.1,67.95
05-08-2019,67,68.25,64.4,66.6
02-08-2019,67.5,68.9,66.7,67.65
01-08-2019,69,69.2,66.4,67.5
31-07-2019,67,69.5,66.6,69.2
30-07-2019,69.2,69.65,66.3,66.9
29-07-2019,68.85,70.3,67.65,69.3
26-07-2019,66.5,69.65,65.95,68
25-07-2019,68.4,69,65.6,66.05
24-07-2019,68.4,69.8,67.75,68.2
23-07-2019,72.8,73,68,68.4
22-07-2019,72.7,73.55,71.45,72.5
19-07-2019,73.55,73.8,72.3,72.8
18-07-2019,75.35,75.75,72.45,73.2
17-07-2019,75.8,76.15,74.4,75.35
16-07-2019,73.9,76.15,73.6,75.75
15-07-2019,75,75.25,72.7,73.45
12-07-2019,74.6,75.9,73.6,75.4
11-07-2019,73.05,74.85,72.75,74.55
10-07-2019,74.8,74.9,72,72.75
09-07-2019,71.8,74.65,71,74.35
08-07-2019,76.3,77.95,72.4,72.8
05-07-2019,82.5,83.4,80.85,81.8
04-07-2019,81.5,83.3,81.5,82.05
03-07-2019,80.4,81.6,80,81.25
02-07-2019,80.9,81.15,79.7,80.35
01-07-2019,80,81.2,78.9,80.85
28-06-2019,78.5,81.7,78,79.55
27-06-2019,79,79.85,77.7,78
26-06-2019,77.15,79.45,76.65,78.9
25-06-2019,76.7,77.55,76.3,77.1
24-06-2019,77,77.6,76.3,76.85
21-06-2019,76.85,78.15,76.25,76.9
20-06-2019,75.8,77.25,75,76.95
19-06-2019,75.25,76.3,74,75.4
18-06-2019,75.45,77.35,74.55,75.45
17-06-2019,77,77.4,75.65,75.95
14-06-2019,76.4,77.8,76.2,76.75
13-06-2019,77.15,77.95,73.6,76.2
12-06-2019,78.45,79.9,78.15,79.2
11-06-2019,77.95,79.15,76.85,78.6
10-06-2019,80.4,80.7,76.7,77.35
07-06-2019,79.1,79.9,77.6,79.2
06-06-2019,81,82.35,79.2,79.55
04-06-2019,81.9,83.9,81.5,82.4
03-06-2019,80.7,82.4,79.35,82.05
31-05-2019,82.2,82.9,79.6,80.65
30-05-2019,82.35,83.05,80.7,81.45
29-05-2019,85,85.4,81.3,81.75
28-05-2019,90.2,90.9,85.1,86.2
27-05-2019,87.9,91.2,87.65,89.25
24-05-2019,84.4,88.85,84.05,88.2
23-05-2019,87,89.75,83,83.7
22-05-2019,85.6,85.7,82.65,84.6
21-05-2019,88.45,89,84.9,86.1
20-05-2019,86.5,89.35,85.55,88.35
17-05-2019,80.6,83.4,79.35,82.75
16-05-2019,82.95,82.95,79.4,81
15-05-2019,82.95,83.45,81.9,82.3
14-05-2019,79.25,83.6,78.25,82.95
13-05-2019,86.15,86.2,79.05,79.8
10-05-2019,85,87.25,84.4,86.25
09-05-2019,84.1,85.35,82.8,84.25
08-05-2019,83.75,85.4,83.25,83.95
07-05-2019,86.7,87.15,83.4,83.95
06-05-2019,86.35,87.55,85.6,86.25
03-05-2019,86.95,87.8,86.3,87.15
02-05-2019,84.25,87.85,84,86.1
30-04-2019,88.15,88.15,83.6,84.9
26-04-2019,87.45,88.4,86.45,88.15
25-04-2019,88,89.15,86.05,86.75
24-04-2019,87.7,88.8,86.75,88.35
23-04-2019,86.55,89,86.5,87.2
22-04-2019,89.9,90,86.15,86.65
18-04-2019,92.55,92.8,89.7,90.05
16-04-2019,93.5,93.95,92.35,92.8
15-04-2019,93.8,94.45,93,93.85
12-04-2019,92.8,93.6,92.2,93.35
11-04-2019,93.4,93.55,92,92.7
10-04-2019,94,94.95,93.05,93.35
09-04-2019,93.2,94.65,91.6,94.35
08-04-2019,93.75,95,92.3,93.1
05-04-2019,94.3,94.75,92,93.1
04-04-2019,94,95.75,92.85,93.65
03-04-2019,99.4,99.8,93.9,94.45
02-04-2019,97.65,99.8,96.05,98.3
01-04-2019,96.1,99.9,96.1,97.5
29-03-2019,95.8,97.55,95,95.5
28-03-2019,93.9,95.8,93.35,95.35
27-03-2019,93.5,95.05,92.8,93.4
26-03-2019,91.2,93.1,90.7,92.5
25-03-2019,89.55,91.25,89.2,90.3
22-03-2019,95.95,95.95,90.6,91.55
20-03-2019,91,94.15,89.35,93.55
19-03-2019,87.65,91.95,87.5,90.5
18-03-2019,86.45,87.1,85.05,86.65
15-03-2019,85.3,87.3,85.1,86.05
14-03-2019,85.05,85.75,83.7,84.45
13-03-2019,85.2,85.95,83.3,84.85
12-03-2019,86.75,87.35,84.75,85.4
11-03-2019,84.1,86.45,84.1,85.85
08-03-2019,85.35,85.85,83.6,83.8
07-03-2019,82.45,86.2,81.3,85.45
06-03-2019,82.7,83.8,81.4,82.4
05-03-2019,77,83.35,76.25,82.65
01-03-2019,73,77,72.7,76.65
28-02-2019,71.55,72.7,71.45,72.3
27-02-2019,72.5,73.6,70.95,71.5
26-02-2019,72.8,72.8,70.1,71.85
25-02-2019,73.4,73.75,72.9,73.5
22-02-2019,72.95,73.95,72.5,73.2
21-02-2019,76,76,72.65,73.15
20-02-2019,70.4,71.45,70.25,71.1
19-02-2019,69.3,71.5,69.1,69.95
18-02-2019,70.25,71.1,68.7,69
15-02-2019,72,73.2,69.4,70.05
14-02-2019,69.5,72.65,68.7,72.25
13-02-2019,71.7,71.85,69.1,69.45
12-02-2019,71.2,72.25,70.85,71.35
11-02-2019,71.4,71.45,70.3,70.85
08-02-2019,75,75,70.65,71.2
07-02-2019,75.65,76.6,74.85,75.65
06-02-2019,74.1,75.65,72.8,75.2
05-02-2019,74.5,76.5,72,73.4
04-02-2019,74.05,74.1,71.05,73.15
01-02-2019,78,78.4,73.55,73.9
31-01-2019,77.7,77.8,75.45,77.5
30-01-2019,77.75,78.25,76.7,77.25
29-01-2019,76.15,78.5,75.55,77.3
28-01-2019,77,78.15,75.75,76.1
25-01-2019,78.35,80.45,75.9,76.6
24-01-2019,77.75,78.55,77.25,78.1
23-01-2019,78.6,79.4,77.3,77.75
22-01-2019,80.2,80.5,78.3,78.6
21-01-2019,82.85,83.55,79.65,80.25
18-01-2019,84.55,84.85,82.5,82.85
17-01-2019,84.3,85.05,82.95,84.55
16-01-2019,82,85,81.85,84.25
15-01-2019,82.85,83.4,81.5,81.95
14-01-2019,80.35,82.9,79.1,82.5
11-01-2019,81.25,81.55,80.35,80.65
10-01-2019,80.3,81.65,80.1,81.25
09-01-2019,82,82.15,79.8,80.7
08-01-2019,80.55,81.95,79.75,81.7
07-01-2019,82.45,82.9,80,80.55
04-01-2019,78,81.9,77.65,81.3
03-01-2019,78.1,78.95,77.05,77.85
02-01-2019,79.55,80.4,77.3,77.85
01-01-2019,78.6,80,78.05,79.8
31-12-2018,78.7,79.45,77.85,78.1
28-12-2018,78,79,77.9,78.45
27-12-2018,78.45,78.85,77.3,77.95
26-12-2018,77,78.3,74.7,77.75
24-12-2018,76.7,77.35,75.85,76.7
21-12-2018,77.75,78.8,75.7,76.35
20-12-2018,76.4,78.1,75.65,76.1
19-12-2018,74.9,77.25,74.75,76.95
18-12-2018,72.6,75.8,72.15,74.25
17-12-2018,72.8,73.25,71.9,72.85
14-12-2018,71,73.4,70.8,72.65
13-12-2018,71.6,72.5,70.95,71.35
12-12-2018,69.1,72,69.05,70.8
11-12-2018,63.5,69.15,63.35,68.7
10-12-2018,64.9,65.85,64,64.85
07-12-2018,66.4,67,64.45,66
06-12-2018,68.5,68.65,65.85,66.1
05-12-2018,69.5,70.1,68.4,68.95
04-12-2018,71.45,71.9,69.25,69.55
03-12-2018,70,72,69.45,71.45
30-11-2018,70,70.5,69,69.9
29-11-2018,70.1,70.35,68.85,69.65
28-11-2018,72.95,73,69.1,69.6
27-11-2018,71.25,73.15,70.6,72.45
26-11-2018,72.1,72.2,69.85,71.25
22-11-2018,73,73.4,71.4,71.7
21-11-2018,71.35,73,71,72.7
20-11-2018,72.3,74.3,70.65,71.3
19-11-2018,73.9,74.05,72.5,73.3
16-11-2018,71.4,74.15,70.6,73.2
15-11-2018,70.75,71.6,69.75,71.15
14-11-2018,70.5,72.05,70.1,70.75
13-11-2018,68.5,70.3,68.45,70
12-11-2018,72,72.1,69.7,70.5
09-11-2018,71,72.4,70.2,71.65
07-11-2018,71,71.2,70.6,70.95
06-11-2018,71.2,71.55,69.9,70.6
05-11-2018,68.7,70.95,67.4,70.4
02-11-2018,74.95,78.7,68.05,69.05
01-11-2018,74.4,75,73.2,74.3
31-10-2018,73.8,74.25,71.7,73.65
30-10-2018,71,75.25,70.75,72.55
29-10-2018,66.85,71.8,65.6,70.9
26-10-2018,66,67.25,65.25,66.15
25-10-2018,65.2,66.7,65,65.65
24-10-2018,65.8,66.35,64.6,65.8
23-10-2018,65.45,66.25,63.85,64.75
22-10-2018,66.9,67.45,65.4,65.7
19-10-2018,66.2,67.4,65.25,66
17-10-2018,71,71.15,66.1,66.5
16-10-2018,68.2,70.35,67.85,69.95
15-10-2018,67,67.95,65.35,67.55
12-10-2018,65.1,67.65,65.05,66.5
11-10-2018,64,66,63.1,64.3
10-10-2018,62.8,66.95,62.3,66.3
09-10-2018,63.45,63.9,61.5,62.65
08-10-2018,64,64.6,61.1,62.85
05-10-2018,65,66.35,63,63.85
04-10-2018,63.15,65.5,62.85,64.8
03-10-2018,63.8,66.35,62.7,64.65
01-10-2018,60,63.55,58.55,63.2
28-09-2018,62.55,63.4,58.45,59.7
27-09-2018,67.7,67.7,61.25,62.5
26-09-2018,68.15,69.2,66.25,67.05
25-09-2018,69.15,69.65,63.65,66.95
24-09-2018,74,74.4,68.65,69.2
21-09-2018,79.55,80.35,67.4,72.85
19-09-2018,79.5,80.75,78.7,79.25
18-09-2018,82.2,82.6,78.6,79.3
17-09-2018,82.4,84.05,81,83
14-09-2018,82.7,83.3,82.05,82.8
12-09-2018,81.8,82.35,79.2,81.15
11-09-2018,83.8,84.5,81.4,81.7
10-09-2018,83.75,85,82,82.7
07-09-2018,83.35,84.65,82.45,84.4
06-09-2018,84,84.7,82.85,83.25
05-09-2018,83.2,83.85,81.4,83.1
04-09-2018,86.4,86.85,82.85,83.15
03-09-2018,88.3,89.3,86,86.35
31-08-2018,84.5,88.45,83.65,88.15
30-08-2018,84.1,85.9,83.6,85.1
29-08-2018,83.4,84.8,82.9,84.15
28-08-2018,85.5,85.8,82.5,82.9
27-08-2018,86.5,87.15,85,85.25
24-08-2018,85.2,87.9,85.05,85.8
23-08-2018,83.7,85.95,82,84.5
21-08-2018,84.25,84.9,83.25,83.65
20-08-2018,84,84.9,82.8,84.2
17-08-2018,82.5,83.9,82.3,83.45
16-08-2018,79.15,82.75,78.65,81.55
14-08-2018,81,81.85,79.5,79.9
13-08-2018,82.5,82.65,79.6,80.4
10-08-2018,83.95,84.75,82.6,83.25
09-08-2018,81.7,83.85,81.15,83.4
08-08-2018,83.45,83.6,80.05,80.45
07-08-2018,90.25,91.55,82.5,82.85
06-08-2018,89.5,90.7,88.2,90.05
03-08-2018,85.7,89.3,85.5,88.15
02-08-2018,86.1,86.7,84.45,85.15
01-08-2018,85.1,88.7,84.5,87.4
31-07-2018,86,87.2,84.3,85.1
30-07-2018,83.25,86.95,83.25,85.9
27-07-2018,81.1,84.45,80.85,82
26-07-2018,80.1,81.75,79.7,80.85
25-07-2018,79.6,80.45,78.4,79.25
24-07-2018,79.4,80.3,78.3,79.3
23-07-2018,75.55,79.8,74.95,78.95
20-07-2018,75.5,76.2,74.7,75.55
19-07-2018,75.55,76.9,74.2,75.3
18-07-2018,80,81.95,74.5,75.2
17-07-2018,74.3,79.8,74.1,78.7
16-07-2018,75.2,75.4,73.5,73.85
13-07-2018,76.3,76.35,73.15,73.85
12-07-2018,76.1,77.7,75.75,76.1
11-07-2018,78,78.2,75.35,75.55
10-07-2018,78.25,78.9,77.45,77.85
09-07-2018,78,78.6,77.45,77.8
06-07-2018,75.95,78,75.45,76.95
05-07-2018,76.05,78,75.15,75.55
04-07-2018,76.9,77.15,75.6,76.1
03-07-2018,78,78.15,75.85,77.15
02-07-2018,76.8,79.75,74.4,78.15
29-06-2018,73.55,76.35,73.55,76.15
28-06-2018,76.75,78.5,71.65,72.8
27-06-2018,79.85,80.25,75.25,76.75
26-06-2018,79.5,81.15,78.85,79.85
25-06-2018,81.9,82.4,79.5,79.8
22-06-2018,83.4,83.7,81.6,81.9
21-06-2018,86.25,86.55,83.2,83.4
20-06-2018,86.8,87.6,85.7,86.2
19-06-2018,88.3,89.65,86.45,86.8
18-06-2018,89.5,90.65,88.2,88.5
15-06-2018,92.1,93.15,89.6,89.85
14-06-2018,91,92.3,89.3,91.7
13-06-2018,92.15,93.2,90.9,91.3
12-06-2018,91.4,92.7,90.65,91.75
11-06-2018,92,94.7,91.1,91.6
08-06-2018,86,91.2,85.4,90.45
07-06-2018,85.1,86.85,84.35,86.1
06-06-2018,82.75,85.5,82.3,84.7
05-06-2018,83.2,83.8,81.05,82.65
04-06-2018,83.6,85,82.2,83.2
01-06-2018,84,84.85,82.05,82.95
31-05-2018,86.65,87,83.25,83.65
30-05-2018,84.6,87,84.3,86.1
29-05-2018,88.5,89.2,85.25,85.65
28-05-2018,83.7,89.6,83.6,88.7
25-05-2018,81.95,84.55,81.3,83.35
24-05-2018,80.7,82.5,80.05,82.1
23-05-2018,81.4,83.5,79.7,80.55
22-05-2018,78.05,83.55,76.6,81.55
21-05-2018,76,78.7,75.3,78.15
18-05-2018,76.4,77,74.5,74.75
17-05-2018,76,77,74.4,76.45
16-05-2018,79.15,80,74.15,75.6
15-05-2018,89,91.5,83.55,85.95
14-05-2018,89,90.85,88,89.3
11-05-2018,91.85,91.9,87.2,88.8
10-05-2018,93.1,93.65,91.05,91.4
09-05-2018,93.2,93.5,92.7,93
08-05-2018,94.2,95.65,92.35,92.65
07-05-2018,92.5,94.65,92.1,93.8
04-05-2018,92.75,93.15,91.1,91.55
03-05-2018,93,93.6,91.8,92.05
02-05-2018,95.9,96,92.55,92.8
30-04-2018,94.4,95.7,93.35,95.4
27-04-2018,91.25,94.6,91.1,93.4
26-04-2018,92.35,92.6,90.5,91
25-04-2018,93.1,93.8,92,92.3
24-04-2018,94.4,94.65,92.9,93.15
23-04-2018,93.9,95.4,93.25,94.1
20-04-2018,95.2,95.5,92.8,93.6
19-04-2018,97.85,97.85,95.8,96.1
18-04-2018,98.05,99,97,97.15
17-04-2018,99.8,100.35,97.6,97.95
16-04-2018,100.75,101.75,98.45,99.15
13-04-2018,101.5,103,100.8,101.3
12-04-2018,102.25,102.9,100.2,101.25
11-04-2018,103.5,104.15,101.3,102.2
10-04-2018,106.75,106.75,104.25,105.2
09-04-2018,103.9,105.55,101.3,105.25
06-04-2018,97.15,102.85,95.85,102.15
05-04-2018,95.9,98.1,95.15,97
04-04-2018,96,97,94.2,94.4
03-04-2018,97.55,98.9,94.65,95.45
02-04-2018,96.3,96.85,95.4,96.3
28-03-2018,97.95,99.15,94.55,95.3
27-03-2018,97.2,100,96.3,99.45
26-03-2018,93.4,96.45,93.05,95.8
23-03-2018,94.45,95.1,92.75,93.15
22-03-2018,97.65,98.15,95.7,96.55
21-03-2018,97.55,99.15,97.15,97.6
20-03-2018,96,97.5,95.25,96.85
19-03-2018,98.55,100.45,96.1,96.55
16-03-2018,98.4,102.25,97.6,98.85
15-03-2018,99.3,101,97.8,98.55
14-03-2018,94,100.35,93.3,99.3
13-03-2018,94.2,102.65,93.3,97.95
12-03-2018,96.2,96.3,91.25,94.6
09-03-2018,97.4,97.65,95,95.6
08-03-2018,96.15,97.45,94.3,96.65
07-03-2018,96,96.9,94.05,95.5
06-03-2018,101,102,96.8,97.85
05-03-2018,99.9,102.4,98.8,100.1
01-03-2018,100.7,103.75,98.8,101.05
28-02-2018,93.6,102.4,92,101.4
27-02-2018,106.8,106.8,96.05,98.35
26-02-2018,115,115,110.15,112
23-02-2018,114.4,116.95,112.3,113.45
22-02-2018,114.6,116.8,113.7,114.6
21-02-2018,118.15,119.5,115.55,117.3
20-02-2018,113.9,118.45,111,116.55
19-02-2018,122,123.5,113.55,116.5
16-02-2018,125.6,128.4,120.55,125.55
15-02-2018,137.6,139.7,125.25,128.25
14-02-2018,158.95,158.95,144.65,145.85
12-02-2018,157.05,163.95,156.5,161.65
09-02-2018,156,158,155.3,156.8
08-02-2018,157,161.5,156.6,159.35
07-02-2018,163.95,164.9,155.6,156.55
06-02-2018,151.25,164.7,151.25,161.05
05-02-2018,158,166.2,156.9,163.7
02-02-2018,165,168.7,160.5,161.85
01-02-2018,172.8,174.6,166,167.55
31-01-2018,171.5,175.2,168.8,171.35
30-01-2018,173.3,175.9,171.4,172.65
29-01-2018,181.7,182.35,172.6,173.95
25-01-2018,197,197,180,180.9
24-01-2018,185.25,196.35,182.1,194.65
23-01-2018,176.05,187.8,175.25,185.8
22-01-2018,176.1,177.3,172.2,176
19-01-2018,170.8,178,169.35,176.4
18-01-2018,180.7,182.75,168.65,170.5
17-01-2018,165.5,177,162.65,175.55
16-01-2018,172.25,172.95,165.1,165.55
15-01-2018,174.95,175.85,171.85,172.15
12-01-2018,173.5,174.9,171.45,174.2
11-01-2018,170.3,173.6,169.55,172.75
10-01-2018,174.45,174.9,170,170.65
09-01-2018,175.3,177.9,174.05,174.65
08-01-2018,177.05,178.15,175.1,175.7
05-01-2018,180.4,180.5,175.4,176
04-01-2018,167.35,179.7,165.4,176.45
03-01-2018,168,169.3,166.2,166.6
02-01-2018,170.5,170.9,165.4,166.4
01-01-2018,172.95,173.4,168.9,169.75
29-12-2017,171.8,173.65,170.65,171.4
28-12-2017,173.25,174.5,170,170.8
27-12-2017,174.2,177.7,172.7,174.1
26-12-2017,175.9,175.9,172.55,174.3
22-12-2017,173.9,177.15,172.15,175.95
21-12-2017,171,174.9,170.5,173.5
20-12-2017,171.9,172.8,169.4,170.5
19-12-2017,180.85,181,176.35,178.75
18-12-2017,168,180.6,161.85,178.75
15-12-2017,172.1,173.95,170.75,171.6
14-12-2017,169,170.65,166.15,169.6
13-12-2017,173,173.7,166.45,167.8
12-12-2017,172.9,176.25,170.3,173.7
11-12-2017,174.05,175.3,171.85,172.95
08-12-2017,174.35,175.3,172,172.7
07-12-2017,172.1,175.8,172.05,173.9
06-12-2017,175.4,175.8,170.95,172.1
05-12-2017,172.4,177.8,170.65,175.95
04-12-2017,171.9,174.35,169.5,173.2
01-12-2017,177.1,178,170.1,171.5
30-11-2017,180.9,180.9,175.35,176.1
29-11-2017,184.1,184.7,180.5,181.6
28-11-2017,186.7,187.85,182.8,183.7
27-11-2017,184.95,186.65,182.85,185.85
24-11-2017,187,189.2,185.05,186.1
23-11-2017,189.3,189.6,184.95,186.5
22-11-2017,187,192.95,183.5,189.2
21-11-2017,188.95,191.7,185.3,186.3
20-11-2017,190.7,190.7,186.5,187.25
17-11-2017,198,200.9,189.8,190.8
16-11-2017,182.4,191.05,180.1,189.6
15-11-2017,184.9,187.1,179.15,180.7
14-11-2017,188.3,189.95,183.2,184.05
13-11-2017,192,192.45,186.5,187.65
10-11-2017,190,196,187,190.1
09-11-2017,191.4,196.55,190.5,192.3
08-11-2017,192.85,194.85,186.05,189.05
07-11-2017,204.8,204.8,188.65,190.8
06-11-2017,206.8,207.6,199.7,201.2
03-11-2017,199.25,212,199.1,207.8
02-11-2017,199.05,203.5,196.05,197.45
01-11-2017,202,206.3,198.25,198.9
31-10-2017,203.95,206.9,196.6,197.15
30-10-2017,196.8,213,194.75,203.95
27-10-2017,214,214,195.25,196.65
26-10-2017,212,231.45,201.1,213.6
25-10-2017,152,206.55,152,202.05
24-10-2017,131.5,141.7,131,138.2
23-10-2017,129.6,131.9,129,131
19-10-2017,131,131.5,128.8,129.55
18-10-2017,133.1,133.85,130.4,130.9
17-10-2017,133.8,136.8,133.35,134.4
16-10-2017,135.45,136.35,132,133.85
13-10-2017,133.8,136.75,132.4,135
12-10-2017,132,134.3,129.95,133.8
11-10-2017,138,138.8,130.8,131.7
10-10-2017,137.5,137.8,136.2,137
09-10-2017,137,137.85,135.15,137.3
06-10-2017,133,137.9,132.95,137.05
05-10-2017,130.4,133.3,130,132.35
04-10-2017,129.9,132.2,129,129.95
03-10-2017,130.85,131,128.2,129.6
29-09-2017,131.9,132.75,128.4,129.05
28-09-2017,132.8,133.9,130.2,130.75
27-09-2017,137.3,138.2,132.05,132.65
26-09-2017,137.5,138.25,135.5,136.65
25-09-2017,137.5,138.5,133.35,137.65
22-09-2017,141.7,141.7,137.05,137.7
21-09-2017,144.2,145.7,141.35,141.8
20-09-2017,144,146.45,142.75,144.8
19-09-2017,145.5,145.5,141.9,143.9
18-09-2017,146,147.3,144.5,144.75
15-09-2017,144.2,146.4,143.6,144.65
14-09-2017,143,145.8,143,145.25
13-09-2017,141.95,144.8,141.15,143
12-09-2017,139.4,142,138,141.5
11-09-2017,138.9,139.5,137.75,138.15
08-09-2017,139.4,139.8,137.1,137.85
07-09-2017,140.4,140.4,137.55,138.95
06-09-2017,142.25,142.6,138.35,139
05-09-2017,143.3,143.9,142.4,143.6
04-09-2017,144.5,145.4,141.6,142.65
01-09-2017,144.1,145.8,143.9,144.45
31-08-2017,142.6,145,141.4,143.8
30-08-2017,142.25,143.35,141.3,142.5
29-08-2017,143.25,145.4,140.25,141
28-08-2017,144.3,145.95,143.95,144.85
24-08-2017,141.5,145.5,140.25,144.3
23-08-2017,139,143.1,138.25,142.65
22-08-2017,139,139.5,135.65,138
21-08-2017,143,143.9,136.8,137.6
18-08-2017,144,144.5,140.7,142.15
17-08-2017,148.1,150.1,145.5,146.3
16-08-2017,143.9,149.1,140.7,147.55
14-08-2017,141.5,143.8,140.35,143.2
11-08-2017,139,144.6,137.45,140.35
10-08-2017,147.5,148.3,140.15,143.15
09-08-2017,148.5,150.3,146.5,148.3
08-08-2017,153,153,145.5,148.8
07-08-2017,151.3,153,151.05,152.1
04-08-2017,149.05,152.35,147.9,151.05
03-08-2017,157.85,157.85,148.2,149.3
02-08-2017,159,162.2,157.35,158.95
01-08-2017,163.8,164.2,157,157.5
31-07-2017,154.9,163.4,154.35,162.3
28-07-2017,154,159.45,153,158.85
27-07-2017,159.95,160.9,153.5,154.15
26-07-2017,162.5,163.7,158.1,158.9
25-07-2017,162.25,164.3,161.35,162.95
24-07-2017,158.5,163.4,158,161.3
21-07-2017,158,159.7,155.95,158.25
20-07-2017,156.95,158.7,155.9,156.75
19-07-2017,156.6,158.85,155.65,158.3
18-07-2017,152.9,158.95,151.9,154.85
17-07-2017,153.35,154,151.5,152.9
14-07-2017,150,154.9,150,153.65
13-07-2017,153.9,154.95,151,152.25
12-07-2017,149.85,152.9,148.4,152.35
11-07-2017,154.35,155.1,148.7,149.4
10-07-2017,148,154.25,145.1,153.25
07-07-2017,143.6,144.8,142.45,144.2
06-07-2017,140.45,144.2,139.75,143.3
05-07-2017,136.4,137.6,135.25,136.6
04-07-2017,139.4,140.35,135.8,136.55
03-07-2017,137.5,140,136.6,139.25
30-06-2017,136.85,138.6,135.5,137.3
29-06-2017,138,139.75,134.8,138.05
28-06-2017,134.4,138.25,132.65,136.5
27-06-2017,144.4,144.4,135.6,137
23-06-2017,145.75,146.55,142.1,143.9
22-06-2017,146.95,147.9,144.75,145.55
21-06-2017,144.1,146.65,143.5,146.2
20-06-2017,146.9,147.6,143.5,143.9
19-06-2017,148.5,149,146.8,147.25
16-06-2017,148.5,148.9,146.7,147.65
15-06-2017,148.6,150.7,146.7,147.45
14-06-2017,149.6,152.7,148.3,152
13-06-2017,148.8,150.5,147.5,148.75
12-06-2017,151,151,147.5,148.4
09-06-2017,151,152.75,149.65,152.15
08-06-2017,152.8,153.15,150.75,151.3
07-06-2017,149.5,153,149.25,152.35
06-06-2017,154.1,154.5,149.05,149.5
05-06-2017,153.45,154.75,152.8,153.8
02-06-2017,153.4,154.05,150.9,153.05
01-06-2017,151,152.3,149.25,151.9
31-05-2017,146.85,151.6,145,150.5
30-05-2017,143.9,148,142.4,146.35
29-05-2017,150.45,151.85,143.05,145.1
26-05-2017,151,153.3,149.6,150.65
25-05-2017,148.5,151.9,144.35,150.7
24-05-2017,149.7,152.35,146.5,147.45
23-05-2017,151.95,154.35,145.55,149.75
22-05-2017,157.5,158,150.25,150.95
19-05-2017,159.5,162.25,154.1,155.2
18-05-2017,163.4,164.4,157.9,158.5
17-05-2017,173,173.1,164.3,165.05
16-05-2017,167.35,178,164.8,174.15
15-05-2017,169.95,171.3,166.2,166.8
12-05-2017,172,174.05,167.1,169.15
11-05-2017,172.6,176.2,171.1,172
10-05-2017,174,175.45,170.8,172.15
09-05-2017,177,177.2,171.05,173.6
08-05-2017,174.45,177.3,172,176.1
05-05-2017,181.75,185.8,171.6,174.3
04-05-2017,178.5,180.4,175.4,179.45
03-05-2017,172,178,169.2,174.9
02-05-2017,170,174.25,169.85,170.7
28-04-2017,165.3,170.7,164.75,168.85
27-04-2017,165.75,167.9,162.65,164.7
26-04-2017,161.95,169.6,161,167.15
25-04-2017,156.6,162,155.8,161.1
24-04-2017,155.45,157,154.2,155.15
21-04-2017,155.9,157.2,152.55,154.9
20-04-2017,154.1,157.85,152.1,154.85
19-04-2017,156.65,158.5,149.35,153.2
18-04-2017,158.75,163.5,155,155.9
17-04-2017,156.3,159.25,154,158.8
13-04-2017,158.1,162.3,155.15,156.3
12-04-2017,158,160,154.6,158.8
11-04-2017,152.4,159.9,152.2,158.25
10-04-2017,149.4,153,148.55,152.25
07-04-2017,150.85,152.55,148.8,149.45
06-04-2017,150.45,153.3,150,151.55
05-04-2017,150.7,152.5,148.55,151.2
03-04-2017,151.9,151.9,149.5,149.95
31-03-2017,152.5,152.8,149.5,149.9
30-03-2017,149,154,148.5,153.2
29-03-2017,149,151.15,146.7,148.85
28-03-2017,148.1,149.5,146.1,148.8
27-03-2017,141.35,148.3,141.25,147.25
24-03-2017,136.4,143.45,136.35,141.5
23-03-2017,136.55,137.4,135.35,135.85
22-03-2017,140.7,141.45,135.85,136.4
21-03-2017,145.35,145.85,141.5,142.85
20-03-2017,144.5,146.45,143.4,145.2
17-03-2017,148.8,148.95,144.15,144.8
16-03-2017,146.5,148.9,145.75,148.2
15-03-2017,143,146.7,142.85,145.4
14-03-2017,145,146,143.1,143.8
10-03-2017,142.2,143.4,140.8,141.7
09-03-2017,140.9,142.35,140.35,141.15
08-03-2017,141.5,142.1,138.9,141.25
07-03-2017,142.9,143.45,141.1,141.5
06-03-2017,140.65,141.8,140.3,141.55
03-03-2017,139,140.35,138.05,139.95
02-03-2017,143.65,144.2,138.05,139.25
01-03-2017,142,144.55,142,142.65
28-02-2017,140,142.35,139.85,141.4
27-02-2017,140,141.25,138.65,139.65
23-02-2017,142.2,143.5,139.6,140.15
22-02-2017,144,144.75,141.5,141.95
21-02-2017,143.7,145.15,143.1,143.8
20-02-2017,140.25,143.45,139.4,143.05
17-02-2017,142.05,143.7,139.5,140.25
16-02-2017,140.7,142.35,138.05,140.95
15-02-2017,143.7,144.7,138.75,139.8
14-02-2017,142.9,144.75,141.65,144.05
13-02-2017,145.7,146.2,139.85,142.35
10-02-2017,145.3,147.3,144.5,145.1
09-02-2017,150,151,144.1,144.65
08-02-2017,151.95,152.5,146.2,149.9
07-02-2017,149.95,155.7,147.65,151.65
06-02-2017,152.5,155.3,148.55,149.2
03-02-2017,142.95,151.2,142.65,150.15
02-02-2017,140.6,144.4,139.3,142.6
01-02-2017,136.7,140.9,134.65,140.55
31-01-2017,137.9,138.4,134.3,135.55
30-01-2017,137.45,140.85,136.35,137.65
27-01-2017,134.2,138.7,134,137.35
25-01-2017,131.7,133.95,129.8,133.25
24-01-2017,130.4,131.75,130,131.4
23-01-2017,127.2,130.65,126.7,129.75
20-01-2017,131.8,133,126.95,127.95
19-01-2017,130.55,132.7,129.1,132.25
18-01-2017,130.85,131.75,129.5,130.35
17-01-2017,129.9,132.7,129.25,130.25
16-01-2017,124.35,129.15,124,128.7
13-01-2017,126,126.5,123.6,125.1
12-01-2017,124.25,126.4,124,126
11-01-2017,120.6,124.9,120.15,123.6
10-01-2017,120.95,121.1,118.3,119.4
09-01-2017,119.75,120.95,119.35,119.75
06-01-2017,118.15,121.35,117.75,119.05
05-01-2017,116.65,118,116.2,117.65
04-01-2017,118.4,118.9,114.85,115.25
03-01-2017,115.45,118.65,114.3,118.05
02-01-2017,117,117.55,113.2,115.6
30-12-2016,113,116.1,112.55,115.45
29-12-2016,113.45,115,112,113.15
28-12-2016,116.8,117.4,113.6,113.95
27-12-2016,114.6,116.75,112.65,116
26-12-2016,119.5,119.5,114,115.05
23-12-2016,119.45,121.5,119.1,120
22-12-2016,120,120.35,118,119.4
21-12-2016,121.7,122.35,119.85,120.55
20-12-2016,124.9,125.2,120.8,121.45
19-12-2016,125.1,125.5,123.55,124.35
16-12-2016,126.5,127.35,124.6,125.25
15-12-2016,125.5,128.45,124.7,126.3
14-12-2016,129.75,130.1,126.7,127.1
13-12-2016,130.85,131.3,127.85,129.4
12-12-2016,135,135.05,130.35,130.85
09-12-2016,133.95,136.1,132.5,135.2
08-12-2016,132.5,134.3,132.2,133.1
07-12-2016,134.9,136,128.65,131.4
06-12-2016,136.95,136.95,133.75,134.05
05-12-2016,133.5,136,133,135.65
02-12-2016,135.4,137.75,132.9,134
01-12-2016,138.95,139.5,135.7,136.35
30-11-2016,136.8,138.6,135.4,138.15
29-11-2016,137,138.85,135.35,136.1
28-11-2016,134.7,139.8,133.55,137.1
25-11-2016,139.2,141.7,138.5,140.3
24-11-2016,135.8,139.1,135,137.85
23-11-2016,138.5,139.45,135.9,137.5
22-11-2016,138.75,139.8,133.8,137.4
21-11-2016,150.95,151.2,135.15,136.45
18-11-2016,148.7,152.25,146.25,149.75
17-11-2016,149.65,152.65,146.5,147.6
16-11-2016,158.5,159.05,147.75,148.8
15-11-2016,157,161.25,151.3,154.7
11-11-2016,157.45,164.35,154.35,155.7
10-11-2016,147,161.4,145.9,159.3
09-11-2016,129,144.5,127.05,142.2
08-11-2016,139.95,141.2,138.15,140.6
07-11-2016,139.1,141.25,136.3,140.45
04-11-2016,132.95,133.1,128.7,131.65
03-11-2016,136.75,138.25,132.5,133.15
02-11-2016,141.7,141.85,136.2,136.7
01-11-2016,144.7,145.7,143.3,143.9
30-10-2016,144.4,145.45,143.65,144.8
28-10-2016,141.9,144.55,141.65,143.95
27-10-2016,144,144.75,141.15,141.8
26-10-2016,145.7,147.5,143.25,144
25-10-2016,147.7,148.45,145.95,146.3
24-10-2016,148.15,148.7,145.7,147.05
21-10-2016,146.4,147.95,143,147.55
20-10-2016,141.9,146.35,141.15,145.85
19-10-2016,142,142.25,139.75,140.9
18-10-2016,139.55,141.3,137.3,140.8
17-10-2016,139.5,141.45,135.6,136.65
14-10-2016,138.85,141.2,138.3,138.95
13-10-2016,143,144,135.75,137.95
10-10-2016,144.9,146.1,143.3,144.45
07-10-2016,141.9,144.5,140.6,143.6
06-10-2016,144.7,145.1,140.5,141.95
05-10-2016,147.2,147.9,143.5,144.3
04-10-2016,144,147.15,141.35,145.7
03-10-2016,143.2,144.25,142,143.35
30-09-2016,137,141.95,136.5,140.7
29-09-2016,148,150.55,131.85,136.6
28-09-2016,139.45,147.2,139.1,146.5
27-09-2016,141.1,141.9,138.75,139.7
26-09-2016,137.5,141.5,137.5,140.15
23-09-2016,141.4,141.85,139,139.3
22-09-2016,141,141.65,137.65,141.15
21-09-2016,138,138.9,135.25,135.75
20-09-2016,138.4,138.9,136.85,137.5
19-09-2016,138.7,140.25,137.7,138.4
16-09-2016,140.95,143.4,137.25,137.85
15-09-2016,142.55,143.2,137.25,138.75
14-09-2016,138.1,142.4,137.8,141.9
12-09-2016,139.7,142.65,135.75,137.2
09-09-2016,142.65,145.8,140.25,144.85
08-09-2016,140,143.7,139.7,142.6
07-09-2016,134,142.4,134,139.2
06-09-2016,127.35,133.2,127.3,132.7
02-09-2016,126.05,126.8,124.3,126.15
01-09-2016,127.25,128.1,125,125.75
31-08-2016,127.4,129.9,126.7,127.55
30-08-2016,123.9,127.6,123.5,127.05
29-08-2016,122.8,123.8,121.7,123.15
26-08-2016,125.75,126,122.3,122.85
25-08-2016,126.45,127.4,125.1,125.75
24-08-2016,128,128,125.65,126.35
23-08-2016,127.4,127.85,125.05,126.85
22-08-2016,128,129.4,126.35,127.45
19-08-2016,127.65,128.9,126.6,128.25
18-08-2016,126.05,128.1,125.7,126.6
17-08-2016,122.45,126.75,122.35,125
16-08-2016,123.8,123.8,121.1,122.6
12-08-2016,115.55,123.95,115.35,122.9
11-08-2016,119,119,114.6,116.25
10-08-2016,123.85,124.05,119.25,119.7
09-08-2016,123,125.85,122.05,123.8
08-08-2016,124.25,124.45,121.45,122.9
05-08-2016,123.9,125.2,122.05,123.5
04-08-2016,123,123.8,120.6,122.45
03-08-2016,122.6,124.4,120.75,121.6
02-08-2016,122.5,124.7,120.45,122.7
01-08-2016,125.5,126,120,122.25
29-07-2016,128.5,129.45,122.9,123.35
28-07-2016,133.25,136.6,128.5,128.95
27-07-2016,130,133.3,128.6,132.8
26-07-2016,131.7,134.95,128.8,129.3
25-07-2016,119.45,131.45,119.15,130.2
22-07-2016,122.8,122.85,119.4,120.2
21-07-2016,129,129.2,122.5,123.65
20-07-2016,131.5,131.9,128.55,129.4
19-07-2016,132,134.45,128.75,131.15
18-07-2016,137.2,137.85,131.5,132.2
15-07-2016,134,137.5,133.7,135.95
14-07-2016,124.2,133.85,124.1,132.95
13-07-2016,126.9,127.2,123.55,125.05
12-07-2016,128.45,129.3,124.4,126.25
11-07-2016,121,128.45,119.9,127.3
08-07-2016,117.9,118.7,114,117.6
07-07-2016,117,118.9,116.4,116.85
05-07-2016,113,116.45,112.55,113.95
04-07-2016,106.2,113.65,105.6,112.65
01-07-2016,106.1,106.7,104.85,105.25
30-06-2016,105.5,106.5,104.65,105.9
29-06-2016,105.2,105.4,104.05,104.4
28-06-2016,104.9,105.5,103.3,104.3
27-06-2016,103.75,104.95,102.9,104.35
24-06-2016,95.8,103,93.55,102.4
23-06-2016,98,99.7,98,99.25
22-06-2016,96.9,97.9,96,97
21-06-2016,97,98.9,96.6,97
20-06-2016,92.4,96.8,92,96.5
17-06-2016,93.6,94.95,93.05,94.6
16-06-2016,89.5,92.95,88.6,92.6
15-06-2016,91.15,91.55,89.5,90
14-06-2016,84.5,90.75,84.5,89.9
13-06-2016,82.55,83.45,81.75,83
10-06-2016,82.3,84.95,81.95,84.2
09-06-2016,81.2,84.4,80.95,82.3
08-06-2016,77.75,81.4,77.4,80.7
07-06-2016,77.5,78.65,76.3,77.65
06-06-2016,76.45,77.8,76.05,77
03-06-2016,78.05,78.75,75.45,76.15
02-06-2016,76.6,77.85,76,77.45
01-06-2016,79,79.75,76.25,76.7
31-05-2016,77.9,79.5,75.65,79
30-05-2016,78,78.9,76.4,77.2
27-05-2016,75.3,77.7,74.8,76.6
26-05-2016,74.2,75.1,73,74.55
25-05-2016,73.1,74.3,72.7,74
24-05-2016,72.05,72.7,71.05,71.85
23-05-2016,73.8,73.95,72.05,72.25
20-05-2016,74.25,74.65,72.7,73.35
19-05-2016,74.5,75.5,73.45,74.05
18-05-2016,72.9,77.15,72.1,76.2
17-05-2016,75.25,75.65,73,73.75
16-05-2016,76.95,77,73.7,74.95
13-05-2016,79.35,79.45,76.8,77.6
12-05-2016,80.4,80.5,78.25,79.35
11-05-2016,81.1,82.35,79.3,79.5
10-05-2016,82.7,83.2,81.3,82.55
09-05-2016,81.5,82.9,81.3,82.75
06-05-2016,81.5,82.5,80.1,80.7
05-05-2016,82.5,82.5,80.8,81.45
04-05-2016,82.7,83.75,81,81.25
03-05-2016,84.75,86.2,82.6,82.9
02-05-2016,86.8,86.8,83.7,84.15
29-04-2016,88.3,89.15,84.2,86.95
28-04-2016,90.4,91.15,87.9,88.2
27-04-2016,90.15,92.15,89.55,90.1
26-04-2016,88.7,90.7,87.8,90.15
25-04-2016,90.4,91.15,88.45,89.2
22-04-2016,87.9,91.25,87.6,90.1
21-04-2016,85.1,91.5,85.1,88.6
20-04-2016,83.3,84.85,82.05,84.3
18-04-2016,84.3,84.4,80.85,82.5
13-04-2016,84.9,85.8,84.15,84.6
12-04-2016,83.35,84.25,82.7,83.45
11-04-2016,81.9,83.4,80.2,83.05
08-04-2016,80.9,81.85,79.9,81.5
07-04-2016,81.9,82.55,80.25,81
06-04-2016,82.8,83.25,81,81.35
05-04-2016,86.8,87.4,82.1,82.8
04-04-2016,88.5,88.6,86.1,86.85
01-04-2016,84.5,88.1,84.25,87.65
31-03-2016,85.25,86.4,84.4,84.7
30-03-2016,82.5,86.2,82.3,85.55
29-03-2016,82,83.05,81.05,81.95
28-03-2016,84.9,85.25,81.7,82.15
23-03-2016,85.8,85.95,84.2,84.7
22-03-2016,86.95,86.95,84.8,85.95
21-03-2016,85.4,87.5,85.1,86.4
18-03-2016,83.6,84.6,82.45,84.3
17-03-2016,85,85,82.3,82.75
16-03-2016,83.7,84.2,80.95,82.75
15-03-2016,82.7,84.45,82.1,83.3
14-03-2016,83.4,83.4,81.55,82.3
11-03-2016,81.7,82.85,80.45,81.85
10-03-2016,83.7,83.9,81.1,81.8
09-03-2016,80,83,79.55,82.7
08-03-2016,82.75,83.05,80.85,81.5
04-03-2016,78.5,84.45,77.5,83
03-03-2016,80.15,80.4,76.5,79
02-03-2016,77.1,79.35,76.8,78.65
01-03-2016,72,74,72,73.65
29-02-2016,73.1,75.45,70.5,71
26-02-2016,72.9,73.35,71.55,72.5
25-02-2016,72.25,73.2,71.1,71.75
24-02-2016,70.7,73.65,69.25,72.2
23-02-2016,74.2,74.9,72.4,72.7
22-02-2016,76.5,77.8,75.05,75.55
19-02-2016,72.45,76.8,71.85,76.15
18-02-2016,73.95,74.9,71.35,72.45
17-02-2016,72.6,73.2,69.3,72.65
16-02-2016,77.4,78,72.15,72.5
15-02-2016,76,79,75.05,76.5
12-02-2016,77.1,77.15,72.5,73.65
11-02-2016,79,80.5,76.1,77.05
10-02-2016,86.3,86.65,79.2,79.95
09-02-2016,92,94.95,87.2,87.75
08-02-2016,95.15,97.8,93.35,94.3
05-02-2016,91.35,95.5,90.6,94.7
04-02-2016,90.8,91.6,89.2,90.9
03-02-2016,88.15,90,87.1,89.25
02-02-2016,90,93,89.05,89.5
01-02-2016,91.8,91.8,89.45,90.05
29-01-2016,91.2,92,88.1,91.3
28-01-2016,93.9,93.95,91.1,91.4
27-01-2016,92.3,94.6,90.55,93.75
25-01-2016,94,94.25,91.6,91.85
22-01-2016,89.9,93,89.2,92.5
21-01-2016,88.65,90.35,87.35,88.6
20-01-2016,89.95,90.5,86.5,87.25
19-01-2016,91.3,93.4,91,92.45
18-01-2016,93,94.2,88.8,90.85
15-01-2016,98.8,98.8,91.25,92.2
14-01-2016,96,98.3,94.2,97.8
13-01-2016,100.8,101.2,95.6,98
12-01-2016,103,103.5,99.25,99.65
11-01-2016,103,104.25,101.7,102.9
08-01-2016,106,106.75,104.9,105.1
07-01-2016,108.1,108.45,104.5,105.05
06-01-2016,110.95,111.8,109.3,109.6
05-01-2016,113,113.35,110.2,110.6
04-01-2016,117,117,112.5,112.8
01-01-2016,116,117.9,115.5,117.6
31-12-2015,117.8,117.8,115.15,115.7
30-12-2015,120.05,120.7,117.2,117.8
29-12-2015,120.85,121.4,119.5,120
28-12-2015,120.5,121.3,120.2,120.45
24-12-2015,121.8,121.9,119.4,120.1
23-12-2015,121.5,121.65,120.25,121.3
22-12-2015,122.95,123.7,120.25,120.65
21-12-2015,123,123.4,122.05,122.55
18-12-2015,122.4,124,121.4,122
17-12-2015,122.75,123.75,121.5,122.5
16-12-2015,122.3,123.05,120.2,120.85
15-12-2015,124.65,124.9,121.2,121.55
14-12-2015,122,125.1,120.65,124.7
11-12-2015,129.8,130.94,120.75,123
10-12-2015,130.8,131.75,128.1,129.05
09-12-2015,131.55,132.5,130,130.35
08-12-2015,133.5,135,131.19,131.9
07-12-2015,135.1,135.75,133,133.9
04-12-2015,135.05,135.35,133.6,134.5
03-12-2015,138.9,139.19,136.05,136.35
02-12-2015,143.9,144.69,139.19,139.6
01-12-2015,145.5,145.8,143.3,143.8
30-11-2015,144.94,146.25,144,144.75
27-11-2015,140.8,145.9,140.1,144.3
26-11-2015,138.75,140.5,137.3,139.94
24-11-2015,138.44,140,137.6,138
23-11-2015,140.4,141.5,138,138.8
20-11-2015,139.25,140.75,137.1,139.5
19-11-2015,137.8,139.6,136.9,139.15
18-11-2015,140.44,142.35,135.5,136.15
17-11-2015,141,141.75,139.1,140.85
16-11-2015,136.85,140.5,136.85,140.15
13-11-2015,133.25,137.8,132.3,136.85
11-11-2015,135.8,135.8,133.85,134.15
10-11-2015,134.5,137.25,132,133.75
09-11-2015,129,136.15,128.75,135.25
06-11-2015,131,135.44,128.6,132.9
05-11-2015,131,131.8,129.19,129.6
04-11-2015,131.9,132.69,130.5,131.1
03-11-2015,130.75,132.44,129.9,130.25
02-11-2015,128.55,130.15,127.1,129.44
30-10-2015,129,130.5,127.6,128.35
29-10-2015,130.5,131.85,128.15,128.85
28-10-2015,133.9,134.69,129.9,130.5
27-10-2015,133.9,135.25,133.5,134.35
26-10-2015,137,137.05,133.69,134.25
23-10-2015,137.15,137.9,135.5,135.8
21-10-2015,138.25,138.8,134.69,135.75
20-10-2015,137.3,139.8,137.25,138.19
19-10-2015,138.65,139,137,137.19
16-10-2015,137,139.15,135.5,138.35
15-10-2015,136.05,138.19,136.05,137.35
14-10-2015,136.5,138.1,135.1,135.55
13-10-2015,137.4,138.85,135.19,136.65
12-10-2015,137,139.75,135.65,137.55
09-10-2015,141,141.85,137,138.15
08-10-2015,138.6,141.6,137.4,139.05
07-10-2015,137,139.85,136.15,138.94
06-10-2015,136.65,137.8,134.19,136.8
05-10-2015,134.19,136.69,133.55,136.1
01-10-2015,134.85,134.85,131.75,132.44
30-09-2015,136.19,136.85,132,133.25
29-09-2015,133.5,137.25,130.75,135.05
28-09-2015,136.5,137.94,134.15,134.85
24-09-2015,135.19,136.94,134.5,135.85
23-09-2015,132,137,131.6,135.65
22-09-2015,141.3,141.94,133.94,134.5
21-09-2015,136.9,140.9,136.05,139.75
18-09-2015,138.5,142.8,137.8,138.55
16-09-2015,137,137.4,134.3,136.5
15-09-2015,136.85,138.75,134.19,135.4
14-09-2015,134.75,137.8,134.19,137.19
11-09-2015,135,136.8,132.75,134.5
10-09-2015,132,134.85,130,133.94
09-09-2015,135,137.9,133.05,135.65
08-09-2015,129.55,134.8,128.19,132.85
07-09-2015,130.1,132.5,127.5,127.9
04-09-2015,130,132.19,123.6,130.75
03-09-2015,131.8,133.25,130.05,130.8
02-09-2015,137.25,138,128.65,129.55
01-09-2015,143,143.69,133.5,134.8
31-08-2015,143,147.5,142,144.85
28-08-2015,148.4,149.85,141.5,143.25
27-08-2015,146.35,146.6,142.1,145.9
26-08-2015,144,145.3,139.69,142.4
25-08-2015,147.8,147.8,137.69,144.15
24-08-2015,152.5,153.94,139.75,142.6
21-08-2015,155,160.65,152.5,159.35
20-08-2015,167,170.1,158.05,159
19-08-2015,169.75,170.45,166.5,168
18-08-2015,173,175.8,168.1,170.6
17-08-2015,167.55,180.55,167.55,173.3
14-08-2015,155,167.2,152.5,166.25
13-08-2015,154.44,157.5,151.44,152.85
12-08-2015,153.55,158.5,152,152.69
11-08-2015,159.55,160.8,153.65,155.94
10-08-2015,159.75,162.3,158.15,159.1
07-08-2015,161.8,162.8,158.15,159.9
06-08-2015,158.5,162.9,156.55,161.94
05-08-2015,160.85,163.8,158.3,159
04-08-2015,155.9,160.5,153.15,159.15
03-08-2015,151,158.75,150.65,155.05
31-07-2015,149.5,154.75,147,151
30-07-2015,138.94,155,137.55,151.1
29-07-2015,142.69,142.75,135.3,137.65
28-07-2015,134.05,144.19,132.15,141.85
27-07-2015,138,139,134.35,135.15
24-07-2015,138.75,141.19,138.5,139
23-07-2015,139,141.44,138.6,139.65
22-07-2015,137.5,140.1,135.6,139.05
21-07-2015,141.4,142.1,137.25,137.9
20-07-2015,144.8,145.1,140.15,141.3
17-07-2015,144.25,145.44,144,144.8
16-07-2015,144,145.19,143.3,144
15-07-2015,145,146.15,142.4,143.55
14-07-2015,145.1,147.3,144.15,144.69
13-07-2015,145.69,147.5,144.1,145.05
10-07-2015,144.94,146.35,143.9,145.1
09-07-2015,143.19,146,142.75,143.9
08-07-2015,143.3,144,139.6,142.44
07-07-2015,144.4,146.69,144.25,145.1
06-07-2015,139.55,144.5,138.85,143.9
03-07-2015,141.9,142.94,140.3,142.3
02-07-2015,141.8,142.44,140.19,141.55
01-07-2015,138.85,142.94,137.44,140.8
30-06-2015,137,139.44,135.4,138.8
29-06-2015,131.69,138.69,129.6,137.55
26-06-2015,138.1,138.1,135.3,135.9
25-06-2015,137.19,139.94,135.1,138.19
24-06-2015,143.9,143.9,137.1,138.05
23-06-2015,140.25,144.85,140.25,143.19
22-06-2015,132.15,139.9,131.05,138.05
19-06-2015,132.94,134.6,131.5,133.8
18-06-2015,133.5,135,130.65,131.5
17-06-2015,133.15,134.5,132.1,132.44
16-06-2015,130.5,133.19,129.5,132.69
15-06-2015,132,133.19,130,130.4
12-06-2015,131.75,134.15,131.25,131.9
11-06-2015,139.5,139.5,132,132.44
10-06-2015,136.69,139.3,136.69,137.55
09-06-2015,136.3,139.65,134.9,136.25
08-06-2015,144,144.35,137.1,138.3
05-06-2015,144,147,143.15,143.69
04-06-2015,150.69,151.5,143.05,144.85
03-06-2015,151.1,151.9,148.1,149.85
02-06-2015,154,154,148.8,151.75
01-06-2015,153.8,155.9,153.25,153.85
29-05-2015,155,156.75,153.1,153.65
28-05-2015,153.19,158.8,150.1,156.25
27-05-2015,149.3,153.9,148.69,153.25
26-05-2015,151.4,152.9,149.65,150.25
25-05-2015,149,152.35,147.55,151.1
22-05-2015,149.19,153.75,149,149.9
21-05-2015,151.35,151.35,147.19,149.05
20-05-2015,149.5,151,148.65,150.44
19-05-2015,148.05,150.3,147.1,149.5
18-05-2015,147.75,149.55,146.25,148.5
15-05-2015,150.6,151.35,146.8,147.4
14-05-2015,145,151.9,142.25,150.6
13-05-2015,143.1,145.9,142.44,144.85
12-05-2015,148.5,148.5,141.69,142.75
11-05-2015,145.4,150.75,142.4,149.1
08-05-2015,158,160.05,142.3,145.69
07-05-2015,159,160,152.5,155.94
06-05-2015,165.45,166.95,158.69,160
05-05-2015,166.65,168.3,165.1,165.85
04-05-2015,160.94,167,160.55,166.65
30-04-2015,159.69,161.35,158.1,159.75
29-04-2015,161,161.5,158.4,160
28-04-2015,159.5,162.5,158.4,161
27-04-2015,158.05,161.9,154.65,159.65
24-04-2015,160.5,160.5,156.5,157.6
23-04-2015,162.5,162.9,159.5,160
22-04-2015,161,162.44,158.1,161.19
21-04-2015,160,162.85,157.19,160.6
20-04-2015,163.1,167,156.6,160.5
17-04-2015,162,165.35,161.1,163.25
16-04-2015,167.1,167.85,160.19,161.94
15-04-2015,166.55,170.75,165.6,166.7
13-04-2015,163.6,166.9,162.8,165.6
10-04-2015,162.4,165.5,159.4,163.6
09-04-2015,153.4,163.25,151.5,161.94
08-04-2015,151.69,154.25,149.8,152.8
07-04-2015,150.19,151.25,148,150.6
06-04-2015,152.4,152.85,148,148.65
01-04-2015,144,152.69,143,151.94
31-03-2015,149.85,149.9,143.5,144.4
30-03-2015,149.4,150,145.35,148.55
27-03-2015,148.6,149.75,142.6,146.75
26-03-2015,154,155.5,146.8,148.15
25-03-2015,162.5,162.5,154.8,155.5
24-03-2015,162.85,163.6,160.05,161.69
23-03-2015,163.15,164.4,161,163.1
20-03-2015,161.55,163.8,159.35,162.85
19-03-2015,169.8,170,160.85,161.94
18-03-2015,168.4,170.5,167,168.55
17-03-2015,168.65,169.1,165.1,167.6
16-03-2015,166,168.45,164.65,167.45
13-03-2015,168.4,169.3,165.05,166.05
12-03-2015,164.8,167.1,164.55,166.15
11-03-2015,163.44,165,161.05,163.15
10-03-2015,161.8,164.2,161.19,163.4
09-03-2015,162,164.2,159.5,161.44
05-03-2015,164.8,165.2,162.1,163.3
04-03-2015,180,180,163.05,164.4
03-03-2015,166.9,170.7,165,169.25
02-03-2015,167.7,168.7,164,165.75
27-02-2015,161.3,166.65,160.05,166.15
26-02-2015,161.44,161.6,158.44,159.55
25-02-2015,163.6,163.75,159.55,160.15
24-02-2015,164,164.4,160,161.35
23-02-2015,168.5,168.7,162.6,163.69
20-02-2015,166.2,169.9,163.75,167.2
19-02-2015,169.5,170.5,162.19,165.35
18-02-2015,168.95,170.9,167.2,167.95
16-02-2015,169.1,169.95,166.15,166.65
13-02-2015,166.8,169.65,166.8,167.65
12-02-2015,169.4,170.4,165,166.15
11-02-2015,167.95,171.2,166.65,168.8
10-02-2015,165.5,172.9,164.25,166.2
09-02-2015,170,172.5,165.6,166.7
06-02-2015,170.6,175.65,168.3,170.45
05-02-2015,178.9,179.7,168.15,171.4
04-02-2015,177,179.8,173.45,177.1
03-02-2015,193,194.6,175.55,176.85
02-02-2015,190,193.5,187.95,191.8
30-01-2015,202,202.3,188,189.65
29-01-2015,206,207.3,198.3,199.1
28-01-2015,204,211,202.85,206.7
27-01-2015,208.95,209,202.6,204.65
23-01-2015,215.95,216.9,206.7,207.15
22-01-2015,217,219,210.7,212.8
21-01-2015,209.3,217,208.6,216
20-01-2015,207.8,210.8,207.4,209.25
19-01-2015,205.45,208.5,205.45,207.85
16-01-2015,209.25,209.25,204.5,205.05
15-01-2015,212,213.85,207.15,210.05
14-01-2015,206.9,208.2,201.25,203.05
13-01-2015,209.3,211,206,207.35
12-01-2015,206.5,211.95,204.8,208.95
09-01-2015,209,209.45,203.45,206.6
08-01-2015,206.7,209.1,205.65,206.55
07-01-2015,207.2,208.5,199.6,203.85
06-01-2015,215,215.3,207.05,207.75
05-01-2015,221.45,222,216.25,217.75
02-01-2015,220,222,219.05,219.8
01-01-2015,218.25,221.9,218.2,219.65
31-12-2014,219.4,220.9,218.75,219.1
30-12-2014,218.5,220.9,216.15,218.55
29-12-2014,224.25,224.5,219.05,219.5
26-12-2014,221.65,224.3,219.05,222.25
24-12-2014,223,223.8,219,220
23-12-2014,225.35,227,222,222.6
22-12-2014,226,226,220.8,223.35
19-12-2014,230.95,230.95,222.6,224.05
18-12-2014,223,227.8,221.05,226
17-12-2014,213.26,218.95,208.4,217.21
16-12-2014,218,221.2,210.6,214.37
15-12-2014,217.6,223.67,217.26,219.33
12-12-2014,221.8,225.8,217.75,219.23
11-12-2014,223,225,217,220.36
10-12-2014,217.4,223,216.94,221.89
09-12-2014,221.54,222.81,216.05,216.93
08-12-2014,224.4,227.02,220.72,222.1
05-12-2014,219.1,225.72,217.86,224.39
04-12-2014,219.62,221.67,215.48,219.09
03-12-2014,219.05,222.8,217.66,219.08
02-12-2014,214.1,223.56,212.62,219.13
01-12-2014,216,219.3,212.4,215.95
28-11-2014,201.8,216.62,201.4,214.46
27-11-2014,192.15,200.98,192.15,199.66
26-11-2014,191.2,195,190.56,193.87
25-11-2014,197.4,198,191.02,192.83
24-11-2014,197,198.76,194.92,197.27
21-11-2014,192,197.86,190.06,195.46
20-11-2014,192.4,193.24,189.02,190.51
19-11-2014,198,198,191.5,192.61
18-11-2014,194,199.2,194,196.69
17-11-2014,187,193.47,186.6,192.87
14-11-2014,188,190.79,186.67,187.72
13-11-2014,191.6,192.4,186.19,186.9
12-11-2014,191,194.3,189.56,190.73
11-11-2014,184.87,191.38,184.7,190.81
10-11-2014,187.6,190.6,184,184.51
07-11-2014,190,190.6,186.5,188.05
05-11-2014,189.78,192.08,188.82,189.97
03-11-2014,185.2,191.4,185.14,189.93
31-10-2014,184,187,183.4,186.17
30-10-2014,181.2,183.7,179.05,183.16
29-10-2014,185.29,185.7,179.85,180.96
28-10-2014,186.6,187.71,184,184.32
27-10-2014,187.4,189.18,185.08,186.51
23-10-2014,186.8,187.7,186.6,186.92
22-10-2014,187.8,188.46,184.03,186.57
21-10-2014,192.87,195.2,183.62,186.49
20-10-2014,187.4,191.96,186.03,191.09
17-10-2014,184.02,185.98,183.6,183.96
16-10-2014,183.6,186.78,182.6,183.39
14-10-2014,185.2,186.56,182.2,185.1
13-10-2014,178.2,184.6,177.6,184.06
10-10-2014,179.01,181.66,176,179.98
09-10-2014,177.2,181.6,177.2,180.97
08-10-2014,173.74,177.38,173.6,175.55
07-10-2014,174.32,177.05,173.28,175.24
01-10-2014,177.46,177.6,174,175.85
30-09-2014,177,179.4,175.32,177.46
29-09-2014,179.6,180.2,175,177.41
26-09-2014,173.4,181.8,167.45,178.99
25-09-2014,183.6,184.8,173.2,174.02
24-09-2014,192.42,193.15,182.56,185.42
23-09-2014,198.58,199.4,192.02,193.23
22-09-2014,196.49,199.26,195.03,197.86
19-09-2014,198.8,199.73,194.45,195.65
18-09-2014,192.02,198.98,191.82,198.19
17-09-2014,194,194.9,190.4,193.56
16-09-2014,200.38,201.35,191.4,192.82
15-09-2014,195.6,201.97,194.04,199.93
12-09-2014,193.6,197.4,191.71,196.87
11-09-2014,190.45,194.61,190.45,193.07
10-09-2014,189.8,191.26,187.7,190.4
09-09-2014,189.2,191.5,187.42,190.26
08-09-2014,189.4,189.63,186.62,189.14
05-09-2014,188.42,190.98,186.63,187.13
04-09-2014,191.6,191.6,186.84,188.51
03-09-2014,194.48,195.57,191.8,192.21
02-09-2014,194.61,197.2,193.05,193.9
01-09-2014,190.39,196.16,190.12,195.34
28-08-2014,193.2,193.28,188.54,189.63
27-08-2014,192,194.12,191.05,192.37
26-08-2014,191.6,192.94,187.77,191.09
25-08-2014,196.5,199.2,192.2,192.73
22-08-2014,193.8,199.13,193.8,196.89
21-08-2014,185.6,194.16,185.05,193.13
20-08-2014,187.4,187.4,183.72,185.97
19-08-2014,185.22,187.9,183.47,187.5
18-08-2014,180.32,186,180.32,184.67
14-08-2014,181.96,182.78,179.4,182.07
13-08-2014,182.05,183.56,177.24,181.32
12-08-2014,184.5,184.8,182.22,183.84
11-08-2014,182.25,184.2,181.4,183.5
08-08-2014,183.42,183.9,179.65,180.87
07-08-2014,189.03,191.24,184.52,185.27
06-08-2014,194.46,194.8,189.56,189.93
05-08-2014,193.34,197.4,192.2,195.3
04-08-2014,191.62,194.38,191.62,193.52
01-08-2014,188.8,195.56,188.08,190.69
31-07-2014,194.67,195.83,190.4,191.35
30-07-2014,187.96,196.68,186.7,195.67
28-07-2014,186.62,189.98,186.26,187.96
25-07-2014,184,187.16,181.56,184.74
24-07-2014,184.99,187,184,185.65
23-07-2014,184.8,188.6,183.02,183.92
22-07-2014,186.7,187.39,182.2,184.09
21-07-2014,186.4,189.15,184.65,185.68
18-07-2014,186,186.88,184,185.8
17-07-2014,187,188.4,184.22,187.77
16-07-2014,187,188,183.7,186.54
15-07-2014,181.6,186,180.01,185.42
14-07-2014,174.05,181.56,172.6,180.02
11-07-2014,183,184.6,173.8,174.9
10-07-2014,185.4,192.45,179.79,182.8
09-07-2014,186,189.03,182.25,184.78
08-07-2014,194,194.95,184,186.43
07-07-2014,196.9,197.02,193.2,193.97
04-07-2014,199.1,199.59,193.12,196.01
03-07-2014,199,200.8,197.03,198.19
02-07-2014,201,202.74,197.4,198
01-07-2014,199.13,201.4,197.82,199.3
30-06-2014,190.68,199.29,190.68,198.44
27-06-2014,191.2,192.8,189,190.3
26-06-2014,193.81,195.24,190.34,191.23
25-06-2014,194.6,195.78,192.5,193.12
24-06-2014,191.4,196.59,191.3,194.48
23-06-2014,191,192.98,187.61,190.83
20-06-2014,193.5,193.6,189.69,190.33
19-06-2014,196.2,198.4,192.41,193.47
18-06-2014,196.62,199.58,192.2,195.8
17-06-2014,188,196.8,186.79,195.99
16-06-2014,189.58,190.8,184.46,189.33
13-06-2014,196.4,197.96,189.08,190.98
12-06-2014,197,199.36,194.06,195.89
11-06-2014,199.8,202.8,195.24,196.46
10-06-2014,204.8,205.13,197.72,199.91
09-06-2014,206.17,207.84,202.57,204.7
06-06-2014,200,205,199.38,204.19
05-06-2014,199.4,201,196.42,198.8
04-06-2014,194.5,200.7,194.5,199.43
03-06-2014,197,198.33,192.12,194.43
02-06-2014,189.6,196.38,187.99,195.65
30-05-2014,192.8,195.88,188,188.76
29-05-2014,195.5,201.34,190.9,192.07
28-05-2014,199,199.94,193.85,194.43
27-05-2014,205,205.8,197.6,198.99
26-05-2014,210.1,213.59,197.4,204.57
23-05-2014,198.9,208.72,196.4,207.57
22-05-2014,198.04,201.76,196.22,197.02
21-05-2014,199.98,202.58,196.06,197.29
20-05-2014,204.8,205.8,196.06,199.36
19-05-2014,186.4,204.98,186.4,202.78
16-05-2014,178,193.99,178,183.59
15-05-2014,168,172.05,166.4,171.04
14-05-2014,159.61,168.89,158.21,166.88
13-05-2014,168.8,175.6,158.71,160.05
12-05-2014,165,169.1,164.16,167.03
09-05-2014,156.79,164.38,155.88,163.75
08-05-2014,156.44,157.84,155.43,156.16
07-05-2014,156.42,158.8,155.4,155.79
06-05-2014,158.36,159.28,156.04,157.08
05-05-2014,155,158.6,154.26,157.23
02-05-2014,157.78,159.58,154.49,155.21
30-04-2014,157.4,161.4,155,156.68
29-04-2014,159.27,160.4,155.86,156.91
28-04-2014,158.2,159.88,155.6,159.17
25-04-2014,160.8,163.33,157.6,158.37
23-04-2014,157.48,161.74,157.24,161.01
22-04-2014,162.38,162.38,157.2,157.69
21-04-2014,156.58,161.36,156.4,161.05
17-04-2014,154,156.57,151.1,155.92
16-04-2014,152.4,156.34,151.6,152.83
15-04-2014,156.2,156.67,151.66,152.74
11-04-2014,154.81,158.35,153.66,155.89
10-04-2014,157.55,158.95,154.21,156.51
09-04-2014,151.6,157.2,150.26,156.49
07-04-2014,150.22,151.52,147.73,150.46
04-04-2014,148.2,151.76,146.6,150.34
03-04-2014,152,152.18,146.5,148.33
02-04-2014,148.57,152.2,145.84,151.46
01-04-2014,149.8,149.98,144.04,147
31-03-2014,153.98,155.72,146.45,148.78
28-03-2014,142.2,152.31,142,150.05
27-03-2014,136,142.34,135.52,141
26-03-2014,134.8,136.38,134,135.91
25-03-2014,132.43,134.38,131.73,133.86
24-03-2014,129.3,132.86,129.02,132.43
21-03-2014,127.98,128.96,127.1,128.41
20-03-2014,129.22,129.22,126.04,126.52
19-03-2014,128.56,130.34,127.2,129.85
18-03-2014,125.59,128.78,125.59,127.19
14-03-2014,122.4,125.6,121.44,124.99
13-03-2014,123.22,126.55,122.42,123.25
12-03-2014,124.5,125.37,121.82,122.83
11-03-2014,127.8,129.15,124.15,125.19
10-03-2014,122.98,127.66,121.1,126.72
07-03-2014,119.8,124.85,118.72,123.43
06-03-2014,119.14,120.57,117.49,118.96
05-03-2014,114.2,119.32,112.47,118.37
04-03-2014,108.6,113.6,108.22,113.16
03-03-2014,109.3,111.28,107.6,107.96
28-02-2014,108.2,112.28,107.83,110.44
26-02-2014,108.06,108.99,107.2,108.61
25-02-2014,108.48,109.1,106.64,107.6
24-02-2014,106.6,108.7,105.84,107.83
21-02-2014,106.6,107.7,106.44,107
20-02-2014,107,107.4,105.52,106.24
19-02-2014,108.78,109.72,107.2,108.13
18-02-2014,106.03,109.86,106.03,108.6
17-02-2014,107.04,108.36,105.3,106.49
14-02-2014,106.78,107.95,104.8,107.34
13-02-2014,109.85,110.39,105.74,106.19
12-02-2014,110.31,111.35,109,109.79
11-02-2014,109.89,110.38,109.02,109.32
10-02-2014,111.61,112.08,110.48,111.53
07-02-2014,111.49,111.76,110.09,111.14
06-02-2014,112.2,113.5,109.14,110.04
05-02-2014,113.2,113.8,111.22,112.18
04-02-2014,107.52,113.88,107,113.16
03-02-2014,109.51,110.89,108.24,109.92
31-01-2014,103.7,110.83,101.83,109.51
30-01-2014,106,106.4,103.04,103.52
29-01-2014,110.94,111.8,107.66,108.09
28-01-2014,109.6,112.6,105.93,109.52
27-01-2014,114.4,114.53,108.85,109.55
24-01-2014,121.2,121.8,116.08,116.36
23-01-2014,123.31,123.8,121.41,121.98
22-01-2014,121.8,124.07,120.4,123.56
21-01-2014,120.63,123.15,120.63,122.18
20-01-2014,119.4,120.6,118.02,120.14
17-01-2014,122.8,123.94,119.16,119.38
16-01-2014,124.11,124.46,122.6,123.39
15-01-2014,120.8,123.4,120.41,123.11
14-01-2014,120.48,121.6,119.4,120.1
13-01-2014,119.41,121.13,117.73,120.27
10-01-2014,121.36,122.92,118.25,119.04
09-01-2014,122.02,122.56,120.1,121.03
08-01-2014,121.28,123.12,119.86,122.07
07-01-2014,122,123.18,118.58,120.46
06-01-2014,123.5,123.78,121,122.01
03-01-2014,120.07,124.3,120.07,123.65
02-01-2014,127.4,130.91,121.34,122.24
01-01-2014,125.51,127.96,125.2,126.98
31-12-2013,126,126.34,124.46,125.29
30-12-2013,128,128.4,124.48,125.05
27-12-2013,125.8,127.7,125.4,127.02
26-12-2013,126.47,128.98,125,125.48
24-12-2013,125,127.76,123.05,126.98
23-12-2013,119.4,125.9,119,124.87
20-12-2013,115.22,119.98,114.46,118.9
19-12-2013,118.8,119.44,113.38,115.98
18-12-2013,112.77,118.6,112.4,117.94
17-12-2013,114.04,115.02,112.33,113.16
16-12-2013,112.98,114.6,111.7,113.05
13-12-2013,115.25,115.63,112.63,113.02
12-12-2013,118.4,118.6,116.29,117.24
11-12-2013,120.06,120.59,118.24,119.23
10-12-2013,122.6,123,118.6,121.21
09-12-2013,124.5,126.4,121.63,122.24
06-12-2013,116.09,120.6,114.62,119.38
05-12-2013,116.47,119.76,115.9,116.43
04-12-2013,110.38,114.48,110.01,113.76
03-12-2013,110.68,112.3,109.84,111.31
02-12-2013,110.4,112.6,110.4,111.18
29-11-2013,107.04,110.47,106.63,109.98
28-11-2013,106.95,107.4,105.73,106.45
27-11-2013,105.8,106.24,103.86,105.5
26-11-2013,106,108.4,104.9,105.23
25-11-2013,104,107.03,104,106.75
22-11-2013,105,105.21,102.8,103.34
21-11-2013,106.05,106.4,103.02,103.5
20-11-2013,109.72,110.68,106.52,107.58
19-11-2013,106.31,110.64,105.11,109.79
18-11-2013,105.02,107,103.85,105.98
14-11-2013,103.2,104.76,102.9,104.17
13-11-2013,100,104,99.4,101.01
12-11-2013,104,105.18,100.4,101.02
11-11-2013,103.2,106.6,101.78,103.62
08-11-2013,108.58,109.98,103.33,104.45
07-11-2013,112.8,114,108.6,109.11
06-11-2013,116.76,117.69,111.3,112.05
05-11-2013,115.2,119.8,113.79,116.62
01-11-2013,110.2,117.59,109.42,114.17
31-10-2013,99.5,109.94,98.87,108.88
30-10-2013,101.38,102.18,99.5,99.96
29-10-2013,95.4,101,94.6,100.6
28-10-2013,100.2,100.54,95.47,95.98
25-10-2013,98.75,99.76,97.63,99.33
24-10-2013,99.2,102.11,98.44,98.93
23-10-2013,98,100.4,96.88,99.15
22-10-2013,96.5,98.76,95.72,97.39
21-10-2013,95.79,98.18,95.13,96.83
18-10-2013,93.1,95.4,93.06,95.1
17-10-2013,94.5,94.9,92.09,92.73
15-10-2013,98.58,99,93.38,93.97
14-10-2013,98,100.3,97.02,97.44
11-10-2013,96.53,99.14,95.16,97.28
10-10-2013,95.01,96.2,94.28,94.81
09-10-2013,92.62,95.6,91.78,95.28
08-10-2013,96.8,96.8,92.84,93.53
07-10-2013,94.03,94.84,92.01,93.48
04-10-2013,93.6,96.31,93.26,94.06
03-10-2013,92.71,95.37,92.71,94.21
01-10-2013,92.85,93.6,91.42,92.38
30-09-2013,94.27,94.4,91.72,92.29
27-09-2013,96,96.4,93.8,95.53
26-09-2013,96.68,97.6,94.6,95.21
25-09-2013,97.54,98.4,95.06,96.97
24-09-2013,94.98,97.6,93.07,96.7
23-09-2013,101.8,102.4,96.06,96.77
20-09-2013,111.6,112.4,100,103.11
19-09-2013,107.2,112.55,106.86,111.36
18-09-2013,99.99,102.69,99.2,101.83
17-09-2013,101.95,101.95,98.85,99.99
16-09-2013,105.2,106.36,100.42,101.62
13-09-2013,98.52,104.2,97.45,102.8
12-09-2013,100.4,102.06,97.22,98.84
11-09-2013,92.6,99.98,90.33,99.41
10-09-2013,91.98,93.8,91.42,92.75
06-09-2013,89.8,90.4,86.8,89.49
05-09-2013,85.7,89.95,85.19,88.52
04-09-2013,81.89,83.98,80.04,82.52
03-09-2013,88.2,88.95,81.49,81.89
02-09-2013,85.4,89.32,85.4,87.75
30-08-2013,85.19,88.8,84.4,85.97
29-08-2013,87.62,88.8,84.2,85.13
28-08-2013,90.18,90.45,85.85,86.9
27-08-2013,94.19,94.58,91.3,91.8
26-08-2013,97.08,98.2,95.2,95.85
23-08-2013,98.2,99.07,95.6,96.46
22-08-2013,95,98.67,94.01,97.44
21-08-2013,101.2,104.56,95.06,95.86
20-08-2013,93.6,97.99,90.6,95.65
19-08-2013,98.4,98.4,94.65,95.92
16-08-2013,106.38,106.8,98.45,100.05
14-08-2013,108,110.38,106.25,107.55
13-08-2013,106.04,109.2,104.52,107.83
12-08-2013,107.64,109.98,104,107.01
08-08-2013,106.2,108.7,103.92,108.11
07-08-2013,104.7,108.77,104,106.54
06-08-2013,106.16,106.16,103,104.1
05-08-2013,103.8,108.6,101.24,107.43
02-08-2013,109.31,110.25,103.02,104.75
01-08-2013,116,116.39,107.6,108.82
31-07-2013,112,115.15,107,114.02
30-07-2013,117.22,118.5,112.34,113.18
29-07-2013,119.16,119.34,114.29,116.81
26-07-2013,125.62,126.23,116.62,118.78
25-07-2013,126.2,129.54,124.02,125.13
24-07-2013,128.87,129,124.91,126.25
23-07-2013,130,133.6,129.81,132.25
22-07-2013,126,129.58,125.25,129.07
19-07-2013,127.41,128.68,124.42,126.2
18-07-2013,125,128.2,123.2,127.38
17-07-2013,126,126.1,122.77,124.3
16-07-2013,127.2,128.99,124.4,125.16
15-07-2013,126.06,133.62,125.2,132.44
12-07-2013,126.71,127.18,125.25,126.7
11-07-2013,126.3,127.96,125.2,126.03
10-07-2013,127,127.74,124,124.41
09-07-2013,126.38,126.98,124.2,126.43
08-07-2013,124.2,125,122,124.05
05-07-2013,126.01,126.76,123.62,125.04
04-07-2013,125.06,126.28,120.81,124.01
03-07-2013,129.2,129.8,123.4,124.37
02-07-2013,133.8,135,130.62,131.05
01-07-2013,130.36,134.32,130.26,133.75
28-06-2013,128.5,131.08,128.38,130.17
27-06-2013,130.08,130.81,126.62,127.15
26-06-2013,130.25,131.96,127.71,128.43
25-06-2013,130.2,133.4,128,129.35
24-06-2013,133,133.19,129,129.73
21-06-2013,137.65,138.92,131.92,133.4
20-06-2013,143,143.6,137,137.61
19-06-2013,145,146.38,144.26,145.11
18-06-2013,148,149.4,144.4,145.03
17-06-2013,148.65,149.56,144.4,148.41
14-06-2013,145.82,149,145.82,148.25
13-06-2013,145.6,146.92,143.6,144.36
12-06-2013,148.51,152.38,148,150.85
11-06-2013,150.4,151.54,147.7,149.38
10-06-2013,154,154.59,150.2,151.59
07-06-2013,154.2,156.73,152.05,152.59
06-06-2013,152.4,155.7,151.42,154.99
05-06-2013,152.2,153.59,151.41,152.96
04-06-2013,152.6,155,151,152.01
03-06-2013,152.96,154.4,149.82,151.87
31-05-2013,158.79,159.74,151.1,152.01
30-05-2013,159.4,164.66,158.5,159.6
29-05-2013,162.02,162.1,159.42,160.42
28-05-2013,161.02,162.8,160.32,162.1
27-05-2013,157,161.32,156,160.86
24-05-2013,156.4,158.4,153.66,157.51
23-05-2013,160.98,160.98,153.42,154.34
22-05-2013,164.25,166,160.22,161.32
21-05-2013,167,167.79,163,163.94
20-05-2013,168.2,170.53,166.5,167.1
17-05-2013,163.8,167.97,162,166.85
16-05-2013,163.32,166.94,162.32,163.39
15-05-2013,153.76,165.25,153.76,164.49
14-05-2013,152.05,154.6,151.15,153.16
13-05-2013,153.69,155.14,150.74,151.62
10-05-2013,156,156.3,153.03,154.19
09-05-2013,150.54,158.75,146.64,156.66
08-05-2013,150.02,150.6,147.52,149.76
07-05-2013,148.02,150.3,147.19,149.59
06-05-2013,148.42,149.4,145.29,147.78
03-05-2013,152.42,153.38,148.2,148.78
02-05-2013,153.02,156,151.72,153.71
30-04-2013,157.2,157.31,150.6,153.58
29-04-2013,155.22,158,154.59,156.96
26-04-2013,157.01,157.01,153.93,154.45
25-04-2013,156.6,159.28,156,157.14
23-04-2013,156.76,157.1,152.6,155.82
22-04-2013,154.2,157.59,152.9,156.29
18-04-2013,149.62,154.2,148.57,153.3
17-04-2013,150,152.5,147.8,149.5
16-04-2013,145.65,149.89,145.65,148.09
15-04-2013,142.38,148.7,141.62,146.89
12-04-2013,140.6,143.82,140.2,142.62
11-04-2013,142,142.89,139.2,141.92
10-04-2013,138.4,142,136.41,141.52
09-04-2013,142.38,143.53,137.4,137.93
08-04-2013,144.3,145.14,140.6,141.13
05-04-2013,143,145.8,142.1,143.95
04-04-2013,144.42,145,142.19,143.37
03-04-2013,148.6,150.58,144.63,145.36
02-04-2013,144.31,149.29,144.31,148.65
01-04-2013,144.4,145.95,143.23,144.98
28-03-2013,142.67,144.6,140.8,143.58
26-03-2013,144.25,144.82,140.87,142.62
25-03-2013,148,148.9,143.55,144.82
22-03-2013,143.82,147.92,143.24,145.45
21-03-2013,149.1,150.86,141.86,143.62
20-03-2013,153.85,154.16,148.04,148.8
19-03-2013,159.9,160.49,153.44,153.99
18-03-2013,157.76,160.74,157.07,158.9
15-03-2013,160.94,162.34,159,159.4
14-03-2013,157.42,161.4,155.17,159.34
13-03-2013,160,161,157.05,157.86
12-03-2013,163.8,163.8,160.2,161.2
11-03-2013,163.6,164.43,161.2,162.8
08-03-2013,162.62,163.66,161.06,162.93
07-03-2013,161.86,163.06,160.22,162.12
06-03-2013,159.2,162.4,158.46,161.86
05-03-2013,157.6,158.86,155.76,157.92
04-03-2013,157.6,157.72,155.18,156.35
01-03-2013,158.2,160.98,156.23,157.73
28-02-2013,168.2,169.9,155,158.09
27-02-2013,166.1,168.17,165.03,167.35
26-02-2013,168.38,168.86,164.75,165.49
25-02-2013,171.8,171.91,167,168.95
22-02-2013,167.64,171.38,166.84,170.61
21-02-2013,172.2,172.49,167.85,168.4
20-02-2013,173,174.7,171.66,173.24
19-02-2013,170.1,172.5,168.86,172.24
18-02-2013,168.8,171,168.8,170.04
15-02-2013,169.2,170.94,167.61,169.17
14-02-2013,170.22,172,168.6,170.03
13-02-2013,171.34,173.98,169.64,170.09
12-02-2013,172.4,173.58,170.5,172.14
11-02-2013,173.1,174.59,171.3,171.79
08-02-2013,176,176.37,171.78,172.51
07-02-2013,176.2,178,174.6,175.46
06-02-2013,177.8,179.16,175.42,176.18
05-02-2013,176.01,177.66,174.33,176.02
04-02-2013,181,181.2,176.2,176.54
01-02-2013,182.4,183.2,178.67,179.97
31-01-2013,166.4,184,165.04,182.42
30-01-2013,172.9,173.43,166.39,166.73
29-01-2013,174.89,177.64,171.21,171.85
28-01-2013,176.03,176.8,173.82,174.51
25-01-2013,170.44,175.4,169.04,174.67
24-01-2013,174,175.29,169.81,170.43
23-01-2013,176.44,178,172.32,174.85
22-01-2013,178.4,181.36,175.84,176.4
21-01-2013,179,180.2,178.06,178.37
18-01-2013,178.24,181,177.81,178.86
17-01-2013,175,178.96,174.66,178.11
16-01-2013,179,180.16,176,176.59
15-01-2013,181.2,182.36,179.12,180.17
14-01-2013,176.22,181.8,174.5,181.09
11-01-2013,177.82,178.69,175.45,176.15
10-01-2013,179.36,179.89,177.04,177.64
09-01-2013,179.27,181.33,176.88,177.6
08-01-2013,180.2,181.59,177.67,179.22
07-01-2013,182.4,182.93,180.15,180.56
04-01-2013,178.58,182.15,178.32,181.62
03-01-2013,181.74,182.58,178.4,179.36
02-01-2013,179.8,183.9,179.46,181.1
01-01-2013,175.94,179.18,175.01,178.49
31-12-2012,168.82,175.08,168.82,174.26
28-12-2012,169.4,170.2,167.8,168.54
27-12-2012,169,170.47,168.2,168.82
26-12-2012,167,169.68,166.02,168.5
24-12-2012,166.8,168.18,165.02,166.7
21-12-2012,169.6,169.78,165.6,166.34
20-12-2012,170.21,171.68,168.02,170.24
19-12-2012,170,172.4,168.55,170.21
18-12-2012,169,169.8,163.79,168.85
17-12-2012,167,168.3,166.79,167.49
14-12-2012,161.9,167.29,161.3,166.08
13-12-2012,167.36,168.9,163.18,163.95
12-12-2012,166.4,167.99,164.25,165.08
11-12-2012,168.78,170.38,163.7,165.92
10-12-2012,164.4,168.57,163.04,167.94
07-12-2012,165.8,166.37,163.4,164.21
06-12-2012,164,165.2,160.41,164.6
05-12-2012,159,164.2,158.8,162.84
04-12-2012,156.6,158.18,155.7,157.46
03-12-2012,157.4,158.47,155.41,156.61
30-11-2012,154.05,157.38,153.82,156.98
29-11-2012,151.1,154.4,151,153.35
27-11-2012,148.59,151.56,147.42,150.89
26-11-2012,146.46,148.8,146.4,148.02
23-11-2012,147,147.7,145.69,146.89
22-11-2012,145.8,147.89,145.8,146.75
21-11-2012,146.4,147.56,145,145.53
20-11-2012,148.53,149.37,145.57,146.09
19-11-2012,149,149.99,147.28,148.79
16-11-2012,151.8,153.73,148.07,148.58
15-11-2012,153,153.7,151.63,152.65
13-11-2012,154.4,156.8,153.03,153.48
12-11-2012,154.31,155.2,153.03,154.38
09-11-2012,155.6,157.12,152.4,153.86
08-11-2012,153.04,156.58,152.73,155.62
07-11-2012,150.8,156.7,150.8,155.14
06-11-2012,149.64,152.58,149.64,151.5
05-11-2012,151.3,151.94,150.1,151.03
02-11-2012,151.54,152.6,149.73,151.11
01-11-2012,147.6,150.8,146.52,150.33
31-10-2012,144.9,148.6,143.39,147.68
30-10-2012,151,153.8,145,145.77
29-10-2012,150.32,152.6,148.6,151.07
26-10-2012,159.02,160.52,148.97,149.89
25-10-2012,163.22,164.49,159.75,160.77
23-10-2012,163.2,165.54,163.2,163.71
22-10-2012,162.64,164.95,162.48,164.06
19-10-2012,166.4,167.16,163.7,164.56
18-10-2012,163.62,166.88,162.41,166.32
17-10-2012,162.8,164.4,161.7,162.66
16-10-2012,164.7,165.6,160.4,161.03
15-10-2012,164,165.26,161.86,164.04
12-10-2012,164.96,167.66,163.52,164.06
11-10-2012,160.2,165,158.19,164.27
10-10-2012,158,160.6,157.13,159.41
09-10-2012,160.2,161.8,157.33,158.42
08-10-2012,163.9,164.2,158.67,159.28
05-10-2012,168,168.2,155.86,163.82
04-10-2012,166.22,168,165.98,166.52
03-10-2012,167.4,168.1,164.6,165.58
01-10-2012,168.4,168.9,165.56,166.34
28-09-2012,169,169.97,166.4,168.06
27-09-2012,167.2,168.4,164.45,166.68
26-09-2012,165.6,167,162.79,166.68
25-09-2012,166,168.98,161.62,164.71
24-09-2012,169.28,171.54,163.71,164.24
21-09-2012,160,168.33,160,167.45
20-09-2012,158.4,163.54,155.1,159.08
18-09-2012,150.2,161.57,149.59,160.56
17-09-2012,143.44,152,143.44,149.55
14-09-2012,138.5,142.16,138.5,141.81
13-09-2012,137.8,138.5,136.04,136.39
12-09-2012,137.65,138.44,135.02,137.01
11-09-2012,136.1,138,136,137.01
10-09-2012,136.6,139.05,136.6,137.28
07-09-2012,135.6,136.88,134.06,136.65
06-09-2012,133.4,134.92,132.81,133.27
05-09-2012,134,135.17,133.3,133.77
04-09-2012,133.4,136.19,133.4,135.44
03-09-2012,135.8,137,133.22,133.84
31-08-2012,135.6,137.14,133.82,135.31
30-08-2012,133.2,136.72,131.84,135.87
29-08-2012,135.45,136.78,132.82,133.23
28-08-2012,135.6,137.18,134,135.17
27-08-2012,142.6,142.95,135.03,135.81
24-08-2012,143.14,143.14,141.8,142.23
23-08-2012,143,144.12,142.3,143.35
22-08-2012,143.2,144.59,141.67,141.91
21-08-2012,145.1,146.36,143.79,143.96
17-08-2012,146.4,147.28,144.8,145.47
16-08-2012,147,148,145.21,145.87
14-08-2012,143.12,146.96,143.12,146.42
13-08-2012,144.26,145.99,143.02,143.83
10-08-2012,145.6,147.35,143.72,144.26
09-08-2012,149.6,149.65,145.24,146.34
08-08-2012,151.38,151.89,147.6,148.28
07-08-2012,148.8,151.38,147.47,150.44
06-08-2012,150.4,151.04,148.1,148.79
03-08-2012,144.8,148.66,143.02,148.1
02-08-2012,146.38,146.38,144.83,145.72
01-08-2012,145.65,147.5,145.05,146.23
31-07-2012,146.58,147,143,145.42
30-07-2012,144,146.4,142.07,146.12
27-07-2012,153.98,155.6,141.6,142.97
26-07-2012,158.6,159,149.74,151.19
25-07-2012,161.8,161.81,157.2,158.44
24-07-2012,161,162.76,160.67,161.35
23-07-2012,162.41,163.2,159.8,161.07
20-07-2012,164.8,165.62,162.8,163.88
19-07-2012,168,168.58,163.39,164.74
18-07-2012,171.5,171.64,166.04,166.41
17-07-2012,172,173,170.6,171.41
16-07-2012,169.2,171.99,167.14,170.53
13-07-2012,169.6,172,166,168.59
12-07-2012,171,172.59,168.02,168.92
11-07-2012,171.2,174.8,171.2,172.6
10-07-2012,167.74,173.75,166.73,172.95
09-07-2012,166.4,167.96,165.64,167.48
06-07-2012,169.4,169.4,166.04,168.18
05-07-2012,169.2,169.99,167,169.13
04-07-2012,167,169.79,166,169.24
03-07-2012,164,166.9,163.24,165.89
02-07-2012,163.78,163.88,161.71,162.8
29-06-2012,159,162,159,161.66
28-06-2012,157.8,158.25,156.45,157.58
27-06-2012,157,157.8,155.78,157.22
26-06-2012,154.8,156.8,153.8,156.2
25-06-2012,157,159.22,153.6,154.84
22-06-2012,152.44,156.79,152.04,156
21-06-2012,150.27,156.4,149.33,155.87
20-06-2012,151.14,152.5,150.22,150.85
19-06-2012,152.2,152.81,148.46,149.89
18-06-2012,161.2,162.38,151,152.05
15-06-2012,155.4,159,154.51,158.43
14-06-2012,159.16,159.98,153.4,153.89
13-06-2012,161.4,163.6,161,162.83
12-06-2012,153.72,160.98,153.25,160.35
11-06-2012,157.98,159.99,153.13,154.39
08-06-2012,153.78,157.52,150.78,156.4
07-06-2012,156,156,151.21,153.23
06-06-2012,150.4,154.38,150.4,153.77
05-06-2012,149.02,151.2,146.95,150.19
04-06-2012,144,148.78,142.63,147.95
01-06-2012,151.94,151.94,145,145.47
31-05-2012,144.8,152.76,144.08,151.1
30-05-2012,149,149.8,145.6,146.27
29-05-2012,151,151.6,149.18,149.86
28-05-2012,145.88,150.8,145.6,149.86
25-05-2012,144.38,146.6,144.33,145.17
24-05-2012,142.78,145.84,141.53,144.91
23-05-2012,143.6,143.99,140.7,141.62
22-05-2012,145.38,146.38,143.6,143.99
21-05-2012,145.98,146.92,142.97,143.88
18-05-2012,142,146.8,141.29,144.33
17-05-2012,143.2,144.76,142.24,143.9
16-05-2012,144.62,145.03,141.4,141.87
15-05-2012,143.5,147.38,143.39,146.24
14-05-2012,150.06,151.2,144.24,144.77
11-05-2012,149.94,152,147,148.97
10-05-2012,153,154.94,149.4,150.64
09-05-2012,156.78,159.4,151.58,153.49
08-05-2012,160.4,164.1,155.2,156.79
07-05-2012,159.6,160.79,153.17,159.08
04-05-2012,168,168.48,159.04,160.84
03-05-2012,171.6,172.66,168,168.76
02-05-2012,170.2,174.8,170.2,173.39
30-04-2012,167.02,172.4,167.02,170.03
27-04-2012,170,171.98,165.42,166.8
26-04-2012,176,176.5,168.02,169.06
25-04-2012,176.22,178.69,173,175
24-04-2012,178.02,179.4,174.59,176.61
23-04-2012,181.2,182.8,177,177.66
20-04-2012,183.92,184.98,179,181.24
19-04-2012,185.25,186,183.2,184.34
18-04-2012,187.4,187.53,183.63,184.84
17-04-2012,186,188.2,181.31,185.78
16-04-2012,179,185.37,178.78,184.75
13-04-2012,184,186.18,179.2,180.5
12-04-2012,181.34,184.7,180.02,182.51
11-04-2012,181,182.4,177.95,179.99
10-04-2012,182.65,183.51,180,181.38
09-04-2012,184.6,185.2,181.04,182.25
04-04-2012,184.4,186.78,184.4,185.86
03-04-2012,185.8,188,185.12,186.24
02-04-2012,186.36,188.38,184.4,185.8
30-03-2012,184.4,187.12,182.85,185
29-03-2012,181,183.67,179.69,181.91
28-03-2012,185.6,185.6,181.21,182.46
27-03-2012,185.38,187.8,180.44,185.06
26-03-2012,190.4,190.45,181.2,182.27
23-03-2012,189.6,192.11,186.41,190.29
22-03-2012,196.3,197.55,187.22,189.05
21-03-2012,190.63,195.46,189.62,195
20-03-2012,186.94,192.8,184.68,191.62
19-03-2012,193.2,194,185.1,185.49
16-03-2012,201.14,204,191.11,192.69
15-03-2012,205.6,207,198,199.34
14-03-2012,197.41,206.94,196.25,205.31
13-03-2012,196.36,197.33,194.42,195.26
12-03-2012,196.58,197.59,191.91,194.21
09-03-2012,188.8,192,188.41,191.54
07-03-2012,186.65,188,183.6,186.46
06-03-2012,188.2,193.56,184.12,186.66
05-03-2012,192.5,192.5,185.04,188.21
02-03-2012,192,194.8,187.31,190.74
01-03-2012,191.18,191.95,186.25,189.73
29-02-2012,191.6,196.37,189.19,190.66
28-02-2012,184.8,193.98,182.45,190.26
27-02-2012,192.4,193.67,177.64,181.78
24-02-2012,201.6,204,192.2,193.04
23-02-2012,203,207.3,198.22,200.55
22-02-2012,216.8,218.01,203.66,205.36
21-02-2012,215.54,218.21,213.2,214.35
17-02-2012,212,217.86,212,215.3
16-02-2012,209.04,212.76,207.4,211.33
15-02-2012,204.8,211.56,204,210.06
14-02-2012,198.4,204.29,198.02,203.15
13-02-2012,202,202,196.25,198.95
10-02-2012,199.6,204.8,199.23,201.53
09-02-2012,196,200.8,195.63,200.11
08-02-2012,197.02,199.42,195.01,196.14
07-02-2012,196,198.8,195.02,196.56
06-02-2012,193,196.3,192.87,194.91
03-02-2012,189.35,193.27,188,192.56
02-02-2012,193.98,194.74,184,190.56
01-02-2012,188,192.94,186.72,191.16
31-01-2012,194,196.45,184,188.23
30-01-2012,193,195.5,190.45,191.05
27-01-2012,199.71,200.38,192.82,194.23
25-01-2012,201,203.4,197.4,200.19
24-01-2012,193.76,202.89,190.4,200.52
23-01-2012,189.6,194.4,188.32,192.22
20-01-2012,183,191,183,189.71
19-01-2012,181.8,183.36,181.17,182.35
18-01-2012,183.4,183.98,179.01,180.39
17-01-2012,179.4,184.31,178.07,183.52
16-01-2012,178.76,178.76,173,177.19
13-01-2012,182.4,183.01,178,178.97
12-01-2012,175.98,181.8,174.97,180.57
11-01-2012,173.26,177.6,172.1,176.09
10-01-2012,166.4,173.62,165.75,171.96
09-01-2012,163.3,166.94,160.3,164.94
06-01-2012,164.96,164.96,160.6,162.46
05-01-2012,160.8,167.1,160.01,165.36
04-01-2012,160.8,161.49,158.06,159.72
03-01-2012,155,161.2,154.38,160.42
02-01-2012,156.98,156.98,151.31,153.25
30-12-2011,156.6,157.97,155.1,156.16
29-12-2011,153,157.6,150.56,156.18
28-12-2011,161.98,161.98,154.2,154.87
27-12-2011,162,163,160.61,161.67
26-12-2011,163.36,164.96,161.67,162.53
23-12-2011,165.05,168.28,161.41,163.36
22-12-2011,157.02,165.14,157.02,164.47
21-12-2011,160,160,155.64,158.04
20-12-2011,160,161.8,154.2,155.62
19-12-2011,165,165,156.47,159.81
16-12-2011,175.4,177.4,163.8,165.73
15-12-2011,176.8,177.07,173.1,173.71
14-12-2011,177.4,181,175.2,177.1
13-12-2011,177.8,179,173.24,177.85
12-12-2011,187.19,187.45,176.59,178.58
09-12-2011,183.03,188.77,180.45,185.4
08-12-2011,182.8,188.8,182.51,186.68
07-12-2011,186.4,188.76,182.42,184.2
05-12-2011,184.4,186.64,181,185.5
02-12-2011,180.98,184.2,178.04,183.27
01-12-2011,181,182.4,178.01,180.19
30-11-2011,174.64,177.94,174.64,176.41
29-11-2011,184.8,185.14,176.26,178.32
28-11-2011,179.6,187.11,176.07,184.23
25-11-2011,175.8,178.6,173.64,176.08
24-11-2011,176.36,178.54,172.42,177
23-11-2011,175.58,178.96,171.19,176.68
22-11-2011,173.8,178,173.48,176.85
21-11-2011,175.2,175.2,172.01,173.48
18-11-2011,172.2,177.4,169,175.4
17-11-2011,178,178.89,170.44,174.53
16-11-2011,182.8,182.9,178.2,179.18
15-11-2011,186.6,187.4,182.71,183.62
14-11-2011,191.6,192.41,184.07,186.48
11-11-2011,192.3,192.94,189.63,190.83
09-11-2011,196.3,197,191.72,193.14
08-11-2011,197.48,197.48,193.12,195.65
04-11-2011,199.94,200.58,195,195.7
03-11-2011,195.6,199.14,195,197.56
02-11-2011,197.6,197.96,193.4,195.63
01-11-2011,195.25,206.2,193.81,202.53
31-10-2011,193.22,195.8,189.76,195.25
28-10-2011,192,200.2,191,192.48
25-10-2011,193,195.57,184.2,185.87
24-10-2011,197.58,201.58,192.5,194.04
21-10-2011,198.2,199.6,195.2,196.45
20-10-2011,194.06,199.14,191.84,196.7
19-10-2011,194.25,196.99,193.99,195.94
18-10-2011,192,194,191.31,193.08
17-10-2011,196,196.79,193.07,193.96
14-10-2011,196,196.77,193.66,194.5
13-10-2011,200.1,200.33,194.8,196.15
12-10-2011,191.2,199.32,190.07,197.17
11-10-2011,188.8,191.8,187.82,190.88
10-10-2011,184.8,187.53,182,186.28
07-10-2011,185.09,188.83,182.69,185
05-10-2011,184,186,180.27,181.79
04-10-2011,185.2,190.56,174.2,184.8
03-10-2011,187,189,185.12,186.89
30-09-2011,192,192,188.2,190.6
29-09-2011,193.08,195,189.21,194.1
28-09-2011,199,199.2,191.6,193.4
27-09-2011,198,200.54,197,198.18
26-09-2011,194,197,187.05,194.74
23-09-2011,190,195.57,188.46,194.03
22-09-2011,198,198.56,190.45,191.98
21-09-2011,202.06,202.6,198.6,199.95
20-09-2011,195.6,201.78,194.6,200.62
19-09-2011,195,195.9,193.45,195.43
16-09-2011,195.06,197.58,192.5,196.12
15-09-2011,193,194.98,190,194.2
14-09-2011,191.2,193.4,188.34,191.68
13-09-2011,189,192.5,186.01,190.37
12-09-2011,189.6,190.4,186.02,188.22
09-09-2011,192.74,195.2,189.27,193.32
08-09-2011,191,193.4,190.15,192.45
07-09-2011,187,193.4,186.88,190.71
06-09-2011,184.2,187.7,181.7,187.03
05-09-2011,181.4,186.6,179,185.96
02-09-2011,186.2,187.74,181.02,182.01
30-08-2011,187.68,187.96,182.02,185.91
29-08-2011,183.48,189,183.45,185.01
26-08-2011,193.95,194,180.12,181.84
25-08-2011,195.67,202,187.6,192.16
24-08-2011,199.38,201,194.3,194.93
23-08-2011,198.6,200.2,194.27,198.78
22-08-2011,199.94,199.94,190.6,196.02
19-08-2011,198,204.81,196.01,198.32
18-08-2011,209.57,209.57,198.29,202.31
17-08-2011,214.8,215.83,205.8,208.67
16-08-2011,218,218.49,212.25,213.65
12-08-2011,223.36,224.6,216.4,217.06
11-08-2011,224.6,226.9,220.5,222.27
10-08-2011,225.4,226.36,222.57,224.94
09-08-2011,212.2,224.8,212.2,222.81
08-08-2011,208.05,223.96,208.05,220.35
05-08-2011,210.2,217.94,208.29,215.11
04-08-2011,218.2,220.71,214.6,215.48
03-08-2011,215.7,220.2,213.62,218.77
02-08-2011,222.2,222.52,218,218.9
01-08-2011,227.2,228.97,220.83,223.36
29-07-2011,220.2,226.58,219,224.78
28-07-2011,221.04,228.6,216.5,220.07
27-07-2011,231.24,232.8,223.4,225.21
26-07-2011,238.25,240.4,230.44,233.13
25-07-2011,234.18,240,232.8,239.4
22-07-2011,228.2,234.99,228.2,233.94
21-07-2011,231.6,231.6,227.2,228.28
20-07-2011,232.53,233.96,228.66,232.03
19-07-2011,228.41,233.97,228.41,231.96
18-07-2011,226.4,231.72,226.4,230.08
15-07-2011,229.68,230.71,227.26,228.02
14-07-2011,227,232,224.82,229.58
13-07-2011,225.8,228.7,224.5,227.46
12-07-2011,224.75,225.98,221.07,223.84
11-07-2011,229.6,229.9,225.04,225.75
08-07-2011,228.91,233.94,227.91,230.63
07-07-2011,224.33,229.6,223.8,228.79
06-07-2011,226.9,226.9,223.64,225.35
05-07-2011,225.6,228.94,222,226.9
04-07-2011,220,226.37,218.8,225.2
01-07-2011,218.8,220.36,216.4,218.3
30-06-2011,217.4,219.8,215.65,217.85
29-06-2011,216.54,217.51,213.66,217.05
28-06-2011,215,216.49,213.33,214.74
27-06-2011,211.58,214.4,210.8,213.11
24-06-2011,209.99,214.8,209.6,212.39
23-06-2011,208,209.22,206.85,208.06
22-06-2011,209.4,209.4,207.26,208.36
21-06-2011,211,212.3,206.8,207.92
20-06-2011,210,212.4,208,210.07
17-06-2011,209.4,211.4,208,209.96
16-06-2011,212,213.11,208.21,209.37
15-06-2011,218.58,218.61,216.05,216.57
14-06-2011,217.2,219.37,217.04,217.88
13-06-2011,218,218,215.61,217.16
10-06-2011,218.4,218.7,215.67,218.14
09-06-2011,218.4,219.78,217.24,218.11
08-06-2011,218.98,220.71,217.01,218.67
07-06-2011,215.04,219.14,214.8,218.65
06-06-2011,216,217.97,213.1,216.52
03-06-2011,218,219.2,215.02,216.05
02-06-2011,218.8,218.8,215.02,216.97
01-06-2011,220.11,221.65,218.73,220.44
31-05-2011,215,220.6,214.83,219.92
30-05-2011,215.2,217.6,212.43,214.09
27-05-2011,213.6,216.06,210.9,215.3
26-05-2011,210.4,223,208.94,216.41
25-05-2011,210.74,211.63,209,210.25
24-05-2011,203.45,211.58,203.45,209.87
23-05-2011,206.8,206.9,201.4,206.06
20-05-2011,208,209.76,205.42,206.71
19-05-2011,212,212.4,206.4,207.19
18-05-2011,212,212.4,208.82,211.05
17-05-2011,213.99,213.99,210.8,211.76
16-05-2011,217.6,217.6,211.4,212.11
13-05-2011,215.99,220.38,213.05,216.63
12-05-2011,215.97,217,213.6,214.61
11-05-2011,218.4,218.6,214.2,215.99
10-05-2011,216.3,218,214.8,217.51
09-05-2011,221.46,223.36,214.57,215.71
06-05-2011,214,220.6,214,219.98
05-05-2011,223.99,223.99,210.44,213.29
04-05-2011,219.6,225.88,213,223.38
03-05-2011,229.6,232.4,216.6,218.3
02-05-2011,237,237,228.21,230.45
29-04-2011,239.94,239.94,234.6,237.02
28-04-2011,244.8,245,239.05,240.32
27-04-2011,244.6,246.78,241.06,244.23
26-04-2011,242.2,247,238.4,244.37
25-04-2011,240.6,245.6,240.6,243
21-04-2011,242,244.38,239.25,240.25
20-04-2011,239.8,242.35,236.62,241.24
19-04-2011,236.71,238.41,235.4,236.82
18-04-2011,236.73,242,235.6,237.77
15-04-2011,239.03,242.89,235.81,238.32
13-04-2011,237,240.8,236.4,239.41
11-04-2011,238,240.62,236.13,237.78
08-04-2011,241.59,241.61,237,237.74
07-04-2011,239.6,241.98,238.18,239.89
06-04-2011,239.03,241.6,238,239.64
05-04-2011,238.83,240.4,235.35,239.59
04-04-2011,237,239.96,234.61,238.86
01-04-2011,243,243.43,235.4,235.9
31-03-2011,244,245.74,236.45,242.54
30-03-2011,234.56,246,234.56,243.51
29-03-2011,230.1,235.74,230.1,234.24
28-03-2011,229.6,231.94,228.97,230.35
25-03-2011,225.8,229.35,225.11,228.58
24-03-2011,223.2,226.8,221.36,224.64
23-03-2011,217.5,222.98,216.96,222.07
22-03-2011,218,219.6,217,218.51
21-03-2011,219.98,221.48,215.76,217.19
18-03-2011,220,221.18,216.4,217.81
17-03-2011,217,222.2,217,219.57
16-03-2011,217,220,216.44,219.35
15-03-2011,214,217,207.58,215.64
14-03-2011,214.8,217.77,214.3,216.2
11-03-2011,213,215.76,213,214.31
10-03-2011,215,215.6,211.36,214.4
09-03-2011,218.4,219.74,214.01,215.23
08-03-2011,212.4,218.16,212.4,217.12
07-03-2011,217,219.7,210.16,213.32
04-03-2011,221,221.79,215,216.28
03-03-2011,219.4,223.8,214.8,217.72
01-03-2011,213,221.21,211,218.77
28-02-2011,214.8,217.34,209.68,212.4
25-02-2011,208.4,215,205.2,212.32
24-02-2011,212.8,216.8,202.44,207.57
23-02-2011,213,215.6,210.6,211.7
22-02-2011,215.08,216.8,212.01,213.87
21-02-2011,220,221.2,212.6,215.69
18-02-2011,221.4,225.4,217.45,219.01
17-02-2011,220.6,223.2,219.6,221.48
16-02-2011,218.6,222.5,216.36,220.56
15-02-2011,212.5,220.99,208.42,218.99
14-02-2011,209.02,213,205.22,212.08
11-02-2011,197.53,207.69,194.06,206.79
10-02-2011,199.8,201.6,195.64,196.79
09-02-2011,200.97,202.96,198,198.88
08-02-2011,205.8,207.39,199.6,200.97
07-02-2011,214.6,214.6,203,204.37
04-02-2011,220.95,220.95,210.21,211.85
03-02-2011,216.1,218.94,214.4,216.99
02-02-2011,222.38,223.4,215.02,215.99
01-02-2011,222.2,227.8,218.2,220.2
31-01-2011,214.02,224.54,213.09,220.89
28-01-2011,221.6,222.04,217.64,218.76
27-01-2011,228.91,230.3,220.4,221.73
25-01-2011,231,231.98,226.2,227.56
24-01-2011,225,230.88,221.58,230.02
21-01-2011,230.4,233.22,223.2,225.07
20-01-2011,227,229,222.35,228.28
19-01-2011,228.42,230.43,227.01,228.28
18-01-2011,229.4,231.2,225.64,229.4
17-01-2011,223.6,228.58,220,226.8
14-01-2011,227.4,229.96,221.6,223.81
13-01-2011,238,239.76,225.6,226.73
12-01-2011,237.55,239.4,230.6,238.38
11-01-2011,232.4,238,229.02,234.84
10-01-2011,233.98,236,219.72,230.36
07-01-2011,238.4,238.4,232.42,233.74
06-01-2011,241.02,242,236.42,238.23
05-01-2011,243.4,244.72,238.2,241.1
04-01-2011,244.98,246.6,243.4,244.15
03-01-2011,247,247.4,244,244.55
31-12-2010,243.51,247.19,242.8,244.4
30-12-2010,245,248,242.01,243.19
29-12-2010,243.8,245.8,242.6,244.78
28-12-2010,240.4,244.57,240,243.36
27-12-2010,243.6,245.6,240.04,241.54
24-12-2010,240,244,238.4,243.09
23-12-2010,241,241.8,238.08,240.58
22-12-2010,245,245.24,238.42,240.1
21-12-2010,241,247.37,241,243.17
20-12-2010,238.5,244,238.42,241.09
16-12-2010,241.6,244.12,237.24,242.31
15-12-2010,245.11,247.8,238.42,240.18
14-12-2010,246.98,249.94,245.24,247.14
13-12-2010,242.4,247.25,238,245.47
10-12-2010,237.5,243,232.1,239.83
09-12-2010,235.99,239.6,231.02,234.43
08-12-2010,237,237.81,234.02,236.07
07-12-2010,245.8,246.42,236.8,239.39
06-12-2010,257.8,257.8,240.92,245.42
03-12-2010,253.8,256.6,250.44,254.81
02-12-2010,253.2,256.52,252,254.2
01-12-2010,244,252.8,238.34,250.09
30-11-2010,237,245,230.6,243.72
29-11-2010,230,239.8,226,235.23
26-11-2010,235.8,244.12,225.25,230.29
25-11-2010,248.05,252,231.16,236.72
24-11-2010,260.4,264.98,250.04,253.16
23-11-2010,261.6,262,254.83,261.07
22-11-2010,258.99,263.7,253.64,261.49
19-11-2010,260,260.6,255.05,257.21
18-11-2010,263.97,267.2,257.1,260.64
16-11-2010,267.78,267.78,260.1,263.97
15-11-2010,265,267.78,259.84,266.69
12-11-2010,266.4,271.6,264,264.99
11-11-2010,273.17,275.19,268.43,269.88
10-11-2010,275.31,275.98,271.52,273.42
09-11-2010,271.8,279.98,267.14,277.08
08-11-2010,275,276.36,269.65,272.13
05-11-2010,274.98,276.77,272.86,275.14
04-11-2010,266.4,275.78,265,273.97
03-11-2010,263.59,266.2,263.59,265.52
02-11-2010,262.8,264.6,260.01,263.11
01-11-2010,260.6,263.9,258.4,262.15
29-10-2010,261.51,261.51,253,258.16
28-10-2010,268,270.78,260.01,262.07
27-10-2010,269,271.1,265.29,267.7
26-10-2010,270,271.2,267.8,268.96
25-10-2010,267.2,270.98,267,270.17
22-10-2010,263.6,267,263,266.47
21-10-2010,259.1,264.77,258.41,263.76
20-10-2010,259.4,262.36,258.12,259.29
19-10-2010,263.4,264.84,259,260.02
18-10-2010,261.82,262.24,256.24,260.09
15-10-2010,266.59,267.87,259.7,261.03
14-10-2010,271.01,272,264.44,265.51
13-10-2010,261.41,270.34,261.41,269.76
12-10-2010,264.01,265.8,260.8,261.49
11-10-2010,262.4,265.75,262.31,263.89
08-10-2010,260.4,265,260.4,262.01
07-10-2010,262.6,264.3,259.63,262.95
06-10-2010,263.02,266.4,259.12,263.29
05-10-2010,262,263.93,260.59,261.48
04-10-2010,263.01,264.38,259.11,261.92
01-10-2010,259.11,262.48,259.11,261.56
30-09-2010,259.11,260.42,253.85,258.64
29-09-2010,261.11,262.97,258.2,259.47
28-09-2010,260,261.41,258.23,260.31
27-09-2010,259.96,262.2,257.4,260.28
24-09-2010,253.03,260.52,253.03,257.07
23-09-2010,255.11,256,252.64,254.15
22-09-2010,257.7,259.38,253,254.1
21-09-2010,258.48,261.5,253.8,254.28
20-09-2010,258,260.6,256.8,258.14
17-09-2010,259.68,262.5,255.2,257.17
16-09-2010,254.39,265.5,252.3,257.68
15-09-2010,251,257.98,250.6,254.65
14-09-2010,251.78,253.8,248.39,251.64
13-09-2010,245.98,252.96,245.11,249.19
09-09-2010,246,248.74,242.93,244.48
08-09-2010,242,248.16,240.4,245.84
07-09-2010,243.06,245,240.93,243.71
06-09-2010,241.94,245.68,240.32,243.67
03-09-2010,242.74,243.4,239.21,240.16
02-09-2010,242,244.4,240,242.5
01-09-2010,238,241.74,235.25,240.65
31-08-2010,236,237.57,233.91,236.05
30-08-2010,240.05,241,236.6,237.91
27-08-2010,243,244,235.21,238.7
26-08-2010,240,245.1,239.8,243.66
25-08-2010,230,241.34,230,239.22
24-08-2010,241,241.6,236.4,237.57
23-08-2010,237.4,242,236.2,240.15
20-08-2010,230.47,243.54,230.47,239.13
19-08-2010,237.4,239.8,235.91,238.53
18-08-2010,235.51,239.4,234.34,236.68
17-08-2010,234.04,240.8,232.73,237.7
16-08-2010,228.4,236,226.6,234.17
13-08-2010,226.8,230.96,226.24,227.81
12-08-2010,219.2,228.39,218.21,226.73
11-08-2010,220.6,221.8,218.61,220.39
10-08-2010,223.58,223.58,216.07,220.65
09-08-2010,220,223.8,219.05,222.29
06-08-2010,222,222,219.02,220.09
05-08-2010,219.6,222.94,217,221.11
04-08-2010,224.6,224.68,218.84,219.41
03-08-2010,225.8,235.48,222.2,223.68
02-08-2010,215.6,225.99,214.83,223.67
30-07-2010,210,215.58,209.3,214.09
29-07-2010,213.99,213.99,210.03,211.33
28-07-2010,211.2,213.4,209.4,212.84
27-07-2010,209.2,211.6,206.26,210.22
26-07-2010,211,211,206.06,207.77
23-07-2010,212,213.54,209.4,210.14
22-07-2010,212.2,215.36,208.4,211.72
21-07-2010,213.9,214,211.41,212.32
20-07-2010,214,216,211.2,212.21
19-07-2010,212.98,216.4,212,213.03
16-07-2010,212,214.5,211.54,213.76
15-07-2010,211,213.74,209.41,212.45
14-07-2010,213.6,214.48,209.03,210.56
13-07-2010,210.24,213,210.24,210.75
12-07-2010,212,213,210.44,211.17
09-07-2010,213.56,214.29,209.8,211.54
08-07-2010,212,214.58,210.8,211.62
07-07-2010,214,214.48,211.03,212.33
06-07-2010,215,217.19,212.28,214.99
05-07-2010,206.4,219.6,204.95,214.94
02-07-2010,205,212.8,204.4,209.24
01-07-2010,209,209.6,201.06,204.07
30-06-2010,208,210.74,207.4,209.79
29-06-2010,210.06,211,206.55,209.71
28-06-2010,209,212.9,208.98,210.06
25-06-2010,206.27,213,206.27,209.82
24-06-2010,210.8,213.78,210,212.74
23-06-2010,209.58,210.96,208,210.05
22-06-2010,209.8,209.96,208.31,209.22
21-06-2010,210,213.74,208.28,210.01
18-06-2010,204.7,208.34,204.7,207.34
17-06-2010,206.6,207.93,205.05,206.77
16-06-2010,210.51,211.33,206.46,208.36
15-06-2010,209.31,212.2,207.71,210.2
14-06-2010,207.4,211.2,206.2,209.93
11-06-2010,206.8,207.9,204.64,206.98
10-06-2010,203.11,205.95,202,203.82
09-06-2010,201.6,204.95,200.06,204
08-06-2010,201.78,202.98,200,200.84
07-06-2010,196.27,201.77,196.27,200.6
04-06-2010,201.2,203.76,200.4,203.17
03-06-2010,199.6,203.6,198.88,200.96
02-06-2010,199.4,200,197,197.93
01-06-2010,199,200.56,197.25,199.39
31-05-2010,198.8,200.98,195.76,200.5
28-05-2010,200,200,196.5,197.54
27-05-2010,180,199.93,180,197.6
26-05-2010,188.4,192,188.02,189.74
25-05-2010,196,197.2,186.65,187.96
24-05-2010,199.6,202.3,196,196.54
21-05-2010,197.8,199.37,196.27,198.04
20-05-2010,202,203.4,198.7,200.51
19-05-2010,204,207,200.01,201.48
18-05-2010,199.8,206.5,199.2,205.64
17-05-2010,199.4,201.02,195.64,200.23
14-05-2010,205.6,205.78,199.72,202.01
13-05-2010,205,207.45,203.7,205.81
12-05-2010,203.8,204.88,202.23,204.09
11-05-2010,203.6,205,201.28,203.66
10-05-2010,219.38,219.38,201.82,203.22
07-05-2010,204,206.96,201.24,202.81
06-05-2010,229,229,205.16,208.78
05-05-2010,200,209.7,193.34,208.53
04-05-2010,206.2,211.78,205.14,207.91
03-05-2010,200,207.96,200,205.97
30-04-2010,205,209.56,205,207.9
29-04-2010,204.5,207.8,203.6,206.25
28-04-2010,202,206,200.85,203.99
27-04-2010,201.32,206.29,201.32,204.83
26-04-2010,209.95,209.95,204.8,205.98
23-04-2010,205,211.31,205,206.42
22-04-2010,201.58,205.2,199.18,204.58
21-04-2010,199.06,202.5,197.74,201.57
20-04-2010,199.4,201.6,197.12,198.41
19-04-2010,196.01,199.56,194.14,198.45
16-04-2010,196.05,199.8,192.81,199.08
15-04-2010,200,202,196.05,197.04
13-04-2010,197.94,201.32,196.05,199.99
12-04-2010,200,202.9,197.26,197.95
09-04-2010,202,203.4,200.3,201.27
08-04-2010,201,204.6,200.85,201.41
07-04-2010,205.05,207.98,203.05,203.54
06-04-2010,205.11,208.76,203.41,207.18
05-04-2010,203.2,208,202.22,205.31
01-04-2010,202.84,204.8,202.25,203.18
31-03-2010,200.1,203.58,198.81,202.55
30-03-2010,200.02,203.04,200.02,201.54
29-03-2010,200.98,203.6,199.6,200.71
26-03-2010,200,203.5,199.1,200.38
25-03-2010,189.05,202.12,189.05,200.55
23-03-2010,180,194.94,180,194.13
22-03-2010,189.56,191.8,188.6,190.09
19-03-2010,189.7,193.6,188.26,192.44
18-03-2010,187.2,188.56,185.7,187.82
17-03-2010,185,187.78,184.68,186.34
16-03-2010,182.05,186,182.05,184.87
15-03-2010,185.4,185.4,183.2,184.64
12-03-2010,184,186.56,184,184.53
11-03-2010,183.54,185.96,183.54,184.61
10-03-2010,185.48,186,184.31,185.18
09-03-2010,183.11,186.8,183.11,184.29
08-03-2010,186.03,187.4,181.8,185.43
05-03-2010,186.4,188.4,184.42,185.55
04-03-2010,186,186.9,184.42,186.22
03-03-2010,184.65,187,184,186.12
02-03-2010,181.2,185,181.2,183.79
26-02-2010,170,184.39,170,180.2
25-02-2010,175,177.08,173.81,175.44
24-02-2010,176.95,177.33,173.69,174.17
23-02-2010,177.03,178,176,176.65
22-02-2010,179.98,180.56,175.28,176.7
19-02-2010,179,179.1,175.51,177.07
18-02-2010,178.9,181.99,176.2,179.2
17-02-2010,178.96,178.98,177.11,178.13
16-02-2010,170,178.66,170,177.63
15-02-2010,178,178.2,174.06,175.72
11-02-2010,176.94,177.5,174,176.89
10-02-2010,180,180,172.62,174.21
09-02-2010,175,178.4,174,177.66
08-02-2010,170.4,177.87,169.7,176.97
05-02-2010,173,173,169,170.81
04-02-2010,177,177.16,173.1,174.84
03-02-2010,174,178.65,172.47,177.32
02-02-2010,180,181.32,172.8,173.76
01-02-2010,177,179.39,175.2,177.83
29-01-2010,175.56,180.2,171.4,179.73
28-01-2010,170,178,170,176.17
27-01-2010,178,179.8,170.02,172.16
25-01-2010,178,181.8,178,180.09
22-01-2010,179,182.78,177.02,179.9
21-01-2010,183,186.5,180.2,180.83
20-01-2010,181.11,186.57,181.11,185.69
19-01-2010,181.2,188,181.2,184.01
18-01-2010,182.4,184.99,179.58,183.95
15-01-2010,182.4,186.94,180.61,181.7
14-01-2010,181.11,186.94,181.11,184.6
13-01-2010,185,186,181.22,183.95
12-01-2010,190.5,191.1,184.8,185.21
11-01-2010,183.02,192.07,183.02,189.96
08-01-2010,190,190,182.06,184.77
07-01-2010,180,188,180,184.5
06-01-2010,190.2,190.2,185.37,187.07
05-01-2010,186,188.51,185.6,187.96
04-01-2010,180,185.98,180,185.1
31-12-2009,180,184.6,180,181.24
30-12-2009,180.3,184.6,180.3,183.13
29-12-2009,180,183.8,180,182.87
24-12-2009,180,183,180,181.83
23-12-2009,178.99,181.58,178.2,180.95
22-12-2009,178,178.98,177.06,177.84
21-12-2009,178,178,175.64,177.02
18-12-2009,174.32,180.56,174.32,177.54
17-12-2009,178.54,180.6,175.92,179.14
16-12-2009,178.6,179.6,176.42,178.1
15-12-2009,183.2,183.94,177.64,178.43
14-12-2009,183.49,184.74,182.37,182.88
11-12-2009,186.12,187.75,183,183.49
10-12-2009,184,187.5,184,186.12
09-12-2009,186,188.36,184.92,186.62
08-12-2009,182.24,188.2,182.24,187.79
07-12-2009,181.06,185.6,181.06,183.65
04-12-2009,182.06,184.99,182,184.26
03-12-2009,181.22,185.8,181.22,183.77
02-12-2009,180.22,187,180.22,183.63
01-12-2009,180,185.4,180,184.14
30-11-2009,186,199.94,179.23,180.66
27-11-2009,180,183,175.04,181.9
26-11-2009,187.76,189.6,182.16,183.06
25-11-2009,184.2,187.5,183.2,186.85
24-11-2009,182.82,185.35,182.2,183.26
23-11-2009,183.4,186,182.6,184.25
20-11-2009,176.02,185.78,175.43,182.89
19-11-2009,180.2,183.45,178.4,179.79
18-11-2009,181.31,185.99,181.31,182.63
17-11-2009,181.31,186.94,181.31,184.68
16-11-2009,178.01,186.38,178.01,184.86
13-11-2009,180,183,179.8,181.63
12-11-2009,182.22,186,181.2,181.86
11-11-2009,180,186.88,179.42,186.05
10-11-2009,180,184.9,179.72,180.85
09-11-2009,174.2,182.92,174.2,181.65
06-11-2009,173.6,180.36,172.8,177.74
05-11-2009,170.2,174.8,167.6,173.51
04-11-2009,170,178.4,168.8,171.09
03-11-2009,167.26,177,165.7,167.75
30-10-2009,169,179.6,169,170.63
29-10-2009,168,169.98,163.64,167.66
28-10-2009,160,171.9,160,170.36
27-10-2009,166.29,172.8,165.23,166.97
26-10-2009,170.84,174.89,168.42,169.21
23-10-2009,168,174.17,168,173.06
22-10-2009,169.32,172.47,168.6,169.93
21-10-2009,170.2,173.74,169.32,170.77
20-10-2009,170.2,174.52,170.2,172.18
16-10-2009,171,174.51,169.2,173.23
15-10-2009,170,173.4,170,171.49
14-10-2009,170,173.8,169.29,170.22
12-10-2009,160.92,171.57,160.92,170.54
09-10-2009,168.8,171.72,163.8,164.53
08-10-2009,162,171.56,162,170.12
07-10-2009,163,168.78,161.2,165.56
06-10-2009,160.2,162.77,157.84,161.57
05-10-2009,158,164.78,156.11,161.46
01-10-2009,160,163.4,159.02,162.01
30-09-2009,155,162.98,155,159.53
29-09-2009,157.66,159.6,155,156.83
25-09-2009,153,160.36,152.33,157.66
24-09-2009,151.73,159,151.73,158.22
23-09-2009,155.9,158.38,155.02,156.23
22-09-2009,151.07,157.6,151.07,154.82
18-09-2009,154.79,155.4,152,153.07
17-09-2009,157.42,157.42,152.85,154.82
16-09-2009,143.09,156.94,143.09,154.98
15-09-2009,140.31,150.2,140.31,149.2
14-09-2009,142,146,140.6,144.95
11-09-2009,136.23,142.02,136.23,141.3
10-09-2009,141,143,137.26,139.26
09-09-2009,136.27,140.8,136.27,140.21
08-09-2009,134.06,139.48,134.06,138.05
07-09-2009,134.06,137.96,134.06,137.34
04-09-2009,136.2,136.96,134.44,136.27
03-09-2009,134.05,137,134.05,135.68
02-09-2009,136.1,137.96,134.96,135.79
