Date,RELIANCE-EQ O,RELIANCE-EQ H,RELIANCE-EQ L,RELIANCE-EQ C,RELIANCE-EQ V
10-01-2019 15:15,1107.5,1108.5,1106.6,1108,380592
10-01-2019 14:45,1104.5,1108.5,1104,1107.4,599154
10-01-2019 14:15,1105.4,1105.6,1103,1104.55,287754
10-01-2019 13:45,1105.05,1107.5,1103.5,1105.5,215509
10-01-2019 13:15,1105.5,1106,1103,1105,243435
10-01-2019 12:45,1105.3,1106,1104,1105.5,198582
10-01-2019 12:15,1105.5,1106,1104.55,1105.25,206944
10-01-2019 11:45,1105.5,1105.95,1104.05,1105.5,166389
10-01-2019 11:15,1105.35,1106,1103.9,1105.5,266677
10-01-2019 10:45,1105.35,1106.95,1105,1105.45,258760
10-01-2019 10:15,1107.35,1107.45,1105.3,1105.4,352101
10-01-2019 09:45,1106.95,1109.7,1106.1,1107.45,291889
10-01-2019 09:15,1107.3,1110.7,1104.65,1106.95,602451
09-01-2019 15:15,1111.3,1112.45,1107.35,1109.25,340767
09-01-2019 14:45,1107.5,1112.45,1105.6,1111.45,571658
09-01-2019 14:15,1105.5,1108,1101.65,1107.2,402649
09-01-2019 13:45,1113.75,1114.35,1099,1105.25,914149
09-01-2019 13:15,1114.95,1117,1113.9,1114.05,338778
09-01-2019 12:45,1113.25,1115.75,1113.15,1114.95,357640
09-01-2019 12:15,1112.3,1114,1110.25,1113.25,221884
09-01-2019 11:45,1111.95,1113.25,1110.7,1112.3,190931
09-01-2019 11:15,1109.05,1113.5,1108.7,1111.95,251233
09-01-2019 10:45,1111.35,1112.3,1107.05,1108.6,528661
09-01-2019 10:15,1113,1114.55,1110.4,1111.3,383106
09-01-2019 09:45,1114,1114.5,1111.4,1113,431939
09-01-2019 09:15,1111.5,1115.8,1108,1114,821243
08-01-2019 15:15,1105.15,1106,1100,1101,511901
08-01-2019 14:45,1107,1107.5,1104.25,1105,824468
08-01-2019 14:15,1107.65,1109.9,1106.7,1106.75,336618
08-01-2019 13:45,1103.25,1109.95,1103.05,1108.15,603792
08-01-2019 13:15,1100.85,1105,1100,1103.25,340226
08-01-2019 12:45,1102.3,1104,1100.55,1100.55,148948
08-01-2019 12:15,1102.05,1103.9,1100.7,1102.3,177884
08-01-2019 11:45,1102,1102.05,1099.5,1102,169155
08-01-2019 11:15,1100.9,1104,1100,1101.85,232086
08-01-2019 10:45,1104.5,1104.5,1099,1100.9,477263
08-01-2019 10:15,1106.05,1108.75,1104.05,1104.15,418831
08-01-2019 09:45,1098.5,1107.75,1098,1106,736056
08-01-2019 09:15,1104.75,1105.1,1096,1098.5,635035
07-01-2019 15:15,1104.9,1106.8,1103.35,1105.5,520217
07-01-2019 14:45,1108.35,1108.95,1101,1104.9,817452
07-01-2019 14:15,1111.25,1112,1107.3,1108.35,292264
07-01-2019 13:45,1110.35,1112,1107,1111.25,286421
07-01-2019 13:15,1111.55,1113.45,1108.75,1110.35,240429
07-01-2019 12:45,1109.9,1112,1109.45,1111.55,161704
07-01-2019 12:15,1111.95,1112.15,1108.4,1110,296572
07-01-2019 11:45,1108.95,1112.25,1108.9,1111.95,248055
07-01-2019 11:15,1113,1113.6,1106,1108.95,438983
07-01-2019 10:45,1115.6,1116.5,1110.5,1113,413989
07-01-2019 10:15,1116.75,1118.4,1115,1115.6,485302
07-01-2019 09:45,1112.7,1116.8,1110.05,1116.8,610984
07-01-2019 09:15,1108,1113.7,1107.05,1112.65,679049
04-01-2019 15:15,1098.05,1099.95,1095.95,1099.95,423273
04-01-2019 14:45,1097,1101,1094.8,1098.3,697820
04-01-2019 14:15,1091.65,1098,1089.3,1097.15,543605
04-01-2019 13:45,1102.5,1102.5,1091.35,1091.7,478218
04-01-2019 13:15,1095.65,1104.45,1094.1,1102.5,607754
04-01-2019 12:45,1097.35,1100,1094,1095.65,587578
04-01-2019 12:15,1092.2,1099,1091.8,1097.45,769974
04-01-2019 11:45,1092.85,1093.5,1090.7,1092.25,471852
04-01-2019 11:15,1090.1,1093.3,1090.1,1092.55,388660
04-01-2019 10:45,1087.7,1093.8,1084.75,1090.15,626472
04-01-2019 10:15,1087.9,1090.5,1084.85,1087.7,503323
04-01-2019 09:45,1084.75,1088.25,1081.4,1087.75,590540
04-01-2019 09:15,1097.85,1097.85,1083.65,1084.75,1761936
03-01-2019 15:15,1091.85,1093.1,1090.3,1090.3,494047
03-01-2019 14:45,1093.7,1096.5,1090.1,1091.9,708624
03-01-2019 14:15,1095,1098.3,1092.9,1093.65,675441
03-01-2019 13:45,1098.55,1099.65,1094,1095,727168
03-01-2019 13:15,1102.7,1105.7,1096.05,1098.6,675123
03-01-2019 12:45,1102.35,1104.45,1100.6,1102.7,246407
03-01-2019 12:15,1100.45,1104.65,1099.4,1102.6,349973
03-01-2019 11:45,1102,1103.55,1099.25,1100.3,452223
03-01-2019 11:15,1105.15,1106,1100.25,1102,501567
03-01-2019 10:45,1106.75,1107.6,1104.3,1105.15,347324
03-01-2019 10:15,1110.65,1114.6,1105.65,1106.75,668148
03-01-2019 09:45,1110.75,1111.25,1106.35,1110.7,538349
03-01-2019 09:15,1108,1111,1102,1110.4,1049975
02-01-2019 15:15,1106.2,1107.7,1103.7,1104.35,446533
02-01-2019 14:45,1108,1109.75,1104.15,1106.9,597083
02-01-2019 14:15,1104.45,1109.25,1101.1,1107.65,558858
02-01-2019 13:45,1105.25,1107.35,1101,1104.45,547152
02-01-2019 13:15,1112.15,1112.65,1103,1105.2,796986
02-01-2019 12:45,1114,1114,1110.3,1112.15,624877
02-01-2019 12:15,1121.4,1121.7,1114,1114.05,699727
02-01-2019 11:45,1123,1124.15,1120.1,1121.4,311192
02-01-2019 11:15,1121.5,1124.45,1121.25,1122.75,219380
02-01-2019 10:45,1122.1,1124.4,1121,1121.25,269721
02-01-2019 10:15,1118.7,1126.9,1118.7,1122.1,590212
02-01-2019 09:45,1116.85,1120.95,1114.15,1118.7,486598
02-01-2019 09:15,1114.4,1121.15,1113.1,1116.8,988242
01-01-2019 15:15,1120.9,1121.5,1119.35,1120.05,533723
01-01-2019 14:45,1120.25,1123.65,1118.65,1120.95,860277
01-01-2019 14:15,1113.05,1121,1113,1120.3,716338
01-01-2019 13:45,1113,1116.5,1112.4,1113,288628
01-01-2019 13:15,1118.25,1118.7,1111.65,1113.2,363010
01-01-2019 12:45,1117.1,1118.65,1117,1118.25,98714
01-01-2019 12:15,1119.75,1120.25,1116.45,1117.4,152950
01-01-2019 11:45,1119,1120.3,1118.5,1119.75,79003
01-01-2019 11:15,1120.2,1120.75,1118.5,1119,91944
01-01-2019 10:45,1118.7,1120.75,1117.1,1120.2,170880
01-01-2019 10:15,1118.6,1120,1117.5,1118.7,160479
01-01-2019 09:45,1120.6,1121,1115.45,1118.6,311818
01-01-2019 09:15,1125.25,1126.75,1118,1120.6,618631
31-12-2018 15:15,1121,1125.65,1120.55,1125.45,647636
31-12-2018 14:45,1120.35,1123.15,1118,1121,900510
31-12-2018 14:15,1123.3,1123.45,1119.1,1120.45,386463
31-12-2018 13:45,1121.25,1123.95,1120.7,1123.25,520145
31-12-2018 13:15,1119.15,1121.4,1118.5,1121.35,392699
31-12-2018 12:45,1119.8,1120.05,1118,1119.2,268459
31-12-2018 12:15,1118.35,1119.9,1116.35,1119.8,401083
31-12-2018 11:45,1118.95,1120.5,1116.2,1118.25,536523
31-12-2018 11:15,1121.95,1122,1116.3,1118.95,861655
31-12-2018 10:45,1122.3,1124.2,1121.3,1121.85,376730
31-12-2018 10:15,1128.25,1129.4,1120.8,1122.3,653547
31-12-2018 09:45,1127.6,1129.3,1126,1128,312171
31-12-2018 09:15,1130.65,1133.3,1125.1,1127.6,953417
28-12-2018 15:15,1123,1127.4,1122.25,1125.6,586211
28-12-2018 14:45,1131.85,1131.95,1122.85,1123.05,950858
28-12-2018 14:15,1130.35,1132.05,1130,1131.65,447580
28-12-2018 13:45,1131.45,1133,1130.3,1130.3,375122
28-12-2018 13:15,1130.1,1132.7,1130,1131.45,452076
28-12-2018 12:45,1130.5,1131.4,1129.1,1130.1,273121
28-12-2018 12:15,1133,1133.25,1128.85,1130.55,339511
28-12-2018 11:45,1129.15,1133.7,1128.55,1133.2,713079
28-12-2018 11:15,1132.4,1133.5,1128.3,1129.25,519009
28-12-2018 10:45,1132.15,1133.95,1131.55,1132.4,291790
28-12-2018 10:15,1131.8,1134.95,1131,1132.5,441427
28-12-2018 09:45,1133.7,1135.25,1131,1131.8,751373
28-12-2018 09:15,1124.75,1134,1122.1,1133.55,1514646
27-12-2018 15:15,1120.9,1121.45,1117.6,1118.1,1329723
27-12-2018 14:45,1122,1123.45,1117.1,1120.8,1302061
27-12-2018 14:15,1123.9,1124.4,1116.6,1121.65,751675
27-12-2018 13:45,1122.95,1126.25,1122.6,1123.85,529475
27-12-2018 13:15,1122.5,1124.75,1121.5,1123,257521
27-12-2018 12:45,1125.45,1125.6,1119.5,1122.6,544744
27-12-2018 12:15,1121.35,1127,1120.75,1125,1702024
27-12-2018 11:45,1118.3,1123.25,1115.5,1121.35,632026
27-12-2018 11:15,1121.6,1121.95,1117.8,1119,402600
27-12-2018 10:45,1117.95,1124.5,1117.65,1121.6,750150
27-12-2018 10:15,1117.4,1118.7,1115.1,1117.95,400670
27-12-2018 09:45,1117.8,1123.65,1116.6,1117.4,988222
27-12-2018 09:15,1107.2,1122.7,1104.1,1118,2868724
26-12-2018 15:15,1099.15,1100,1097.3,1099.7,401305
26-12-2018 14:45,1098,1099.4,1094.4,1099.15,485928
26-12-2018 14:15,1091.55,1100,1091.1,1098,898161
26-12-2018 13:45,1081,1092.65,1080.3,1091.2,1065536
26-12-2018 13:15,1074.2,1081,1072.8,1081,467816
26-12-2018 12:45,1072.5,1076.45,1071,1074.25,355812
26-12-2018 12:15,1072.45,1078,1071,1072.55,512127
26-12-2018 11:45,1068.5,1074,1065.7,1072.55,507174
26-12-2018 11:15,1070.65,1071.5,1068.1,1068.3,369514
26-12-2018 10:45,1070.65,1074.15,1067.5,1070.6,379609
26-12-2018 10:15,1070.35,1072.2,1067.5,1070.65,498973
26-12-2018 09:45,1075.1,1076.75,1070,1070.25,550550
26-12-2018 09:15,1083.85,1086.9,1075.1,1075.1,709603
24-12-2018 15:15,1089.45,1090.35,1088,1089.4,301225
24-12-2018 14:45,1089.95,1091.65,1087.05,1089.55,437263
24-12-2018 14:15,1096.5,1097.35,1086.65,1089.95,593206
24-12-2018 13:45,1097.8,1097.95,1094.05,1096.05,220039
24-12-2018 13:15,1096.55,1099.35,1095.1,1097.95,208746
24-12-2018 12:45,1096.35,1099.35,1095,1096.55,258068
24-12-2018 12:15,1093.6,1100,1092,1096.35,311101
24-12-2018 11:45,1094.95,1095.2,1093,1093.15,108313
24-12-2018 11:15,1093.8,1095.9,1092.15,1094.5,157106
24-12-2018 10:45,1091.55,1095.9,1091.05,1093.95,167663
24-12-2018 10:15,1093.15,1096.8,1091.25,1091.8,215154
24-12-2018 09:45,1097.75,1098.75,1090.25,1093.45,457235
24-12-2018 09:15,1100.9,1103,1092,1097.7,694984
21-12-2018 15:15,1099.35,1099.9,1096,1097.8,1183423
21-12-2018 14:45,1103.45,1107,1099,1099.35,1680196
21-12-2018 14:15,1104.05,1106.4,1102,1103.35,530056
21-12-2018 13:45,1109.55,1111.85,1103.5,1104.1,652408
21-12-2018 13:15,1110.15,1111.2,1109.25,1109.7,277734
21-12-2018 12:45,1110.65,1111.95,1110,1110.1,206263
21-12-2018 12:15,1109.5,1114,1109.5,1110.8,296259
21-12-2018 11:45,1109.55,1111.9,1109.05,1110.05,222722
21-12-2018 11:15,1110,1112.25,1108.1,1109.5,282871
21-12-2018 10:45,1114.2,1115.5,1107.4,1110,588066
21-12-2018 10:15,1121,1121,1109.35,1114.6,814940
21-12-2018 09:45,1126.75,1126.75,1118.5,1121,707295
21-12-2018 09:15,1125.55,1131,1123.5,1126.55,829605
20-12-2018 15:15,1129.65,1130.5,1128.3,1129.85,373368
20-12-2018 14:45,1124.55,1129.7,1123.75,1129.65,613654
20-12-2018 14:15,1124.5,1125.75,1123.15,1124.3,281052
20-12-2018 13:45,1124.4,1125.6,1119.5,1124.5,483612
20-12-2018 13:15,1125.25,1126.3,1123.5,1124.4,252377
20-12-2018 12:45,1124.65,1127.5,1123.65,1125.15,374950
20-12-2018 12:15,1123.2,1126,1122.25,1124.55,329364
20-12-2018 11:45,1119.5,1123.85,1119.25,1123.2,193450
20-12-2018 11:15,1120.75,1123.25,1119.25,1119.7,334499
20-12-2018 10:45,1125.4,1126.5,1116.15,1120.6,757306
20-12-2018 10:15,1128.5,1128.8,1122.4,1125.4,510868
20-12-2018 09:45,1129.45,1132.4,1126.6,1128.35,431422
20-12-2018 09:15,1123.95,1131.65,1123.7,1129.45,784969
19-12-2018 15:15,1135.8,1136.5,1133.3,1134.85,588776
19-12-2018 14:45,1143.4,1143.5,1133.9,1135.75,820967
19-12-2018 14:15,1143.4,1144,1141.05,1143.05,516135
19-12-2018 13:45,1144.35,1145.95,1142.9,1143.35,880761
19-12-2018 13:15,1144.55,1145.3,1141.1,1144.3,402448
19-12-2018 12:45,1143.6,1145.2,1142.8,1144.55,518130
19-12-2018 12:15,1141.85,1143.7,1140.1,1143.55,359492
19-12-2018 11:45,1140.55,1143,1138.6,1141.9,553934
19-12-2018 11:15,1138.65,1141,1137.3,1140.65,283762
19-12-2018 10:45,1142.05,1142.05,1137.25,1138.65,489127
19-12-2018 10:15,1144.55,1145,1142,1142,419556
19-12-2018 09:45,1138.65,1147,1138.6,1144.5,717573
19-12-2018 09:15,1141.9,1145.4,1138.25,1138.55,802368
18-12-2018 15:15,1137,1139,1135.5,1137.95,449556
18-12-2018 14:45,1134.1,1137.5,1132.9,1137.25,606746
18-12-2018 14:15,1134.8,1135.8,1132.4,1134.1,444467
18-12-2018 13:45,1132.35,1134.8,1128.15,1134.75,399289
18-12-2018 13:15,1129,1135.8,1128.1,1132.5,815632
18-12-2018 12:45,1127.1,1129.9,1126.6,1129,261591
18-12-2018 12:15,1126,1128.35,1124.75,1127.05,237481
18-12-2018 11:45,1124.9,1126.95,1123.95,1126,226487
18-12-2018 11:15,1124.9,1125.3,1122.5,1124.9,226929
18-12-2018 10:45,1124.2,1127,1123.25,1124.9,256729
18-12-2018 10:15,1122.8,1125.95,1120.65,1123.8,400938
18-12-2018 09:45,1128.75,1128.75,1121.05,1122.8,669163
18-12-2018 09:15,1125.8,1134,1124.35,1128.75,854128
17-12-2018 15:15,1128.75,1132,1128,1131.5,494084
17-12-2018 14:45,1130.65,1131.8,1128.35,1128.95,482020
17-12-2018 14:15,1126.3,1133,1126.05,1130.5,524762
17-12-2018 13:45,1125.5,1128.5,1125,1126.05,204613
17-12-2018 13:15,1126.9,1129.95,1125.05,1125.35,337719
17-12-2018 12:45,1126.25,1129,1125.4,1126.9,232610
17-12-2018 12:15,1126.8,1127.95,1124.75,1126.3,219466
17-12-2018 11:45,1125,1126.45,1124.95,1126.45,139249
17-12-2018 11:15,1125.6,1128.2,1122.6,1125.2,387435
17-12-2018 10:45,1122.7,1126,1122.15,1125.25,350937
17-12-2018 10:15,1120.75,1124.95,1120.45,1122.35,641150
17-12-2018 09:45,1116.35,1122,1113.6,1121,389183
17-12-2018 09:15,1115.8,1119.8,1111.7,1116.35,647742
14-12-2018 15:15,1113.5,1114.2,1110,1110,497604
14-12-2018 14:45,1108.95,1114.75,1108.3,1113.3,753796
14-12-2018 14:15,1106.8,1109.45,1105.1,1108.95,410251
14-12-2018 13:45,1106.3,1109.65,1103.75,1106.8,347235
14-12-2018 13:15,1110.55,1111.9,1102,1106.3,689330
14-12-2018 12:45,1109.4,1113.75,1109.25,1110.65,425337
14-12-2018 12:15,1106,1112.15,1105,1109.4,399186
14-12-2018 11:45,1103.25,1108,1103.25,1106,325661
14-12-2018 11:15,1105,1106.4,1101.1,1103.25,455834
14-12-2018 10:45,1108.5,1109.7,1104.5,1104.9,372597
14-12-2018 10:15,1109.85,1110.05,1103.95,1108.5,527961
14-12-2018 09:45,1103.3,1111,1103.05,1109.3,1053144
14-12-2018 09:15,1103,1104.9,1092,1103.05,955264
13-12-2018 15:15,1107,1110.6,1105,1105.75,750410
13-12-2018 14:45,1102.65,1107,1095.25,1106.95,1139970
13-12-2018 14:15,1106,1108.5,1100.2,1102.7,967304
13-12-2018 13:45,1116.25,1117.25,1105.15,1106,655674
13-12-2018 13:15,1109.55,1119.55,1108.55,1116.3,719647
13-12-2018 12:45,1108.3,1113,1107.8,1109.95,486339
13-12-2018 12:15,1108.55,1110,1106.4,1108.3,459321
13-12-2018 11:45,1111.65,1113.5,1107.8,1108.95,287119
13-12-2018 11:15,1115.15,1115.5,1103.75,1111.65,1035550
13-12-2018 10:45,1117,1117,1114.05,1115.15,344553
13-12-2018 10:15,1117.3,1118.95,1115,1116.95,303339
13-12-2018 09:45,1115.6,1119.9,1114.25,1117.95,402583
13-12-2018 09:15,1121.2,1123.75,1113.4,1115.65,1708253
12-12-2018 15:15,1111.5,1113.5,1109.9,1111,869643
12-12-2018 14:45,1099,1112,1098.5,1111.7,2236572
12-12-2018 14:15,1097,1100,1095.75,1099,1409367
12-12-2018 13:45,1095.5,1098.75,1095.2,1097,578799
12-12-2018 13:15,1091,1095.7,1089.2,1095.5,326412
12-12-2018 12:45,1093.7,1094.75,1088.15,1091,670823
12-12-2018 12:15,1098,1098,1091.5,1093.7,469881
12-12-2018 11:45,1098,1098.9,1096,1098,416916
12-12-2018 11:15,1096.9,1099.8,1096.5,1098.45,288816
12-12-2018 10:45,1099.85,1099.95,1095.05,1096.85,512626
12-12-2018 10:15,1092.75,1102.3,1092,1099.85,1911146
12-12-2018 09:45,1092.5,1098.2,1092,1092.75,842964
12-12-2018 09:15,1098.15,1102.7,1090,1092.65,2056431
11-12-2018 15:15,1097.1,1101.9,1096,1097,697009
11-12-2018 14:45,1099.7,1100.95,1093,1097.4,856644
11-12-2018 14:15,1089.55,1101.65,1088.3,1099.7,893846
11-12-2018 13:45,1086.25,1094.3,1085.75,1089.65,945777
11-12-2018 13:15,1092.8,1095.55,1083.5,1086.65,808827
11-12-2018 12:45,1081.15,1095,1080.3,1092.85,907646
11-12-2018 12:15,1079.85,1083.95,1077.4,1081.15,543171
11-12-2018 11:45,1086.5,1088.95,1076.35,1079.4,818398
11-12-2018 11:15,1075.1,1087.15,1073.55,1086.1,1544729
11-12-2018 10:45,1067,1075.95,1066.3,1075,945141
11-12-2018 10:15,1069.1,1072,1065.2,1067.05,806293
11-12-2018 09:45,1060.45,1077.65,1060.45,1069.5,1363646
11-12-2018 09:15,1066.8,1073.95,1056.25,1060.85,2341428
10-12-2018 15:15,1091.95,1092.15,1085,1085.5,673281
10-12-2018 14:45,1092.55,1094.45,1091.4,1091.95,660819
10-12-2018 14:15,1091.6,1094.45,1089.4,1092.65,625130
10-12-2018 13:45,1090.95,1094.8,1088.5,1091.55,691827
10-12-2018 13:15,1089.9,1091.1,1089.55,1090.95,357646
10-12-2018 12:45,1087.8,1091.5,1087.5,1089.95,473798
10-12-2018 12:15,1089.35,1089.35,1084.1,1087.75,494297
10-12-2018 11:45,1088.65,1090.1,1087.75,1089.35,383852
10-12-2018 11:15,1086.25,1089.85,1086.05,1088.65,647279
10-12-2018 10:45,1086.85,1088.8,1084.2,1086.25,522040
10-12-2018 10:15,1083.85,1088.55,1083.55,1086.85,690734
10-12-2018 09:45,1092.85,1093.4,1083.3,1083.5,1262593
10-12-2018 09:15,1109.8,1112.6,1090.35,1093,1878950
07-12-2018 15:15,1135.05,1136.95,1132.55,1133.8,494562
07-12-2018 14:45,1131.1,1135.55,1126,1135.05,838099
07-12-2018 14:15,1120.05,1132.45,1116.55,1131,822066
07-12-2018 13:45,1116.5,1120.45,1114.25,1120.25,454990
07-12-2018 13:15,1116,1116.95,1108.6,1115.8,742954
07-12-2018 12:45,1121.15,1122.4,1113.5,1116,376377
07-12-2018 12:15,1120.6,1124.5,1120.15,1120.95,630826
07-12-2018 11:45,1121.05,1121.65,1117.15,1120.45,494747
07-12-2018 11:15,1125.5,1126.05,1118.25,1121.5,525297
07-12-2018 10:45,1126.7,1127,1123.95,1125.5,260146
07-12-2018 10:15,1129.1,1130.3,1125.05,1127,316059
07-12-2018 09:45,1130,1131.7,1127,1129.1,491496
07-12-2018 09:15,1130,1134.65,1129.25,1130.5,747277
06-12-2018 15:15,1123,1124.1,1119,1119,581607
06-12-2018 14:45,1131.2,1133.65,1121.75,1122.95,819531
06-12-2018 14:15,1136.5,1136.5,1130,1131.2,535241
06-12-2018 13:45,1139.05,1140.55,1136,1136.55,254711
06-12-2018 13:15,1142.1,1144.9,1137.5,1139.45,340389
06-12-2018 12:45,1138.9,1143.65,1138.9,1142.1,342304
06-12-2018 12:15,1139.15,1139.9,1137.05,1138.95,215649
06-12-2018 11:45,1139.65,1140.65,1138.35,1139.15,281016
06-12-2018 11:15,1137.7,1139.9,1136.1,1139.8,239326
06-12-2018 10:45,1142.2,1142.8,1134.5,1137.7,679620
06-12-2018 10:15,1141.85,1143.85,1141.2,1142.35,297772
06-12-2018 09:45,1141.5,1144,1140.35,1141.75,405041
06-12-2018 09:15,1148,1148,1140.1,1141.5,863823
05-12-2018 15:15,1154.75,1158.8,1152.75,1158.15,580854
05-12-2018 14:45,1151.95,1155.75,1146.6,1154.6,655881
05-12-2018 14:15,1154.7,1156.4,1149.45,1151.75,405507
05-12-2018 13:45,1154.2,1156.8,1151.3,1154.7,334752
05-12-2018 13:15,1153.6,1154.95,1151.15,1154.5,261557
05-12-2018 12:45,1156.4,1157.95,1152.5,1153.85,469443
05-12-2018 12:15,1148.1,1158.25,1147.75,1156.35,767836
05-12-2018 11:45,1145.95,1148.95,1143.9,1148.1,223296
05-12-2018 11:15,1144.1,1146.6,1142.1,1145.9,205168
05-12-2018 10:45,1143.25,1145.1,1142,1144.1,257517
05-12-2018 10:15,1147.15,1147.15,1142.1,1143.25,382469
05-12-2018 09:45,1147.4,1150,1145.6,1147.15,491967
05-12-2018 09:15,1143.65,1147.8,1139.7,1147.4,773601
04-12-2018 15:15,1152.2,1154.5,1151.1,1153.1,455207
04-12-2018 14:45,1150.5,1153.45,1148.1,1152.3,583702
04-12-2018 14:15,1150.45,1151.85,1146.8,1150.5,205540
04-12-2018 13:45,1151.5,1154.35,1148.3,1150.25,563714
04-12-2018 13:15,1147.2,1154,1143.1,1151.5,506843
04-12-2018 12:45,1147.35,1150.85,1147,1147.2,222327
04-12-2018 12:15,1148.4,1148.95,1146.1,1147.35,185995
04-12-2018 11:45,1145.65,1149.35,1144.3,1148.4,271318
04-12-2018 11:15,1143.8,1146.75,1143,1145.95,163430
04-12-2018 10:45,1148.3,1148.6,1142.2,1143.8,373187
04-12-2018 10:15,1146.15,1149.8,1146,1148.6,312981
04-12-2018 09:45,1150.55,1153,1145,1146.15,501350
04-12-2018 09:15,1157.15,1157.35,1149,1150.5,838298
03-12-2018 15:15,1157.35,1158.1,1155.6,1158,499904
03-12-2018 14:45,1154.05,1157.5,1152.6,1156.85,381513
03-12-2018 14:15,1155.4,1158.55,1153.6,1154.05,326876
03-12-2018 13:45,1157.7,1158.95,1152.1,1155.45,353097
03-12-2018 13:15,1153.5,1159.45,1152.1,1157.7,558472
03-12-2018 12:45,1152.1,1153.95,1150.35,1153.5,262966
03-12-2018 12:15,1154.7,1154.95,1148.5,1152.1,499124
03-12-2018 11:45,1158.35,1158.95,1153.55,1154.7,395717
03-12-2018 11:15,1159.95,1162.6,1157,1158.4,326834
03-12-2018 10:45,1160.15,1160.4,1156.2,1159.65,380875
03-12-2018 10:15,1163,1166,1158.5,1160.5,437140
03-12-2018 09:45,1169.05,1172.4,1161.8,1163.05,473383
03-12-2018 09:15,1174.8,1174.8,1165.8,1169,663549
30-11-2018 15:15,1165.45,1167.8,1165.4,1167.1,2128713
30-11-2018 14:45,1170.6,1173.45,1165.35,1165.4,2497503
30-11-2018 14:15,1166.7,1171.75,1165,1170.7,518903
30-11-2018 13:45,1169.55,1171.15,1163.5,1166.75,459086
30-11-2018 13:15,1166.2,1172.4,1164.65,1169.55,415743
30-11-2018 12:45,1172.7,1172.8,1162.3,1166.2,573132
30-11-2018 12:15,1171.15,1173.2,1169.15,1172.55,269491
30-11-2018 11:45,1177,1177,1167.5,1171.55,855793
30-11-2018 11:15,1184.3,1184.9,1176.25,1177,548456
30-11-2018 10:45,1182.15,1186,1180.95,1184.3,448257
30-11-2018 10:15,1180.85,1185,1180.35,1182.2,471986
30-11-2018 09:45,1175.25,1184,1173.3,1180.8,719173
30-11-2018 09:15,1173.4,1178.85,1171.6,1175.8,800625
29-11-2018 15:15,1166.4,1172.8,1163.95,1167.8,3018125
29-11-2018 14:45,1178,1179,1166,1166.45,2606610
29-11-2018 14:15,1178,1179.9,1176.55,1178,741958
29-11-2018 13:45,1172.75,1178.35,1172.75,1178,696092
29-11-2018 13:15,1173.6,1175,1171.05,1172.9,342407
29-11-2018 12:45,1167.9,1175,1167.75,1173.7,465346
29-11-2018 12:15,1168.9,1170,1163.1,1167.9,564857
29-11-2018 11:45,1172,1172.6,1168.25,1168.9,278464
29-11-2018 11:15,1168.8,1172.65,1168.15,1172.15,307654
29-11-2018 10:45,1171.4,1172.7,1168.15,1168.8,542189
29-11-2018 10:15,1172.85,1175,1171,1171.4,479355
29-11-2018 09:45,1170.5,1173.8,1170.25,1172.85,429166
29-11-2018 09:15,1161.25,1176.75,1161.25,1170.75,2103681
28-11-2018 15:15,1152.25,1155.35,1150.45,1151,686823
28-11-2018 14:45,1157.15,1157.65,1151.65,1152.25,797183
28-11-2018 14:15,1148.7,1157.55,1146.05,1156.95,872862
28-11-2018 13:45,1146.5,1155.55,1145.55,1148.65,1137732
28-11-2018 13:15,1144.8,1147.5,1141.75,1146.8,552799
28-11-2018 12:45,1140,1145.2,1139.9,1144.75,454667
28-11-2018 12:15,1140.65,1142.5,1139.05,1140,268587
28-11-2018 11:45,1140.95,1143,1139.05,1140.7,383129
28-11-2018 11:15,1138.7,1142.2,1138.05,1140.95,540484
28-11-2018 10:45,1133.9,1139.6,1132.9,1138.7,561545
28-11-2018 10:15,1134,1137.15,1130.15,1133.9,531123
28-11-2018 09:45,1129.25,1134.9,1128,1133.95,417494
28-11-2018 09:15,1131,1135.45,1126.5,1129.25,787071
27-11-2018 15:15,1127.9,1130,1127,1128.6,550612
27-11-2018 14:45,1125.7,1129.9,1125,1127.9,757576
27-11-2018 14:15,1123,1126.9,1122.1,1126.2,273319
27-11-2018 13:45,1126.1,1127.5,1120.2,1122.65,427156
27-11-2018 13:15,1124.2,1128,1124.15,1126.15,411709
27-11-2018 12:45,1120.4,1127.7,1118.05,1124.35,605559
27-11-2018 12:15,1119.85,1123.5,1118.5,1120.15,282056
27-11-2018 11:45,1120.05,1122.2,1117.5,1119.8,293598
27-11-2018 11:15,1124.5,1124.75,1118.55,1120.05,330285
27-11-2018 10:45,1122.65,1124.75,1120.1,1124.7,425452
27-11-2018 10:15,1116.25,1124.9,1116,1122.65,893882
27-11-2018 09:45,1117.55,1117.9,1112.5,1116.25,483483
27-11-2018 09:15,1107,1119.5,1106,1117.65,1061733
26-11-2018 15:15,1110.9,1110.95,1108.35,1109.75,466910
26-11-2018 14:45,1109.75,1113.5,1107.35,1110.95,632455
26-11-2018 14:15,1107.7,1111.65,1104.4,1109.55,532767
26-11-2018 13:45,1107.85,1108.95,1106.15,1107.7,296955
26-11-2018 13:15,1103.5,1109.5,1102.3,1108,374875
26-11-2018 12:45,1104.5,1108,1102.15,1103.45,317873
26-11-2018 12:15,1103.6,1105.85,1100.55,1104.6,345661
26-11-2018 11:45,1102.25,1104.15,1097.7,1103.45,445767
26-11-2018 11:15,1104.1,1105,1102,1102.5,228505
26-11-2018 10:45,1104,1105.95,1102.7,1104.1,263859
26-11-2018 10:15,1105,1105.85,1100.5,1104,516407
26-11-2018 09:45,1113.1,1113.45,1105,1105,587597
26-11-2018 09:15,1108.9,1117.25,1107.1,1113.55,1367843
22-11-2018 15:15,1102.45,1103.9,1100.1,1100.1,494287
22-11-2018 14:45,1106.6,1106.95,1101.5,1102.6,540960
22-11-2018 14:15,1108.35,1109.9,1104,1106.05,293982
22-11-2018 13:45,1104.7,1109.95,1104.5,1108.35,287041
22-11-2018 13:15,1114,1114,1104,1104.7,564071
22-11-2018 12:45,1116.6,1118,1111.25,1114,300512
22-11-2018 12:15,1116.25,1119,1115.8,1116.65,157930
22-11-2018 11:45,1117.5,1118,1115.1,1116.25,157169
22-11-2018 11:15,1116,1119.75,1113.25,1117.5,354689
22-11-2018 10:45,1121.8,1122,1110.1,1116,926351
22-11-2018 10:15,1119,1123.5,1118.55,1121.8,232373
22-11-2018 09:45,1122,1125.25,1118,1119,540419
22-11-2018 09:15,1117.2,1123.8,1115.5,1122,913633
21-11-2018 15:15,1113.75,1114,1110.5,1113.55,636103
21-11-2018 14:45,1117,1117.1,1111.55,1113.8,706314
21-11-2018 14:15,1115.7,1119,1112.85,1117.05,565942
21-11-2018 13:45,1111.25,1115.95,1109.75,1115.85,480447
21-11-2018 13:15,1110.2,1112,1108.35,1111.3,450575
21-11-2018 12:45,1112.4,1114.7,1110.2,1110.3,258915
21-11-2018 12:15,1112.55,1117,1111.8,1112.4,344079
21-11-2018 11:45,1112,1115.95,1111.05,1112.55,355529
21-11-2018 11:15,1112,1112.2,1110.15,1112,249978
21-11-2018 10:45,1112.2,1114.25,1108.55,1112,446901
21-11-2018 10:15,1121.8,1121.8,1107.15,1112.5,1347570
21-11-2018 09:45,1125.6,1126.65,1120.75,1121.45,478888
21-11-2018 09:15,1137.5,1145.15,1122,1125.7,1171319
20-11-2018 15:15,1138.35,1139.3,1135,1137,400142
20-11-2018 14:45,1132.9,1140.65,1131.5,1138.1,625354
20-11-2018 14:15,1137,1138,1130,1132.9,505578
20-11-2018 13:45,1139.75,1142.1,1133,1137.7,467822
20-11-2018 13:15,1140.75,1143.5,1136.15,1139.75,477875
20-11-2018 12:45,1146.2,1147,1139.1,1140.55,454995
20-11-2018 12:15,1148.6,1148.9,1146.15,1146.3,166362
20-11-2018 11:45,1146.65,1149.25,1146,1148.55,205628
20-11-2018 11:15,1147.35,1148.05,1144.1,1146.65,247497
20-11-2018 10:45,1147.6,1148.75,1145,1147.35,330856
20-11-2018 10:15,1151.4,1152.95,1146.45,1147.7,374376
20-11-2018 09:45,1153.9,1153.9,1147.85,1151.2,509770
20-11-2018 09:15,1146,1155.75,1142.9,1153.45,940838
19-11-2018 15:15,1149.65,1150.75,1147.25,1149.5,823083
19-11-2018 14:45,1144.65,1151.6,1144.65,1149.75,1534057
19-11-2018 14:15,1144,1146,1141,1144.7,543535
19-11-2018 13:45,1141.85,1145,1141.85,1143.9,504931
19-11-2018 13:15,1139.8,1142.55,1139.25,1141.85,345160
19-11-2018 12:45,1137.3,1141.8,1137,1139.8,389922
19-11-2018 12:15,1140,1140,1135.55,1137,354580
19-11-2018 11:45,1139.85,1140,1139,1140,153946
19-11-2018 11:15,1140.15,1140.2,1138.3,1139.85,185286
19-11-2018 10:45,1138.6,1140.9,1138,1140,249948
19-11-2018 10:15,1140.55,1143.3,1137.5,1138.5,518554
19-11-2018 09:45,1134.75,1142,1134.1,1140.6,694990
19-11-2018 09:15,1132.8,1139.4,1132.1,1134.65,994955
16-11-2018 15:15,1127.1,1128.15,1125,1125,1042992
16-11-2018 14:45,1124.3,1129.45,1121.35,1127.15,1285477
16-11-2018 14:15,1126.5,1127.65,1123.1,1124.45,472670
16-11-2018 13:45,1124.65,1126.5,1122.6,1126.45,533349
16-11-2018 13:15,1128,1128.2,1124.1,1124.65,405169
16-11-2018 12:45,1123.35,1128.5,1122.5,1128,495974
16-11-2018 12:15,1122.35,1125,1119.25,1123.35,540885
16-11-2018 11:45,1117.95,1124.35,1116.55,1122.4,570391
16-11-2018 11:15,1124.55,1124.7,1114.55,1117.85,763216
16-11-2018 10:45,1127.25,1127.35,1120.6,1124.55,583222
16-11-2018 10:15,1121.3,1129.8,1119.35,1127.2,1415260
16-11-2018 09:45,1113,1122,1111.15,1120.95,1503208
16-11-2018 09:15,1097.95,1113,1097.5,1113,1411183
15-11-2018 15:15,1097.6,1099,1092.15,1093.05,412106
15-11-2018 14:45,1095.8,1099.5,1094.5,1097.45,616228
15-11-2018 14:15,1096.5,1097.8,1093,1095.8,345397
15-11-2018 13:45,1094.5,1099.6,1093.35,1096.6,424368
15-11-2018 13:15,1092.45,1095.6,1091,1095,342861
15-11-2018 12:45,1089.75,1095.7,1086.5,1092.45,525308
15-11-2018 12:15,1090.7,1092.75,1089,1089.75,862225
15-11-2018 11:45,1093,1093,1089.4,1090.7,236050
15-11-2018 11:15,1090.65,1094.4,1089.95,1092.95,234982
15-11-2018 10:45,1089.45,1094.5,1089.1,1090.75,241425
15-11-2018 10:15,1093.35,1094,1088.55,1089.45,337385
15-11-2018 09:45,1092.9,1095,1090.6,1093.6,323281
15-11-2018 09:15,1096.7,1102.75,1092.2,1092.85,1928680
14-11-2018 15:15,1099,1099,1097.15,1099,908810
14-11-2018 14:45,1093.5,1099,1092,1099,819542
14-11-2018 14:15,1090.55,1093.5,1085.75,1093.5,476986
14-11-2018 13:45,1095.4,1095.45,1088.25,1090.9,409819
14-11-2018 13:15,1096.5,1097.1,1091.45,1095.4,338203
14-11-2018 12:45,1095.8,1097,1092,1096.4,407712
14-11-2018 12:15,1100.35,1101,1095.15,1095.5,408170
14-11-2018 11:45,1101.2,1103.75,1100,1100,302929
14-11-2018 11:15,1098.7,1103,1098.1,1101.5,359932
14-11-2018 10:45,1096.85,1104,1095.15,1098.7,652514
14-11-2018 10:15,1095.25,1097.45,1091,1096.85,550214
14-11-2018 09:45,1098.95,1103.75,1095,1095.4,711137
14-11-2018 09:15,1105.8,1112.5,1096.7,1098.8,1429324
13-11-2018 15:15,1100.5,1102.65,1097.55,1097.85,589304
13-11-2018 14:45,1096.7,1101,1093.1,1100.8,764846
13-11-2018 14:15,1098.3,1099,1095.2,1096.75,504206
13-11-2018 13:45,1093.65,1099,1093.35,1098.4,983363
13-11-2018 13:15,1090.45,1094.7,1089.55,1093.5,588153
13-11-2018 12:45,1087.75,1091.95,1087.05,1090.4,288103
13-11-2018 12:15,1088.65,1090.75,1087,1087.75,341685
13-11-2018 11:45,1088.15,1089,1085.45,1088.65,338566
13-11-2018 11:15,1083.45,1088.05,1082.25,1088.05,358242
13-11-2018 10:45,1081.85,1084.9,1078.2,1083.45,456842
13-11-2018 10:15,1086,1088.3,1081.8,1081.8,438382
13-11-2018 09:45,1079,1086,1078.25,1086,524508
13-11-2018 09:15,1074.65,1080,1070.25,1078.85,625684
12-11-2018 15:15,1081.8,1081.8,1074.6,1075.95,597735
12-11-2018 14:45,1084.7,1085,1081.6,1081.6,519400
12-11-2018 14:15,1083.05,1085.75,1081,1084.7,281405
12-11-2018 13:45,1083.9,1084.75,1081.5,1083.25,250211
12-11-2018 13:15,1082.65,1085.2,1081,1083.85,302248
12-11-2018 12:45,1083.05,1087.2,1081.1,1082.85,360241
12-11-2018 12:15,1081.35,1085,1080.15,1083,275001
12-11-2018 11:45,1086.75,1087.25,1079.25,1081.35,485535
12-11-2018 11:15,1087.1,1089.3,1086.2,1086.75,204535
12-11-2018 10:45,1087.4,1087.85,1083.35,1087.1,488428
12-11-2018 10:15,1090.3,1091.1,1085.55,1087.4,865967
12-11-2018 09:45,1090.7,1092.85,1086.3,1090.3,534199
12-11-2018 09:15,1097.85,1098.25,1088.65,1090.3,627786
09-11-2018 15:15,1094,1094.75,1091.6,1093,579471
09-11-2018 14:45,1089.9,1095.55,1089,1094.15,980199
09-11-2018 14:15,1089.65,1091.3,1087.3,1089.9,760438
09-11-2018 13:45,1095.85,1096,1085,1089.5,945654
09-11-2018 13:15,1100.5,1102.55,1094.1,1095.85,748492
09-11-2018 12:45,1108.45,1108.45,1100,1100.5,664163
09-11-2018 12:15,1110.85,1111.5,1107.65,1108.45,615710
09-11-2018 11:45,1109.15,1113.8,1108.5,1110.9,695642
09-11-2018 11:15,1111.65,1111.65,1106.7,1109.15,669131
09-11-2018 10:45,1111.5,1113.7,1108.45,1111.65,752437
09-11-2018 10:15,1104.9,1112,1102.9,1111.5,1079335
09-11-2018 09:45,1103.3,1105.35,1101,1104.85,1032834
09-11-2018 09:15,1108.4,1109.5,1100.1,1103.3,1278346
07-11-2018 18:15,1111,1111.75,1108.5,1111.5,342355
07-11-2018 17:45,1110.4,1112,1109.6,1111.35,361610
07-11-2018 17:15,1114,1114.9,1106.8,1110.3,564192
06-11-2018 15:15,1104.8,1105.2,1100.8,1101.75,530663
06-11-2018 14:45,1099.5,1106.9,1099,1104.85,699082
06-11-2018 14:15,1101.2,1102.95,1094.15,1099.6,838210
06-11-2018 13:45,1108,1108.7,1098.5,1101.5,1095486
06-11-2018 13:15,1109.9,1112,1107.5,1108,571218
06-11-2018 12:45,1108.15,1109.8,1107.05,1109.8,187653
06-11-2018 12:15,1107.65,1109.1,1106.1,1108.15,283491
06-11-2018 11:45,1109,1110,1107,1107.65,429717
06-11-2018 11:15,1106.75,1109,1106.1,1109,325457
06-11-2018 10:45,1108,1108,1104.4,1106.95,495486
06-11-2018 10:15,1105.65,1109,1105.55,1107.8,730894
06-11-2018 09:45,1104.4,1107.95,1100.5,1105.85,854767
06-11-2018 09:15,1094,1105,1094,1104.3,1568047
05-11-2018 15:15,1090.25,1092.7,1089.2,1092,803834
05-11-2018 14:45,1087,1091,1082.45,1090.45,947593
05-11-2018 14:15,1087.55,1092,1086.1,1087,940850
05-11-2018 13:45,1084.45,1088.75,1081.25,1087.55,546514
05-11-2018 13:15,1084.35,1085,1081,1084.5,303593
05-11-2018 12:45,1085.65,1086.8,1081.3,1084.5,438106
05-11-2018 12:15,1076.2,1087.8,1074.8,1085.5,1189371
05-11-2018 11:45,1071.75,1077.5,1071.6,1076.2,464691
05-11-2018 11:15,1068.2,1072.8,1067.25,1071.75,244959
05-11-2018 10:45,1072.2,1072.9,1066.65,1068.2,312103
05-11-2018 10:15,1074.45,1074.9,1069.15,1072.4,286480
05-11-2018 09:45,1072,1075.05,1069.1,1074.35,375242
05-11-2018 09:15,1070,1074,1065.05,1072,711826
02-11-2018 15:15,1075.75,1076,1072,1073.15,690413
02-11-2018 14:45,1077.9,1080.7,1071.05,1075.85,1152376
02-11-2018 14:15,1074.5,1078.75,1068.35,1077.9,941366
02-11-2018 13:45,1074.8,1080.5,1070.3,1074.15,1499225
02-11-2018 13:15,1075,1075.4,1072.5,1074.8,457266
02-11-2018 12:45,1072.95,1075.7,1070.6,1074.75,540657
02-11-2018 12:15,1072,1073,1069.75,1072.85,295404
02-11-2018 11:45,1074.15,1074.7,1069.3,1071.95,702181
02-11-2018 11:15,1072,1074.8,1068.75,1074.75,1256984
02-11-2018 10:45,1073.75,1073.9,1068,1071.95,1130189
02-11-2018 10:15,1066.3,1076.8,1066,1073.8,4740122
02-11-2018 09:45,1067.9,1068.5,1064.5,1066,1092892
02-11-2018 09:15,1068.8,1071.25,1063.2,1067.8,2277183
01-11-2018 15:15,1055.9,1056.55,1054.05,1055,625004
01-11-2018 14:45,1059.4,1061.4,1055.65,1055.9,695411
01-11-2018 14:15,1054.95,1061,1053.6,1059.1,447688
01-11-2018 13:45,1061,1062.85,1054.1,1054.95,734762
01-11-2018 13:15,1059.4,1061.95,1057.05,1061,439275
01-11-2018 12:45,1054,1060.5,1053.25,1059.25,440759
01-11-2018 12:15,1057,1060,1053.1,1054,508176
01-11-2018 11:45,1052.35,1058.3,1052.1,1057,280519
01-11-2018 11:15,1052,1056.6,1050,1052.25,442215
01-11-2018 10:45,1061.55,1062,1051.15,1052,918599
01-11-2018 10:15,1062,1062.1,1059.55,1061.65,1656011
01-11-2018 09:45,1060.6,1062.4,1058.2,1061.9,407124
01-11-2018 09:15,1066.75,1066.95,1056,1060.65,1787370
31-10-2018 15:15,1061.45,1061.45,1057.2,1059.25,1231124
31-10-2018 14:45,1061.7,1065,1059.2,1061.45,3637901
31-10-2018 14:15,1060.5,1061.9,1060,1061.7,1377638
31-10-2018 13:45,1061.15,1062.5,1059.1,1060.45,1822967
31-10-2018 13:15,1061.5,1062,1059.8,1061.2,617397
31-10-2018 12:45,1060.9,1063.25,1056.75,1061.4,743039
31-10-2018 12:15,1061,1061.8,1059.1,1060.9,550722
31-10-2018 11:45,1061.9,1063.3,1058.6,1061,979162
31-10-2018 11:15,1056.65,1063.4,1054.25,1061.8,1463475
31-10-2018 10:45,1054,1056.8,1051.05,1056.65,585988
31-10-2018 10:15,1052,1056,1047.2,1054,797172
31-10-2018 09:45,1053.95,1054.95,1047,1052,1087482
31-10-2018 09:15,1059,1065.8,1050.7,1054,1538385
30-10-2018 15:15,1056.8,1059.25,1053.5,1056.9,661375
30-10-2018 14:45,1055.85,1064,1055,1056.8,799795
30-10-2018 14:15,1059.3,1059.45,1055,1056,362748
30-10-2018 13:45,1060,1060.5,1056.95,1058.95,236449
30-10-2018 13:15,1058.5,1060.65,1056.1,1060.05,311124
30-10-2018 12:45,1061.2,1061.55,1052.5,1058.5,630773
30-10-2018 12:15,1061.4,1061.9,1058,1061.25,416389
30-10-2018 11:45,1063.5,1066.8,1060,1061.35,876899
30-10-2018 11:15,1066.6,1068.75,1061.5,1063.5,715415
30-10-2018 10:45,1068.5,1070.8,1065.55,1066.35,536046
30-10-2018 10:15,1072.9,1074.1,1066.3,1068.5,746175
30-10-2018 09:45,1072.85,1074.6,1068.5,1072.8,1099301
30-10-2018 09:15,1083.1,1083.1,1068.5,1072.85,1397706
29-10-2018 15:15,1090.8,1093.55,1088.3,1088.3,667024
29-10-2018 14:45,1073.25,1092.85,1073.25,1090.45,1044585
29-10-2018 14:15,1073.15,1074.65,1070.1,1073.45,277086
29-10-2018 13:45,1074,1075.65,1071.5,1073.15,282662
29-10-2018 13:15,1074.05,1076,1072.5,1074,363189
29-10-2018 12:45,1072.05,1075,1069.25,1074,505187
29-10-2018 12:15,1072.25,1073.55,1068.2,1072,295637
29-10-2018 11:45,1069,1073.7,1067.3,1072.1,409004
29-10-2018 11:15,1068.35,1070,1063.75,1069,523979
29-10-2018 10:45,1064.7,1069,1063.25,1068.85,746445
29-10-2018 10:15,1059.55,1065,1056.5,1064.65,498324
29-10-2018 09:45,1055.2,1063.45,1055.2,1059.55,991436
29-10-2018 09:15,1048.85,1060,1046.85,1055.2,1053265
26-10-2018 15:15,1046.55,1046.55,1040.6,1042.6,554847
26-10-2018 14:45,1050.6,1051.65,1044.3,1046.6,733068
26-10-2018 14:15,1044,1054,1043,1050.6,578333
26-10-2018 13:45,1047.3,1050,1042.6,1043.6,306937
26-10-2018 13:15,1046,1050.95,1042,1047.3,439896
26-10-2018 12:45,1055.7,1056.9,1043.6,1046,704470
26-10-2018 12:15,1050.5,1057,1050.05,1055.75,683396
26-10-2018 11:45,1049.65,1052,1045.7,1050.5,495224
26-10-2018 11:15,1045.55,1049.7,1041.25,1049.65,451473
26-10-2018 10:45,1045.75,1049.8,1041.7,1045.55,582755
26-10-2018 10:15,1043.7,1047.45,1040,1045.5,689729
26-10-2018 09:45,1028.6,1045.85,1028.6,1043.6,1754735
26-10-2018 09:15,1032,1032.4,1022.9,1028.5,1190239
25-10-2018 15:15,1028.8,1037.9,1027.5,1037.8,1331699
25-10-2018 14:45,1032.3,1035.5,1025,1028.8,1293297
25-10-2018 14:15,1035.8,1038.8,1030.3,1033.1,673795
25-10-2018 13:45,1035.75,1039.5,1033.1,1035.6,536797
25-10-2018 13:15,1030,1040.5,1029.5,1036.25,1652758
25-10-2018 12:45,1025.65,1031.45,1025.5,1030,1275571
25-10-2018 12:15,1024.35,1028.9,1021.4,1025.65,1134713
25-10-2018 11:45,1021.8,1024.5,1021,1024.5,337939
25-10-2018 11:15,1021.65,1025.45,1019.4,1021.7,585743
25-10-2018 10:45,1019.6,1024,1018.1,1021.4,601204
25-10-2018 10:15,1027.25,1028.85,1016.7,1019.75,1114684
25-10-2018 09:45,1029.85,1030,1022.7,1027.25,1121534
25-10-2018 09:15,1035,1039.85,1026.6,1029.85,2425800
24-10-2018 15:15,1047.4,1049.65,1046,1049,728331
24-10-2018 14:45,1038.7,1048.6,1034.5,1047.4,1871856
24-10-2018 14:15,1040,1040,1031.4,1038.7,1081813
24-10-2018 13:45,1049.5,1049.5,1037.5,1040,1104366
24-10-2018 13:15,1047.65,1053.75,1046.05,1049.5,923880
24-10-2018 12:45,1050.4,1050.95,1044.65,1047.65,753851
24-10-2018 12:15,1053.6,1053.95,1048.15,1050.5,1344389
24-10-2018 11:45,1051.75,1055.95,1051.5,1053.7,593891
24-10-2018 11:15,1051.55,1053.85,1050,1051.85,650928
24-10-2018 10:45,1056.2,1056.2,1047,1051.5,1089017
24-10-2018 10:15,1064.35,1065,1051,1056,1103364
24-10-2018 09:45,1064.7,1068.2,1061.5,1064.05,825022
24-10-2018 09:15,1072.15,1073,1061.65,1064.5,1551025
23-10-2018 15:15,1057.1,1062.1,1053.3,1061.5,459037
23-10-2018 14:45,1056.15,1057.7,1048.5,1057.1,889796
23-10-2018 14:15,1050.5,1057,1045.1,1056.05,911330
23-10-2018 13:45,1050.1,1051.5,1046,1050.35,873704
23-10-2018 13:15,1054.85,1055,1048.9,1050.1,916769
23-10-2018 12:45,1056.6,1057.75,1051.85,1054.35,667497
23-10-2018 12:15,1059.4,1059.9,1056.7,1056.95,337310
23-10-2018 11:45,1055.5,1060.5,1054.8,1059.05,427939
23-10-2018 11:15,1058.55,1058.7,1054.15,1055.45,529203
23-10-2018 10:45,1061,1061.05,1053.75,1058.25,1044967
23-10-2018 10:15,1052.65,1064.5,1052.6,1061,1124168
23-10-2018 09:45,1049.8,1057.5,1049.75,1052.65,762298
23-10-2018 09:15,1051.9,1055,1043.85,1049.95,1620111
22-10-2018 15:15,1059.2,1063.25,1059.15,1062.65,878085
22-10-2018 14:45,1070.65,1072.9,1057.4,1060.55,1885677
22-10-2018 14:15,1080.2,1085.55,1064.9,1070.25,1427172
22-10-2018 13:45,1078.5,1081.6,1077.05,1080.1,551194
22-10-2018 13:15,1083.55,1084.7,1077,1078.5,555550
22-10-2018 12:45,1087.35,1087.6,1080.3,1083.45,483016
22-10-2018 12:15,1086.05,1088.3,1080.85,1087.35,635040
22-10-2018 11:45,1081.2,1087.8,1080,1086.45,745791
22-10-2018 11:15,1088.75,1090,1075.4,1081,1260034
22-10-2018 10:45,1088.95,1092.6,1085.9,1088.8,883499
22-10-2018 10:15,1102.9,1103.65,1087.45,1089,1188590
22-10-2018 09:45,1108,1108,1097.25,1102.9,1117869
22-10-2018 09:15,1108.9,1114.55,1103.75,1108.1,1536174
19-10-2018 15:15,1101.65,1102.35,1098.3,1099.1,905569
19-10-2018 14:45,1100.35,1106.75,1097.3,1101.6,1202724
19-10-2018 14:15,1095.4,1110.9,1093.95,1100.8,2140807
19-10-2018 13:45,1093.45,1096.5,1087.15,1095,2160059
19-10-2018 13:15,1093.5,1093.9,1087.5,1093.4,1008300
19-10-2018 12:45,1094,1094.8,1091,1093.45,562000
19-10-2018 12:15,1093.2,1100.35,1091.85,1094,1351672
19-10-2018 11:45,1092.55,1095.7,1089.8,1093.25,1497011
19-10-2018 11:15,1088.5,1093.75,1088,1092.55,1139977
19-10-2018 10:45,1089.85,1093.35,1083.15,1088.45,2494174
19-10-2018 10:15,1094.6,1095.5,1086.5,1089.8,879474
19-10-2018 09:45,1090.05,1099,1085,1094.4,2376705
19-10-2018 09:15,1094,1097,1074.55,1090.05,7610901
17-10-2018 15:15,1155.4,1155.4,1145.75,1151.35,771739
17-10-2018 14:45,1165.15,1165.5,1144.05,1155.4,1488462
17-10-2018 14:15,1165.9,1166.7,1158.6,1165.15,891754
17-10-2018 13:45,1167,1169.75,1162.05,1165.75,540098
17-10-2018 13:15,1165.85,1168.4,1158.05,1166.7,948638
17-10-2018 12:45,1167.55,1170,1162.5,1165.85,667074
17-10-2018 12:15,1173.75,1174,1169.3,1170.5,379049
17-10-2018 11:45,1167.85,1174.8,1167,1173.25,627017
17-10-2018 11:15,1173,1176.85,1160.05,1167.9,1907594
17-10-2018 10:45,1173.95,1175.5,1172,1173,527059
17-10-2018 10:15,1175.05,1178,1171.55,1173.6,992396
17-10-2018 09:45,1172.7,1175.05,1169.3,1175,1468130
17-10-2018 09:15,1177,1177.75,1167.25,1172.75,1541583
16-10-2018 15:15,1164.4,1167.4,1163,1166,630006
16-10-2018 14:45,1159.35,1165.65,1156.25,1164.45,1099792
16-10-2018 14:15,1159.9,1163.9,1157.5,1159,641602
16-10-2018 13:45,1154.85,1162.55,1154.7,1159.95,1110503
16-10-2018 13:15,1153,1154.9,1151.1,1154.9,339857
16-10-2018 12:45,1147.75,1154.9,1147.2,1153,760974
16-10-2018 12:15,1145.75,1148.5,1144.05,1148.15,246765
16-10-2018 11:45,1146.75,1147.8,1144,1146.05,211390
16-10-2018 11:15,1149,1149,1146,1147,315670
16-10-2018 10:45,1142.6,1151.9,1142.2,1149,611903
16-10-2018 10:15,1142.45,1146,1141.1,1142.6,233194
16-10-2018 09:45,1146.4,1146.75,1140,1142.4,384427
16-10-2018 09:15,1145,1149,1141.1,1146.3,873212
15-10-2018 15:15,1139.5,1140.25,1137.75,1137.75,401891
15-10-2018 14:45,1140.35,1142.7,1138.8,1139.5,506850
15-10-2018 14:15,1139.35,1142,1134.55,1140.35,593781
15-10-2018 13:45,1141.2,1142,1135.5,1139.1,698835
15-10-2018 13:15,1140.5,1146.9,1140.2,1141.2,578094
15-10-2018 12:45,1137.05,1144,1136.4,1141,867068
15-10-2018 12:15,1132.55,1138,1132.5,1137.1,400848
15-10-2018 11:45,1129.8,1134.85,1129.2,1132.55,614641
15-10-2018 11:15,1134.45,1135.45,1128.6,1129.8,543664
15-10-2018 10:45,1139.4,1140.4,1133.1,1134.45,476857
15-10-2018 10:15,1140.4,1141.8,1136.15,1139.4,544097
15-10-2018 09:45,1138.55,1142.85,1134.65,1140.4,949818
15-10-2018 09:15,1128.65,1139.1,1119.9,1138.55,1680500
12-10-2018 15:15,1126.95,1128.85,1124.85,1125.5,727152
12-10-2018 14:45,1123.15,1128.65,1120.6,1126.6,791885
12-10-2018 14:15,1126.35,1129,1122.15,1123.25,600078
12-10-2018 13:45,1121.4,1128.55,1118.15,1127,556158
12-10-2018 13:15,1122,1124.95,1120.4,1121.5,396557
12-10-2018 12:45,1124.4,1126.3,1115.8,1121.9,588025
12-10-2018 12:15,1121,1126.95,1121,1124.4,409591
12-10-2018 11:45,1124,1124.1,1120,1121,330965
12-10-2018 11:15,1119.25,1129,1119,1124,941528
12-10-2018 10:45,1116.6,1120.5,1116,1119.25,396289
12-10-2018 10:15,1120.6,1121.1,1115.05,1116.6,679896
12-10-2018 09:45,1121.85,1123,1117,1120.6,768182
12-10-2018 09:15,1103,1122.5,1101.9,1121.75,1858563
11-10-2018 15:15,1086.25,1091,1084.7,1089.4,667666
11-10-2018 14:45,1086.05,1094.25,1082.7,1086.5,1174961
11-10-2018 14:15,1095.6,1098.1,1083.5,1086.7,1376882
11-10-2018 13:45,1110.5,1111,1093.4,1095.3,1328314
11-10-2018 13:15,1102,1114.65,1101.5,1110.3,1472606
11-10-2018 12:45,1084.5,1106.3,1084,1102,1272063
11-10-2018 12:15,1082.65,1086.8,1079.05,1084.25,519733
11-10-2018 11:45,1073.9,1086.25,1073.9,1082.4,687062
11-10-2018 11:15,1074.15,1074.85,1071.05,1074.1,382146
11-10-2018 10:45,1078.65,1079.25,1070.45,1074.15,413682
11-10-2018 10:15,1075.55,1080.65,1072.1,1078.65,532594
11-10-2018 09:45,1073.85,1082,1072.65,1075.55,1065836
11-10-2018 09:15,1062,1077.25,1044.1,1073.35,2302530
10-10-2018 15:15,1101.35,1106.5,1100.6,1103,917914
10-10-2018 14:45,1101.75,1102,1096.1,1101.3,869629
10-10-2018 14:15,1099.55,1102.95,1094.6,1101.9,485016
10-10-2018 13:45,1099.5,1100.65,1092.35,1100,585932
10-10-2018 13:15,1097.75,1104,1095.75,1099.5,501112
10-10-2018 12:45,1099.9,1102.65,1091.05,1097.65,635503
10-10-2018 12:15,1105.45,1106.35,1098.2,1099.55,486217
10-10-2018 11:45,1104.35,1107.6,1099.25,1105.05,637643
10-10-2018 11:15,1110,1110.3,1104.5,1104.5,480572
10-10-2018 10:45,1109.9,1115.2,1109.05,1110.25,815355
10-10-2018 10:15,1098.4,1110.75,1097.05,1109.9,1076626
10-10-2018 09:45,1098.6,1102.35,1093,1098.4,628668
10-10-2018 09:15,1093.9,1104.95,1085.15,1098.55,1364589
09-10-2018 15:15,1088,1089.6,1081.55,1083,625588
09-10-2018 14:45,1113.3,1115,1086.65,1088,1522727
09-10-2018 14:15,1108.7,1115.8,1107.25,1113.3,786837
09-10-2018 13:45,1107.4,1111.7,1102,1108.7,508433
09-10-2018 13:15,1105,1110,1104.15,1107.05,340101
09-10-2018 12:45,1103.15,1109.75,1099.9,1104.8,597956
09-10-2018 12:15,1104.1,1110.85,1103,1103.1,481743
09-10-2018 11:45,1109.2,1111,1102,1104,500227
09-10-2018 11:15,1103.1,1114.8,1103.05,1109.7,640785
09-10-2018 10:45,1102.45,1108.1,1098.6,1103.1,722377
09-10-2018 10:15,1112.15,1112.5,1100,1102.05,724118
09-10-2018 09:45,1103.65,1115,1098,1112.2,1064299
09-10-2018 09:15,1120,1122.75,1095.5,1103.95,2455553
08-10-2018 15:15,1113.5,1113.7,1106.75,1110,784770
08-10-2018 14:45,1078.4,1117,1078.05,1113.5,2387414
08-10-2018 14:15,1075.45,1081.45,1072,1078.4,1054412
08-10-2018 13:45,1083.9,1086.7,1072.4,1075.05,996757
08-10-2018 13:15,1090.55,1090.55,1079.4,1083.3,1442073
08-10-2018 12:45,1097.5,1101.45,1090.1,1090.5,1019126
08-10-2018 12:15,1103.3,1104.95,1092.85,1097.95,1129951
08-10-2018 11:45,1103.1,1106.25,1097.95,1103.35,1224469
08-10-2018 11:15,1103.95,1109.5,1096.3,1103.1,2790838
08-10-2018 10:45,1082.7,1103.8,1081.5,1103.2,2007266
08-10-2018 10:15,1078.5,1090,1075.15,1082.7,2098711
08-10-2018 09:45,1046.6,1084.75,1045.35,1078.7,4446481
08-10-2018 09:15,1050.6,1055,1025.55,1046.2,3254773
05-10-2018 15:15,1050.65,1050.85,1038.4,1049.45,1875657
05-10-2018 14:45,1067.3,1069,1050,1050.85,2323008
05-10-2018 14:15,1077.3,1077.75,1057.95,1067.3,2846513
05-10-2018 13:45,1080.45,1080.5,1074.5,1077.45,1133712
05-10-2018 13:15,1080.3,1082.8,1077.2,1080.45,793509
05-10-2018 12:45,1084.05,1086.15,1078,1080.2,778244
05-10-2018 12:15,1080.7,1086.35,1078.45,1084.05,729368
05-10-2018 11:45,1087.45,1087.5,1077.1,1080.75,1894899
05-10-2018 11:15,1094.25,1096.8,1086.05,1087.45,988882
05-10-2018 10:45,1082,1098.75,1081.5,1094.2,1847779
05-10-2018 10:15,1088.05,1090,1075.8,1082.2,2067512
05-10-2018 09:45,1101.3,1104.9,1086.05,1088.1,1778542
05-10-2018 09:15,1097,1115,1093,1101.15,2831932
04-10-2018 15:15,1128,1128,1106,1110,2249115
04-10-2018 14:45,1134.4,1137.2,1126.9,1128.25,1658150
04-10-2018 14:15,1126.75,1134.7,1126,1134.05,928871
04-10-2018 13:45,1127.35,1131.95,1125,1126.75,838591
04-10-2018 13:15,1130.05,1131.25,1125,1127.35,960335
04-10-2018 12:45,1137.55,1139.4,1130,1130.1,1055285
04-10-2018 12:15,1129.9,1137.6,1126.35,1137.6,1770367
04-10-2018 11:45,1131.6,1134.7,1118.55,1129.8,2617944
04-10-2018 11:15,1147.05,1148.15,1128.5,1131.6,1616595
04-10-2018 10:45,1147.2,1150,1144,1146.7,523646
04-10-2018 10:15,1149.65,1149.95,1140.55,1147.2,2081359
04-10-2018 09:45,1151.65,1155.95,1146.1,1149.35,1776160
04-10-2018 09:15,1189.5,1190,1144.1,1151.7,5116386
03-10-2018 15:15,1206.4,1207.5,1200.25,1201.25,698021
03-10-2018 14:45,1209.35,1210.65,1205,1206.4,814261
03-10-2018 14:15,1211,1213.5,1208.4,1209.4,638732
03-10-2018 13:45,1218,1218.3,1210.5,1210.6,496764
03-10-2018 13:15,1215.35,1219.45,1214.15,1218,384196
03-10-2018 12:45,1221.4,1221.85,1213.5,1215.35,569149
03-10-2018 12:15,1227.85,1229.8,1220,1221.3,467856
03-10-2018 11:45,1221.3,1227.95,1218.05,1227.95,548139
03-10-2018 11:15,1222.6,1223.25,1217,1221.3,491489
03-10-2018 10:45,1221.1,1228.5,1220,1222.6,370452
03-10-2018 10:15,1229.65,1229.9,1219.1,1221.1,613602
03-10-2018 09:45,1227,1231.45,1226.15,1229.35,391898
03-10-2018 09:15,1228,1239.5,1223.9,1227.7,873549
01-10-2018 15:15,1232.05,1236,1229.75,1235.6,489958
01-10-2018 14:45,1228.8,1233,1225,1232.25,596050
01-10-2018 14:15,1223.7,1230.45,1223.25,1229,586013
01-10-2018 13:45,1219.25,1225,1219.25,1223.3,340545
01-10-2018 13:15,1216.7,1226,1216.35,1219.8,404993
01-10-2018 12:45,1219.1,1223.9,1213.75,1216.45,419342
01-10-2018 12:15,1215.7,1221.8,1211.7,1219.15,371962
01-10-2018 11:45,1214.4,1218.6,1204.7,1215.85,844698
01-10-2018 11:15,1243.75,1244.6,1213,1214.4,869402
01-10-2018 10:45,1247.3,1248.25,1242,1243.75,331740
01-10-2018 10:15,1247.9,1248.95,1245,1247.3,314460
01-10-2018 09:45,1244.05,1251,1243,1247.8,483580
01-10-2018 09:15,1257.05,1257.05,1240.1,1244.5,1264429
28-09-2018 15:15,1260,1261,1251.05,1255,1442248
28-09-2018 14:45,1252.2,1261.4,1248.5,1260.1,2300075
28-09-2018 14:15,1255.75,1256.5,1247.8,1252.1,922060
28-09-2018 13:45,1268.5,1270.9,1250.05,1255.75,1347177
28-09-2018 13:15,1265.35,1271,1263.15,1268.75,514943
28-09-2018 12:45,1262.85,1265.85,1261.2,1265.2,384171
28-09-2018 12:15,1264.2,1268,1259.35,1262.8,448803
28-09-2018 11:45,1268.75,1271.7,1262.2,1264.45,465913
28-09-2018 11:15,1263.6,1270.9,1263.25,1268.85,779362
28-09-2018 10:45,1263.6,1264.9,1260,1263.6,301525
28-09-2018 10:15,1258.95,1265,1258,1263.6,551930
28-09-2018 09:45,1258.5,1261.6,1255.2,1258.95,459319
28-09-2018 09:15,1261.95,1267,1252.3,1258.8,1130270
27-09-2018 15:15,1256.6,1258.15,1251.05,1252.05,2179190
27-09-2018 14:45,1249.6,1256.7,1245.9,1255.95,2447260
27-09-2018 14:15,1247.1,1251.95,1245.15,1249.95,379688
27-09-2018 13:45,1246.65,1252.9,1242.95,1247.1,573860
27-09-2018 13:15,1251.05,1251.8,1237.55,1246.55,834656
27-09-2018 12:45,1251.3,1251.95,1248,1251,390408
27-09-2018 12:15,1252.8,1254.75,1249.45,1251.3,249472
27-09-2018 11:45,1250,1255,1248.35,1252.8,367184
27-09-2018 11:15,1251.7,1255,1250,1250,309075
27-09-2018 10:45,1249.6,1253.9,1247.05,1251.95,332601
27-09-2018 10:15,1252.45,1253.95,1246.7,1249.55,526974
27-09-2018 09:45,1259,1259.2,1249.05,1252.5,772824
27-09-2018 09:15,1257.4,1263,1254,1259.25,1429506
26-09-2018 15:15,1252.95,1253.95,1250.3,1253.5,531760
26-09-2018 14:45,1240.95,1253.95,1240,1253,1198718
26-09-2018 14:15,1241.8,1244.5,1237.2,1240.75,584982
26-09-2018 13:45,1235,1241.5,1233.4,1241.5,524570
26-09-2018 13:15,1234.95,1236.9,1233.65,1235,298053
26-09-2018 12:45,1234.8,1239,1231.2,1234.9,413056
26-09-2018 12:15,1232.95,1239.9,1232.95,1234.75,408835
26-09-2018 11:45,1233.9,1235.95,1230,1233,319884
26-09-2018 11:15,1229.8,1237.2,1229.45,1234,447764
26-09-2018 10:45,1231.65,1232.45,1228.05,1230,291118
26-09-2018 10:15,1233.8,1233.8,1227.35,1231.65,321415
26-09-2018 09:45,1230.9,1235.55,1229.3,1233.75,258526
26-09-2018 09:15,1237,1240.3,1229.05,1230.9,789274
25-09-2018 15:15,1234.2,1234.7,1228.85,1229.5,468529
25-09-2018 14:45,1214.45,1235,1214.3,1234.4,1163753
25-09-2018 14:15,1217.55,1218,1206.95,1214.3,857485
25-09-2018 13:45,1205.65,1217.4,1201,1217.4,693371
25-09-2018 13:15,1225.85,1225.85,1195.25,1206.6,1244660
25-09-2018 12:45,1230,1233.5,1225.75,1226,362168
25-09-2018 12:15,1233.6,1234,1224.5,1230,993025
25-09-2018 11:45,1233.05,1238,1232.9,1233.75,347572
25-09-2018 11:15,1237.1,1240.95,1226.5,1232.9,601445
25-09-2018 10:45,1239.6,1240.2,1233.2,1237.35,504045
25-09-2018 10:15,1242.45,1245,1238,1240.25,564998
25-09-2018 09:45,1234.45,1242.5,1234.05,1241.85,557575
25-09-2018 09:15,1235.5,1244.85,1229.55,1234.55,1343869
24-09-2018 15:15,1232.05,1235.5,1229.05,1234.55,1945986
24-09-2018 14:45,1237,1238.55,1231.4,1232.05,1455278
24-09-2018 14:15,1221.5,1239.9,1221.25,1237.2,744917
24-09-2018 13:45,1225.4,1226.9,1218.5,1221.9,384543
24-09-2018 13:15,1224.65,1227,1217.5,1225.4,449360
24-09-2018 12:45,1214.25,1225,1213.35,1224,543738
24-09-2018 12:15,1210.6,1215.7,1204.55,1214.15,678114
24-09-2018 11:45,1220.55,1220.75,1210.25,1210.85,602172
24-09-2018 11:15,1222.65,1223.45,1216.4,1220.55,587546
24-09-2018 10:45,1225.25,1227.2,1220.35,1222.65,299027
24-09-2018 10:15,1219.25,1229,1219.25,1225.25,782585
24-09-2018 09:45,1224.75,1228.7,1219.1,1219.25,782624
24-09-2018 09:15,1213.8,1228,1211.3,1224.9,826322
21-09-2018 15:15,1215.95,1224.2,1212.15,1216.2,2366821
21-09-2018 14:45,1222.05,1227.75,1214.25,1215.55,2779109
21-09-2018 14:15,1219.2,1223,1211.1,1222.3,924026
21-09-2018 13:45,1222.1,1226.75,1218.55,1219.2,662271
21-09-2018 13:15,1218.7,1229.6,1210.2,1222.1,904097
21-09-2018 12:45,1221,1224.3,1183.5,1218.5,2021670
21-09-2018 12:15,1231.55,1233.8,1221,1221,696903
21-09-2018 11:45,1230.3,1232.85,1225.1,1231.55,830057
21-09-2018 11:15,1235.15,1236,1230,1230.3,810921
21-09-2018 10:45,1234.9,1236.75,1233.45,1235.15,693284
21-09-2018 10:15,1235.4,1236.75,1231.15,1234.9,755269
21-09-2018 09:45,1227.2,1237.2,1227.2,1235.25,2731444
21-09-2018 09:15,1219.7,1228.25,1219.7,1227.2,2858212
19-09-2018 15:15,1208.5,1214.4,1207.15,1212.95,623989
19-09-2018 14:45,1205.05,1213.05,1204.55,1208.5,753553
19-09-2018 14:15,1208.2,1208.4,1201.4,1205,693117
19-09-2018 13:45,1212,1213.5,1206,1208.3,395629
19-09-2018 13:15,1204.35,1212,1204.25,1211.85,476016
19-09-2018 12:45,1216.65,1218.75,1203.35,1204.2,833526
19-09-2018 12:15,1215.35,1217.1,1212.6,1216.65,367924
19-09-2018 11:45,1218.4,1219.5,1215.1,1215.1,372742
19-09-2018 11:15,1215.5,1219,1215.05,1218.45,546090
19-09-2018 10:45,1217.6,1218.75,1212.4,1215.5,644274
19-09-2018 10:15,1217.05,1220,1216.8,1217.1,612639
19-09-2018 09:45,1216.7,1219.4,1216.5,1216.95,2262037
19-09-2018 09:15,1222.9,1223.65,1215,1216.7,2669739
18-09-2018 15:15,1216.7,1217.3,1214.45,1215.4,637872
18-09-2018 14:45,1227.35,1229.4,1215.55,1216.65,1201990
18-09-2018 14:15,1234.7,1235.9,1226.4,1227.35,418819
18-09-2018 13:45,1231.25,1236.8,1229.5,1234.05,318446
18-09-2018 13:15,1234.95,1239.35,1228.25,1231.25,715242
18-09-2018 12:45,1233,1237.8,1232.8,1234.95,313816
18-09-2018 12:15,1234.3,1238.4,1232.1,1233.1,417947
18-09-2018 11:45,1234.05,1237.7,1232.45,1234,399977
18-09-2018 11:15,1227.65,1236.8,1226.15,1233.6,561038
18-09-2018 10:45,1228.45,1230.9,1227.15,1227.65,326539
18-09-2018 10:15,1230.7,1233.45,1226.75,1228.5,643389
18-09-2018 09:45,1227.1,1232.3,1224,1230.65,661256
18-09-2018 09:15,1225.75,1235.4,1218.65,1227.35,979913
17-09-2018 15:15,1226.7,1227.4,1221.75,1224.4,688307
17-09-2018 14:45,1229.9,1230.9,1226.2,1226.85,632441
17-09-2018 14:15,1235.5,1236.15,1229.15,1229.75,488996
17-09-2018 13:45,1232.85,1239.4,1232.6,1235.55,535753
17-09-2018 13:15,1235.5,1236,1231.55,1232.75,515288
17-09-2018 12:45,1234.35,1235.7,1232.85,1235.35,442393
17-09-2018 12:15,1228.55,1234.55,1226.5,1234.2,406309
17-09-2018 11:45,1230.65,1231,1228.05,1228.55,413314
17-09-2018 11:15,1230,1233.5,1225.15,1230.05,443119
17-09-2018 10:45,1231.9,1233.65,1229.1,1230,524186
17-09-2018 10:15,1238.25,1238.45,1231.2,1232.05,413218
17-09-2018 09:45,1238,1241.05,1235,1238.45,461056
17-09-2018 09:15,1249.05,1249.2,1236,1239.4,762072
14-09-2018 15:15,1252.9,1253.95,1250.35,1252.55,695797
14-09-2018 14:45,1253.7,1257,1251.15,1253,829747
14-09-2018 14:15,1254.75,1254.9,1250.35,1253.6,287058
14-09-2018 13:45,1255.8,1256.65,1249.75,1254.5,352916
14-09-2018 13:15,1257.3,1258.45,1254,1255.8,258211
14-09-2018 12:45,1257.45,1258,1253.25,1257.25,282483
14-09-2018 12:15,1254.25,1259.3,1254,1257.5,344239
14-09-2018 11:45,1254.05,1257.5,1250,1254.05,377511
14-09-2018 11:15,1257.05,1258,1248.15,1254,818305
14-09-2018 10:45,1258.95,1258.95,1257,1257.25,195082
14-09-2018 10:15,1261,1261.05,1254.4,1259,640934
14-09-2018 09:45,1263.2,1266,1260,1261,686997
14-09-2018 09:15,1259,1275.6,1259,1263.3,2080661
