Date,YESBANK-EQ O,YESBANK-EQ H,YESBANK-EQ L,YESBANK-EQ C
30-08-2019,58.25,60.95,55.5,59.95
29-08-2019,59.25,59.3,55,57.4
28-08-2019,64.5,65.15,58.05,59.5
27-08-2019,62.9,65.35,62.5,64.5
26-08-2019,62.95,64.7,57.35,62.9
23-08-2019,56.4,61.25,54.75,59.25
22-08-2019,66.4,67.7,53.2,56.3
21-08-2019,71.2,71.5,64.55,65.4
20-08-2019,76.95,76.95,70.5,71.2
19-08-2019,79.45,80.75,76,76.65
16-08-2019,79,81.45,76.85,79.45
14-08-2019,74.9,77.9,70.55,76.55
13-08-2019,84,84.2,72.85,73.6
09-08-2019,91.8,92.45,81.15,82.15
08-08-2019,89.25,89.9,84.8,89.2
07-08-2019,86.5,92,86.1,86.85
06-08-2019,80.9,86.65,79.7,85.35
05-08-2019,88,88,79.5,81.1
02-08-2019,87.8,90.9,86.8,88.3
01-08-2019,88.95,91.3,85.75,88.4
31-07-2019,86,92.35,84.75,91.2
30-07-2019,95,96.3,81.15,86.05
29-07-2019,95.7,98.7,91.35,94.75
26-07-2019,88.75,96.9,87.1,96.05
25-07-2019,88.4,90.4,85.85,87.65
24-07-2019,91.5,93.65,88.15,89.15
23-07-2019,89,93.9,87.1,90.65
22-07-2019,83.3,92.5,81.7,91.15
19-07-2019,86,86.9,82.6,83.25
18-07-2019,88.6,90.25,79.15,85.8
17-07-2019,108.5,108.5,97.55,98.4
16-07-2019,94,106.5,92.25,103.85
15-07-2019,95,99.3,92.55,93.2
12-07-2019,93.25,94.85,91.65,94.2
11-07-2019,94,95,90.7,92.45
10-07-2019,92.15,94,91.5,93
09-07-2019,95,97,90.3,91.35
08-07-2019,87,94.6,85.65,93.15
05-07-2019,95,96.85,87.4,88.15
04-07-2019,101,102.15,95.2,96.25
03-07-2019,100.75,103.8,98.85,99.75
02-07-2019,108.05,108.05,99.8,100.8
01-07-2019,109.5,110.5,107.65,109.15
28-06-2019,112.5,113,107.5,108.75
27-06-2019,113.05,114.5,111.8,112.4
26-06-2019,109,114.65,108.4,113.05
25-06-2019,111,112.5,109.1,110.05
24-06-2019,112,114,108.85,111.95
21-06-2019,114.55,114.8,108.25,109.6
20-06-2019,102,115.9,98.7,114.55
19-06-2019,109,111.45,101.3,103.2
18-06-2019,116,117.5,107.1,109.3
17-06-2019,118,118.35,113.75,116.15
14-06-2019,118.5,121,112.85,115.05
13-06-2019,130.8,130.8,116,117.1
12-06-2019,136,137.8,133.6,134.75
11-06-2019,135,143.5,133.75,139.55
10-06-2019,141.9,145,132.55,135.9
07-06-2019,143.4,145.45,136.15,139.9
06-06-2019,148.45,151.2,142.3,143.4
04-06-2019,148.8,153.85,148.55,152.8
03-06-2019,148,149.9,144.5,149.45
31-05-2019,156.6,157,147,147.8
30-05-2019,150.2,156.5,149.9,155
29-05-2019,154,156,150.65,151.7
28-05-2019,148.95,154.9,148.2,152.8
27-05-2019,142,148.45,140.85,146.8
24-05-2019,141,142.9,139.5,141.2
23-05-2019,143.9,150.8,138.75,139.75
22-05-2019,141,141.25,135.5,137.55
21-05-2019,145,145,138.5,141
20-05-2019,142.5,144.9,137,143.55
17-05-2019,141,146,132.45,134.15
16-05-2019,144,145.9,134.65,137.75
15-05-2019,154.2,154.3,141.8,142.95
14-05-2019,155.1,158.9,151.4,155.85
13-05-2019,164.9,165.45,154,154.7
10-05-2019,172.75,174.25,162.8,163.85
09-05-2019,158,171.4,156.5,170.3
08-05-2019,165,166.5,160,160.75
07-05-2019,169,169.95,163.65,164.75
06-05-2019,168.05,171.9,165.5,166.25
03-05-2019,177,177.8,169.7,175.9
02-05-2019,162,178,160,173.75
30-04-2019,213.5,213.5,165.6,168
26-04-2019,239.9,240.35,232.1,237.2
25-04-2019,241,250.4,236.05,237.05
24-04-2019,233,240.4,231.2,239.15
23-04-2019,239,244.65,230.5,232.7
22-04-2019,253.95,254.4,237,238.35
18-04-2019,266.4,267.95,254.05,255.8
16-04-2019,267.55,269.2,265,266.45
15-04-2019,268.45,269.9,264.8,265.5
12-04-2019,269.7,271.9,265.8,267.9
11-04-2019,268.75,270.25,264,269.05
10-04-2019,272,275.45,267.5,268.25
09-04-2019,261.9,272,258.7,270.6
08-04-2019,267.1,268.1,258.25,260.05
05-04-2019,270,274,264.25,266.85
04-04-2019,274,275,265,268.05
03-04-2019,283.5,286,272.2,273.7
02-04-2019,278.2,282.05,274.8,280.3
01-04-2019,276,280,273.8,275.9
29-03-2019,277.9,281.5,273.55,275.1
28-03-2019,270.65,277.7,268.3,276.1
27-03-2019,258.4,269.85,256.1,268.45
26-03-2019,247.5,254.8,247.45,253.7
25-03-2019,250,250.4,246.1,247.25
22-03-2019,253,257.5,250.35,252.6
20-03-2019,248.75,253,246.4,252.15
19-03-2019,246.65,250.5,245,248.8
18-03-2019,247,248.55,241.8,245.95
15-03-2019,251.7,252.8,243.5,245.05
14-03-2019,248,254,246.15,249.85
13-03-2019,236,247.6,232.7,244.3
12-03-2019,238,239.2,235,235.85
11-03-2019,233,238,231.6,236.3
08-03-2019,231.7,234.9,229.5,232.3
07-03-2019,235.5,236,228.65,231.7
06-03-2019,238.1,240.65,232.95,235.3
05-03-2019,236,240.75,234.5,237.45
01-03-2019,234.9,238.5,234.1,237.6
28-02-2019,230,232.75,226.8,231.15
27-02-2019,233,236.8,223.65,228.2
26-02-2019,223.2,234.45,220.1,229.5
25-02-2019,223.85,230.6,221.2,229.1
22-02-2019,214.5,223.7,213.1,222
21-02-2019,218.85,218.85,214,215.15
20-02-2019,216.9,219.8,213.35,217.85
19-02-2019,215.1,218.1,211.55,212.85
18-02-2019,201,216.7,201,213.55
15-02-2019,226.9,226.9,211.3,219
14-02-2019,186.35,224,186.35,221.25
13-02-2019,173.95,174.7,168.1,169.45
12-02-2019,173,176.25,172.1,172.65
11-02-2019,175.1,176,170.1,173.25
08-02-2019,177,178.5,173.25,175.1
07-02-2019,177.1,181.8,175.25,176.95
06-02-2019,178.9,178.95,173,176.45
05-02-2019,179.8,183.5,175,176.1
04-02-2019,184.25,184.7,175.6,179.8
01-02-2019,195.9,197.2,181.25,185.6
31-01-2019,202,202.45,190.15,194.1
30-01-2019,211,212,198.3,199.5
29-01-2019,207,209.45,195.7,202.9
28-01-2019,222.45,223,206.1,207.5
25-01-2019,225,245,218,219.6
24-01-2019,199,235,189,215.4
23-01-2019,194.5,199.5,193.65,197.25
22-01-2019,191.5,193.8,187.4,192.2
21-01-2019,199.3,200.5,190.7,191.95
18-01-2019,202,203.05,196.2,198.6
17-01-2019,209.25,209.55,200.25,201.5
16-01-2019,204.8,209.15,203.5,208.35
15-01-2019,196.6,205,196.1,203
14-01-2019,185,198,182.3,195.35
11-01-2019,188.7,189.9,182.75,184.25
10-01-2019,188,188.9,184.2,186.9
09-01-2019,193.95,193.95,181.5,186.45
08-01-2019,188,193.2,185,192.35
07-01-2019,193.9,194.4,185.8,187.15
04-01-2019,184.85,190.3,181.55,189.65
03-01-2019,185.25,186,183.5,184.1
02-01-2019,183.45,187,182.5,184.65
01-01-2019,182.6,185.9,181,184.25
31-12-2018,183.2,183.85,181,181.8
28-12-2018,180,183.3,180,181.45
27-12-2018,183,183.45,177.05,178.1
26-12-2018,182.5,182.65,174.25,179.45
24-12-2018,184,185.5,181.25,182.3
21-12-2018,188,188.45,180.85,182.95
20-12-2018,179,187.6,178,186.75
19-12-2018,180.5,183.15,178.6,179.55
18-12-2018,180,180.9,176.75,179
17-12-2018,183.25,184.45,179.45,181
14-12-2018,172.7,181.6,168.25,180.35
13-12-2018,193,193.2,172.3,174.7
12-12-2018,182,187.5,181.55,186.6
11-12-2018,164.5,179.85,163.8,177.85
10-12-2018,162,169.5,160,165.65
07-12-2018,170,172,162,166.2
06-12-2018,169,172.5,167.35,168.45
05-12-2018,173.5,178.45,172.2,173.4
04-12-2018,180.35,182.45,175.25,176.5
03-12-2018,174,179.5,165.3,178
30-11-2018,164,171.35,160.45,169.8
29-11-2018,157.05,167,146.75,160.45
28-11-2018,180.4,181,160.3,162.1
27-11-2018,193,193.8,180.35,182.65
26-11-2018,189,191.95,182.2,187.9
22-11-2018,200,203.85,194.65,195.55
21-11-2018,196.1,200.8,194.6,198.15
20-11-2018,198,199.75,191,192.1
19-11-2018,198.1,205.95,194.35,204.8
16-11-2018,201.75,201.75,187.8,191
15-11-2018,215,217.95,202.25,205.85
14-11-2018,226.9,229,221,222.4
13-11-2018,222,226.85,220,225.45
12-11-2018,230,230.85,221.1,223.05
09-11-2018,214,229.4,213.2,227.9
07-11-2018,217.45,218,215.5,215.95
06-11-2018,212.25,217.9,211,214.45
05-11-2018,209,212.35,206.1,210.1
02-11-2018,212.75,215.9,207.65,209.1
01-11-2018,192,205.75,189.05,204.05
31-10-2018,185,189.5,179.65,188.1
30-10-2018,182,189.9,180.65,182.05
29-10-2018,185,185.9,174.75,181.3
26-10-2018,178.55,191.65,168.6,180.7
25-10-2018,202.6,207.5,195,198.35
24-10-2018,217.5,220,202,204
23-10-2018,209,216.7,206.5,213.2
22-10-2018,221,222.35,208.5,211.5
19-10-2018,225,230.55,213,217.9
17-10-2018,252.5,254.85,228.5,231.9
16-10-2018,247,251.4,245.6,248.9
15-10-2018,248.95,250.6,241.55,246
12-10-2018,247,254.4,244.5,246.45
11-10-2018,222,268.95,216.65,240.2
10-10-2018,229,237,219.4,233.9
09-10-2018,225.5,233.8,222.6,224.65
08-10-2018,210,226.6,207.4,221.2
05-10-2018,215,218.5,203.1,206
04-10-2018,209.4,220,205.05,215
03-10-2018,205,222.95,202.25,212.75
01-10-2018,180,203.8,170.6,200.85
28-09-2018,203.6,204,165,183.65
27-09-2018,226,227,202.05,203.25
26-09-2018,223,229.8,217,223.75
25-09-2018,230,238.85,197.25,219.7
24-09-2018,236.5,237.5,215.85,226.4
21-09-2018,287.3,287.3,218.1,226.5
19-09-2018,326,328.75,318.05,319.2
18-09-2018,319.35,328.95,319.1,323.55
17-09-2018,317.5,321.85,315.95,318.6
14-09-2018,318.5,328.5,316.7,323.1
12-09-2018,318,319.95,310.6,314.3
11-09-2018,326,327.85,314.6,316.6
10-09-2018,323.65,328.9,316,323.65
07-09-2018,341,341.05,321.8,323.4
06-09-2018,346.55,347.8,337.9,339.2
05-09-2018,332.9,344.9,332.25,343.8
04-09-2018,340.75,343.4,332.55,334.05
03-09-2018,347.95,348,337.2,339.05
31-08-2018,343,350,336.25,343.5
30-08-2018,369,369,358,361.75
29-08-2018,373.65,378.55,362,365.15
28-08-2018,386,386,362.8,370.6
27-08-2018,378,384.65,377,383
24-08-2018,387,388.7,372.85,374.2
23-08-2018,395.25,395.5,383.35,388.6
21-08-2018,396,397.45,389.5,391.35
20-08-2018,396.8,404,392.55,394
17-08-2018,382.4,395.65,380.3,393.2
16-08-2018,381.2,384.85,374.2,378.45
14-08-2018,369,384.3,368.15,382.5
13-08-2018,379,383,368.3,370.7
10-08-2018,382,391,381,382.85
09-08-2018,383.5,384.7,377.65,381.05
08-08-2018,382.6,385.75,379.55,382.75
07-08-2018,380,386.4,376.5,381.65
06-08-2018,374,380.7,373.45,377.9
03-08-2018,364,374,364,373.2
02-08-2018,364.95,365.65,356.65,361.8
01-08-2018,369.9,371.55,362,365.85
31-07-2018,370,374.7,366.4,367.95
30-07-2018,372,373,365.25,369.3
27-07-2018,374.9,374.9,362.4,370
26-07-2018,385,386.3,358.55,369.75
25-07-2018,386,392.7,381.5,382.9
24-07-2018,389.2,390,382.7,384.35
23-07-2018,387.9,392.35,382.75,386.6
20-07-2018,391.1,392.5,385.3,386.5
19-07-2018,380.95,394.35,379.4,392.3
18-07-2018,381.9,388,378,383.65
17-07-2018,377.9,385.9,375.6,380.8
16-07-2018,376,380.8,369.6,378.5
13-07-2018,376.9,380.3,367.3,376
12-07-2018,372.5,385,372.5,374.8
11-07-2018,370.95,373.35,367.45,371.6
10-07-2018,363.9,373.1,360,371.4
09-07-2018,356.1,366.9,355,363.3
06-07-2018,348.3,357.7,347,352.6
05-07-2018,338.75,350.8,338.6,348.65
04-07-2018,337,337.5,332.5,335.55
03-07-2018,337.7,340.5,335.3,336.9
02-07-2018,338.05,341.7,332.35,337.05
29-06-2018,330.7,341.75,329.65,339.65
28-06-2018,336.4,336.4,327.3,329.3
27-06-2018,336,337.75,331.05,335.6
26-06-2018,333.1,337.75,332.05,335.95
25-06-2018,334.75,338.95,332.9,334.15
22-06-2018,333.6,335.7,329.5,335.1
21-06-2018,336.8,337.6,331.2,332.95
20-06-2018,331.9,337,331.4,336.1
19-06-2018,330.95,334.5,328.5,330.9
18-06-2018,330.8,333.85,327.7,331.65
15-06-2018,333,336.2,328.65,330.65
14-06-2018,333,338.35,330.55,337.2
13-06-2018,336.9,336.9,331.5,333.2
12-06-2018,335.7,337.95,331.2,332.2
11-06-2018,338.6,344.85,334.7,335.7
08-06-2018,337.5,340.25,335.05,337.65
07-06-2018,341.2,345.5,338,339.55
06-06-2018,337.95,340.55,332.55,339.15
05-06-2018,342.5,342.75,333.65,336.75
04-06-2018,343.9,350.9,342,342.95
01-06-2018,347,348.7,340.25,342.7
31-05-2018,345.4,349.4,338,346.2
30-05-2018,335.75,344,332.65,343.15
29-05-2018,344.4,345.9,335.1,338.05
28-05-2018,341.5,348.25,340.75,345.2
25-05-2018,333,341.9,332,339.4
24-05-2018,336.7,337,325.6,330
23-05-2018,335,338.75,331.5,333.7
22-05-2018,334.1,340.75,331,334.7
21-05-2018,346,349.2,333.05,334.15
18-05-2018,346.5,348.8,343.1,345.5
17-05-2018,351.5,352,344,345.3
16-05-2018,344,356.45,342,349.75
15-05-2018,346,354.6,343.6,345.75
14-05-2018,350.8,353.8,343.1,344.8
11-05-2018,346.5,351.8,341.8,350.25
10-05-2018,350.95,350.95,342.65,344.65
09-05-2018,344.45,349.75,343.2,347.85
08-05-2018,350,353.95,340.5,343.3
07-05-2018,347.8,350,342.65,347.9
04-05-2018,354.5,357.75,344.2,345.1
03-05-2018,354,359.25,346.5,353.95
02-05-2018,361.95,364.7,351.7,354.25
30-04-2018,350.9,367.2,350.3,362
27-04-2018,365,369,345.1,348.9
26-04-2018,327.95,360.25,323.6,352.4
25-04-2018,323.75,328.5,317.45,325.25
24-04-2018,314,328.8,314,324
23-04-2018,310.9,317,309,313.05
20-04-2018,317.7,317.7,306.05,308.55
19-04-2018,311,319.5,309,318.5
18-04-2018,311,313.7,308.75,309.55
17-04-2018,311.9,313.35,307.25,307.9
16-04-2018,307,311.1,306.45,310.35
13-04-2018,312.6,314.45,305.7,309.55
12-04-2018,312.2,313.35,308,311.75
11-04-2018,320,320,310.5,312
10-04-2018,320.1,320.5,315,319.25
09-04-2018,316,319.9,314.4,316.25
06-04-2018,314.7,316,311.6,314.5
05-04-2018,311.8,315.6,307.8,313.05
04-04-2018,313,320,304,305.45
03-04-2018,306.45,314.2,304,313.1
02-04-2018,307,308.5,303.6,306.25
28-03-2018,300.15,307.5,299.1,304.85
27-03-2018,307,309.25,300.7,303.5
26-03-2018,286.5,304.9,286,303.35
23-03-2018,293,293.05,285,286.65
22-03-2018,301.8,303.7,295.75,298.25
21-03-2018,305,309.05,300.05,300.75
20-03-2018,303,305.8,299.7,302.4
19-03-2018,316,316.5,302.5,304.8
16-03-2018,312.4,316.85,310,312.9
15-03-2018,318.95,321,310.85,311.85
14-03-2018,311.8,321.9,308.2,318.85
13-03-2018,310,315.4,309.8,312.8
12-03-2018,305.2,314.5,301.35,311.15
09-03-2018,310,310.95,301.3,303.25
08-03-2018,312.3,313.25,294.7,308.55
07-03-2018,312,314.9,308,311.95
06-03-2018,317,320.5,309.85,312.15
05-03-2018,318.5,319,311.15,312.95
01-03-2018,322.1,326,318.35,321.05
28-02-2018,323,325.2,318.05,322.3
27-02-2018,325.3,334.25,325,327.15
26-02-2018,326.5,328.2,319.35,326.15
23-02-2018,316.45,326,316.45,323.45
22-02-2018,311.9,316.9,308.15,316.1
21-02-2018,311,313.9,304.5,312.35
20-02-2018,314.35,316.1,307.5,308.7
19-02-2018,313.85,315,307.55,312.05
16-02-2018,324,325,309.65,311.8
15-02-2018,321.2,328.8,317.7,319.8
14-02-2018,336,337.85,318.95,320.35
12-02-2018,326.6,337.2,326.6,335.4
09-02-2018,330,331.45,324,325.55
08-02-2018,332.9,340.35,331.5,335
07-02-2018,344,344,330.6,332.9
06-02-2018,325,342.9,324,338.75
05-02-2018,340,349,333.6,343.6
02-02-2018,354.2,356,341.8,349.05
01-02-2018,355,367.25,352.65,359.9
31-01-2018,353,356.55,350.45,354.4
30-01-2018,358,360.8,351.85,353.35
29-01-2018,361.2,363.7,355.55,358
25-01-2018,364.5,364.5,355.65,361.6
24-01-2018,357,366.3,356,364.8
23-01-2018,359.85,360.4,352.3,359.55
22-01-2018,349.95,358.25,348.75,355.35
19-01-2018,347.5,352.25,339.1,349.35
18-01-2018,350,356.9,332.35,341.2
17-01-2018,335.1,343.5,331.4,342.4
16-01-2018,336,338.75,328,334.85
15-01-2018,341.9,343.7,335.1,336
12-01-2018,344.1,344.7,337.55,340.9
11-01-2018,339,344.25,335.3,343.15
10-01-2018,341.5,342.35,335.45,339.8
09-01-2018,334.9,342.8,327.55,341.35
08-01-2018,336,341.3,331.3,333.6
05-01-2018,317.5,337.9,317.45,332.85
04-01-2018,316,318.4,313,317.1
03-01-2018,312,316.5,311.15,315.85
02-01-2018,313.4,314,307.15,311.65
01-01-2018,315.5,317.75,311.3,312.6
29-12-2017,313.5,315.8,312.8,315.15
28-12-2017,314,316,311.8,313.5
27-12-2017,316.65,318.95,313.35,315.15
26-12-2017,310.5,317.9,310.2,315.5
22-12-2017,310.5,313.5,308.7,310.15
21-12-2017,311.2,313.95,309.4,310.45
20-12-2017,312.4,313.4,310,311.7
19-12-2017,314,314.4,309.55,312.25
18-12-2017,315.9,318,305.3,311.15
15-12-2017,307,317.45,307,315.9
14-12-2017,303.9,304.65,301.75,303.9
13-12-2017,306.35,307.35,301.05,301.9
12-12-2017,312,312,305.9,306.8
11-12-2017,313.5,315.8,310.6,311.6
08-12-2017,312,315.5,311,312.7
07-12-2017,306.55,311.95,306.55,310.5
06-12-2017,306.8,309.9,304.6,306.45
05-12-2017,302.15,310,300.6,308.7
04-12-2017,307.8,308.2,301.65,303.2
01-12-2017,307.8,309.9,305.1,306.85
30-11-2017,311,311.95,305,306.9
29-11-2017,315,316,310.95,312.9
28-11-2017,314.5,316.9,313.65,315
27-11-2017,312,316,309.5,315.3
24-11-2017,315,315.95,312.05,313.05
23-11-2017,310,316.35,307.15,313.25
22-11-2017,315.6,315.8,307,309.75
21-11-2017,316,318,310.7,312.3
20-11-2017,309.45,314,308.2,313.35
17-11-2017,308,314.4,305.1,306.1
16-11-2017,302.9,303.95,297.5,301.3
15-11-2017,302.8,305.8,295.6,300.95
14-11-2017,305,306.35,302,302.55
13-11-2017,306.75,307.95,303.05,303.75
10-11-2017,305,309.9,302,304.05
09-11-2017,305.95,308.8,302,304.65
08-11-2017,313.2,313.65,301.85,303.8
07-11-2017,323,323,305.5,311.7
06-11-2017,327,329,317.8,319.65
03-11-2017,322.45,328,321.7,325.95
02-11-2017,321,323.9,318.2,320.45
01-11-2017,317,320.5,316.45,318.8
31-10-2017,317.5,319.25,311.3,314.25
30-10-2017,311.5,317.45,308.1,314.85
27-10-2017,307,313.5,298.55,307.05
26-10-2017,331.9,338.65,318,331.2
25-10-2017,356,356,312.85,326.9
24-10-2017,355.7,363.4,344.6,347.6
23-10-2017,358,364.55,351,353.9
19-10-2017,364.4,365.3,355,357.8
18-10-2017,366,368,359,362.4
17-10-2017,369,375.9,368,373.55
16-10-2017,374,374.2,365.75,367.7
13-10-2017,366,373.05,365.95,369.7
12-10-2017,363.1,367.65,359,365.4
11-10-2017,374.2,375,362,363
10-10-2017,372,374,371,372.9
09-10-2017,367.9,372.65,363.15,370.9
06-10-2017,360.6,366.8,360.6,365.8
05-10-2017,357.3,367.5,357,359.45
04-10-2017,352.7,357.5,351.05,355.8
03-10-2017,354.9,354.9,347.5,351.05
29-09-2017,353.7,353.9,345.1,350
28-09-2017,353.5,355.45,347.3,350.8
27-09-2017,364.9,364.9,350.75,353.2
26-09-2017,361,363,355.7,360.75
25-09-2017,361,363.7,349,359.6
22-09-2017,376.8,376.8,359.45,360.65
21-09-2017,375.3,382.9,373.35,377.05
20-09-2017,373,377.2,372.2,376.02
19-09-2017,372.28,374.4,369.43,373.3
18-09-2017,370.42,374.4,370.2,371.83
15-09-2017,365.68,371.8,365.46,369.01
14-09-2017,369.08,373.2,368.04,370.31
13-09-2017,370.4,372.4,366.52,367.8
12-09-2017,370.98,371.77,364.4,370.15
11-09-2017,359.25,373.15,358.85,368.41
08-09-2017,361.4,361.54,356.05,357.8
07-09-2017,360.36,363.8,358.48,360
06-09-2017,354,360.96,352.46,358.79
05-09-2017,353.4,357.56,353,355.65
04-09-2017,354.1,355.93,347.41,352.82
01-09-2017,350.67,356,350.67,355.29
31-08-2017,350,354.88,349.01,350.61
30-08-2017,346.31,353,346.21,350.42
29-08-2017,350.4,350.67,343.21,344.31
28-08-2017,344.6,351.56,342.32,350.67
24-08-2017,345.56,347.79,342.88,343.89
23-08-2017,343.74,345.6,339.52,344.65
22-08-2017,346.4,346.4,337.2,342.58
21-08-2017,344.2,350.6,342.02,343.34
18-08-2017,346.98,347.46,341.66,344.15
17-08-2017,355.8,355.8,345.86,347.62
16-08-2017,356.81,357.8,346.4,352.37
14-08-2017,350.4,357.2,350.04,355.7
11-08-2017,341.4,351.46,340.43,347.88
10-08-2017,348.31,348.84,342.02,346.02
09-08-2017,351.2,354.89,347.2,348.31
08-08-2017,359.8,360.4,350.8,352.71
07-08-2017,362,363.4,358.75,359.97
04-08-2017,354,363.05,352.71,361.59
03-08-2017,364.4,365.78,354.46,357.09
02-08-2017,366,368.59,362.61,365.8
01-08-2017,363.74,367.6,361.83,365.45
31-07-2017,370,371.6,360.63,361.9
28-07-2017,353,372.2,353,368.37
27-07-2017,349.45,359.6,348.4,357.17
26-07-2017,324.94,344.8,321.05,342.39
25-07-2017,319.34,324.74,317.22,323.57
24-07-2017,315.6,323.8,315.39,318.65
21-07-2017,314.4,316.29,313,315.53
20-07-2017,314.4,315.8,312.24,314.32
19-07-2017,312.2,315.3,310.22,314.03
18-07-2017,309.94,315.49,309.02,311.56
17-07-2017,313.94,314.98,308.68,309.49
14-07-2017,318.37,318.97,310.84,312.92
13-07-2017,303.6,317.6,303.6,316.4
12-07-2017,303.2,304.54,301,303.09
11-07-2017,303.05,306.6,301.6,302.96
10-07-2017,302.4,304.4,300.18,302.58
07-07-2017,300.53,303.04,299.52,301.15
06-07-2017,300.2,303.8,299,300.81
05-07-2017,297.82,301.94,297.4,301.19
04-07-2017,301.56,302.4,296,297.01
03-07-2017,293.96,299.2,290.4,298.55
30-06-2017,287.6,293.37,285,292.7
29-06-2017,291.98,294,286.77,287.7
28-06-2017,282.88,291.81,280.3,289.94
27-06-2017,291,291.08,281.01,283.1
23-06-2017,290.74,291.66,286.24,287.08
22-06-2017,287.78,294,287.47,290.4
21-06-2017,287.6,289.03,285.32,286.54
20-06-2017,286.6,291.08,285.23,289.41
19-06-2017,290.8,291.15,285.12,286.19
16-06-2017,289.8,291.67,287.4,288.7
15-06-2017,289.8,290,286.2,289.23
14-06-2017,299.21,299.95,289,289.8
13-06-2017,297.7,302.19,297.5,298.77
12-06-2017,296.2,300.86,294.09,296.72
09-06-2017,295.94,299.79,295.04,297.76
08-06-2017,299.8,300.34,293.47,295.24
07-06-2017,303.99,304.03,296.22,298.75
06-06-2017,305,306.49,299.76,301.23
05-06-2017,296.6,305.26,296.35,304.71
02-06-2017,291.34,297.5,289.06,296.35
01-06-2017,286,290,284.21,288.92
31-05-2017,288.4,289.68,281.85,286.27
30-05-2017,287.2,292.2,286.41,287.67
29-05-2017,298.72,298.74,286.63,287.66
26-05-2017,293.96,300,291.01,298.72
25-05-2017,286.8,294,286.12,292.85
24-05-2017,281.61,288.8,279.61,285.01
23-05-2017,282.2,283.6,275.25,280.63
22-05-2017,288.76,290.11,279.6,281.16
19-05-2017,282.55,291,281.05,286.02
18-05-2017,287.6,288.78,278.6,280.23
17-05-2017,296.79,296.79,290.21,290.93
16-05-2017,295.3,300,293.62,296.68
15-05-2017,299.38,301.2,290.71,294.41
12-05-2017,316.2,318.36,293.85,296.62
11-05-2017,321.6,321.6,315,315.46
10-05-2017,321.2,322.99,316.82,319.68
09-05-2017,323.21,323.32,318.43,320.5
08-05-2017,322.8,326.8,321.81,323.09
05-05-2017,325.2,326.2,320.87,321.75
04-05-2017,326.51,328,324.02,325.37
03-05-2017,327.54,328.29,323.12,326.59
02-05-2017,326.4,330.36,324.71,326.78
28-04-2017,327.91,328.93,324.36,326.05
27-04-2017,317,330.38,314.79,328.48
26-04-2017,312,317.38,311.55,316.41
25-04-2017,312,313.4,310.6,311.39
24-04-2017,309.8,314.63,308.64,310.86
21-04-2017,311.4,312.56,304.8,308.83
20-04-2017,304.12,314.99,304.12,309.03
19-04-2017,320.06,323.8,318.45,321.09
18-04-2017,322.8,325.59,319.59,321.18
17-04-2017,323.72,325.18,320.46,322.12
13-04-2017,325.2,327.59,322.62,323.28
12-04-2017,323.4,327,320.69,326.29
11-04-2017,320.6,324.7,319.08,322.95
10-04-2017,312.4,321,311.82,319.92
07-04-2017,311.22,315.18,309.92,311.31
06-04-2017,313.54,315.07,311.15,312.95
05-04-2017,311,314,307.26,313.5
03-04-2017,309.64,311.22,307,307.77
31-03-2017,310.8,311,306.8,309.35
30-03-2017,308,311.5,307.73,310.43
29-03-2017,307.3,311,305.41,308.99
28-03-2017,306.86,307.9,305.2,306.97
27-03-2017,305.81,308.4,304,305.59
24-03-2017,307.8,308.95,304.91,305.81
23-03-2017,294.8,304.3,292.4,303.72
22-03-2017,295,295.4,292.03,294.17
21-03-2017,304.4,304.43,293.73,296.95
20-03-2017,303.75,304.8,301.42,303.15
17-03-2017,308,308,300.7,301.58
16-03-2017,308,309.09,303.7,305.59
15-03-2017,305.3,307.2,303.94,305.81
14-03-2017,304.54,307.8,302.85,306.35
10-03-2017,294,296.89,293.02,296.27
09-03-2017,295.4,295.76,292.4,293.05
08-03-2017,290,296.32,289.6,294.89
07-03-2017,293,293,287.82,289.64
06-03-2017,289.01,292.96,287.44,292.3
03-03-2017,284.56,288.39,284.02,286.75
02-03-2017,292,292.04,283.83,284.94
01-03-2017,291.94,293.3,288.61,290.93
28-02-2017,285.4,291.9,284.6,290.54
27-02-2017,288.33,289.05,283.45,284.38
23-02-2017,290,291,288.28,289.35
22-02-2017,290.5,291.71,288.24,289.39
21-02-2017,286.8,290.76,286.21,289.95
20-02-2017,288,288.01,284.68,285.85
17-02-2017,289,291.74,287.05,288.18
16-02-2017,286.5,289.2,285.2,287.39
15-02-2017,291.54,292.08,283.77,286.19
14-02-2017,291.34,294.36,288.24,291.43
13-02-2017,283.2,291.46,282,290.57
10-02-2017,282.4,283.29,280.4,282.57
09-02-2017,283,283.92,279.02,281.64
08-02-2017,280,284.65,275.51,282.05
07-02-2017,279.2,281,277.48,279.36
06-02-2017,282,282.15,278.6,279.69
03-02-2017,277.53,280.46,277.05,279.56
02-02-2017,283.8,283.8,276.6,277.4
01-02-2017,280.6,283.28,276.44,282.62
31-01-2017,277.6,280,276.21,279.2
30-01-2017,279.99,280.09,276.78,277.8
27-01-2017,282,284.3,278.04,279.75
25-01-2017,274.4,282,273.44,281.36
24-01-2017,278.39,282.64,269.3,271.78
23-01-2017,272.19,277.8,271.71,276.59
20-01-2017,270.8,275.74,270.43,271.74
19-01-2017,268.99,271.3,266.47,269.5
18-01-2017,265.76,270.25,265.6,269.19
17-01-2017,267.26,267.26,263,264.76
16-01-2017,263.7,267.14,262.28,265.75
13-01-2017,265.74,266.79,261.4,263.61
12-01-2017,263.8,268.7,263.6,265.1
11-01-2017,254.8,264.53,254.61,263.57
10-01-2017,251.8,254.8,250.31,252.92
09-01-2017,250.96,253.55,249.46,251.24
06-01-2017,243,250.38,243,249.35
05-01-2017,234.02,243.88,233.68,242.04
04-01-2017,233.2,234.38,231.66,232.63
03-01-2017,229,234.54,228.09,232.58
02-01-2017,232.12,232.4,226.26,228.93
30-12-2016,229.54,232.25,229,231.29
29-12-2016,222,230.74,221.02,229.66
28-12-2016,225.78,227.8,222.1,222.61
27-12-2016,220.34,226.62,219.9,225.6
26-12-2016,223.98,224.2,218.11,220.3
23-12-2016,225.2,227.99,224.56,224.94
22-12-2016,227.34,227.34,223,225.23
21-12-2016,230.38,231.31,226.82,227.67
20-12-2016,236.1,236.71,228.75,229.42
19-12-2016,236.8,237.57,234.81,235.96
16-12-2016,237.89,239.4,234.51,236.42
15-12-2016,236.44,240.9,236.03,237.04
14-12-2016,242,242.14,238.71,239.22
13-12-2016,239,241.96,236.02,241.33
12-12-2016,242.4,243.6,237.41,238.53
09-12-2016,244,245,240.77,243.95
08-12-2016,238.72,243.78,238.65,243.11
07-12-2016,239.7,244,234.98,237.65
06-12-2016,237.54,241.29,235.48,238.63
05-12-2016,231.4,237.5,230.21,236.71
02-12-2016,230.8,232.72,228.52,230.03
01-12-2016,235.14,236.95,231.4,232.2
30-11-2016,229.6,236.16,229.23,234.77
29-11-2016,230.38,232.76,228.28,228.91
28-11-2016,227,235.2,226.8,229.92
25-11-2016,226.09,234.34,224.97,233.54
24-11-2016,224.02,226,221.84,223.97
23-11-2016,229,229.2,223.62,225.05
22-11-2016,225.74,228.2,219.03,226.33
21-11-2016,236.4,238.29,221.14,222.5
18-11-2016,235.64,237.11,232.02,236.15
17-11-2016,236.99,241.65,233.23,234.63
16-11-2016,235.4,239.8,226.71,236.4
15-11-2016,243.6,243.6,229.42,231.49
11-11-2016,254,257.2,241.93,242.98
10-11-2016,248,262.6,246.06,258.05
09-11-2016,228,245.9,224.61,243.83
08-11-2016,243,247.18,239.23,245.29
07-11-2016,242,246.38,240.8,241.47
04-11-2016,243,243.08,234.52,239.22
03-11-2016,242.2,253,238,241.76
02-11-2016,247.21,247.59,240.16,241.93
01-11-2016,254.69,254.69,249.42,249.89
30-10-2016,255.74,255.79,252.02,253.27
28-10-2016,251.8,255.58,251.46,254.46
27-10-2016,260,260.19,248.42,250.72
26-10-2016,260.79,262.72,256.91,258.05
25-10-2016,262,262.4,259.7,261.69
24-10-2016,264,265.59,261.21,262.16
21-10-2016,262.81,264,259.4,263.48
20-10-2016,260.2,264.73,259.36,261.76
19-10-2016,259.59,261.71,255.45,258.31
18-10-2016,251,259.36,251,258.21
17-10-2016,252.88,253.4,248.45,250.11
14-10-2016,252,253.6,248.83,251.99
13-10-2016,253.6,256.78,247.06,251.14
10-10-2016,255.8,258,255.2,255.9
07-10-2016,255.2,256.96,253.23,254.76
06-10-2016,247.42,259,246.3,256.01
05-10-2016,258.8,259.5,254.2,255.83
04-10-2016,256,258.36,254.06,256.81
03-10-2016,255,256.6,252.65,254.05
30-09-2016,246.31,251.82,242.31,250.94
29-09-2016,255.2,260.99,245,246.16
28-09-2016,249.2,254.96,249,254.24
27-09-2016,249.4,250.36,247.64,249.38
26-09-2016,244.39,248.6,243.25,247.07
23-09-2016,249,249.78,245.61,246.63
22-09-2016,249,251.8,246.18,249.31
21-09-2016,241.82,245.56,241.82,244.05
20-09-2016,237.82,242.69,234.26,241.41
19-09-2016,233.2,238.75,231.16,235.47
16-09-2016,246.4,247.87,231.78,233.96
15-09-2016,248,248,241.24,244.36
14-09-2016,240.62,251.39,240.62,250.7
12-09-2016,249.8,249.8,239.4,241.02
09-09-2016,250.01,263,249.39,255.25
08-09-2016,277.43,278,264.25,265.65
07-09-2016,289.54,289.54,278.01,280.31
06-09-2016,277.99,289.8,277.99,288.16
02-09-2016,273,278.85,272.46,277.67
01-09-2016,273.94,275.33,272.03,272.97
31-08-2016,272,276.46,268.4,273.22
30-08-2016,268.6,274.95,268.04,271.04
29-08-2016,264.94,268.6,263.4,267.73
26-08-2016,269.32,269.4,263.81,265.3
25-08-2016,267.86,269.92,267.4,268.71
24-08-2016,268.25,268.57,266.01,267.57
23-08-2016,268.64,270.27,267.1,268.25
22-08-2016,267,269.85,266.54,268.66
19-08-2016,264.2,267.8,263.2,267.19
18-08-2016,262.04,264.95,261.6,264.13
17-08-2016,260.2,261.98,257.06,261.67
16-08-2016,259.79,262.99,257.98,258.99
12-08-2016,250.8,258.8,250.6,258.14
11-08-2016,253,253,247.22,250.5
10-08-2016,252.8,254.37,249.52,253.48
09-08-2016,253.03,253.17,250.2,251.97
08-08-2016,253.63,254,251.04,253.05
05-08-2016,247.96,252.6,246.9,251.69
04-08-2016,248.1,249.06,244.01,246.31
03-08-2016,246.6,248.98,243.53,247.11
02-08-2016,245.2,248.9,244.57,245.68
01-08-2016,244.8,247,240.71,244.28
29-07-2016,245,247.2,241.8,243.39
28-07-2016,241.39,245.57,240.53,244.7
27-07-2016,241.18,242.9,235.22,240.09
26-07-2016,236.6,242.22,235.43,240.03
25-07-2016,230.01,237.87,229.55,236.55
22-07-2016,231,233.27,229.86,231.34
21-07-2016,232.4,234,230.08,230.93
20-07-2016,231.1,233.75,229.62,232.56
19-07-2016,234,234.19,228.7,230.67
18-07-2016,235.02,236.89,234.06,234.9
15-07-2016,234.4,237.24,232.11,235.84
14-07-2016,229.6,234.78,229.08,234.29
13-07-2016,230.54,230.65,227.6,229.34
12-07-2016,228.4,231.19,227.62,230.73
11-07-2016,226.4,229.78,226.22,228.7
08-07-2016,222.25,224.8,221.32,224.05
07-07-2016,226,226,222,222.42
05-07-2016,223.78,226.4,222.6,225.28
04-07-2016,227,228,223,223.52
01-07-2016,222.53,226.8,221.31,225.94
30-06-2016,216.38,222,214.9,221.42
29-06-2016,215,216.76,214,214.54
28-06-2016,216.58,216.58,212.49,213.98
27-06-2016,214.09,217.98,213.99,215.15
24-06-2016,212.45,217.29,208.4,216.1
23-06-2016,215.26,223,215.26,222.16
22-06-2016,215,216.32,213.36,215.77
21-06-2016,215.61,216,213.27,214.28
20-06-2016,211.59,215.8,211.07,215.05
17-06-2016,213,215,212,214.17
16-06-2016,213.2,213.47,209.49,212.11
15-06-2016,213.71,214.69,211.42,214.18
14-06-2016,213.02,214.34,211.51,212.92
13-06-2016,211.59,214.35,210.48,213.03
10-06-2016,208.52,213.68,208.12,212.66
09-06-2016,210.76,211.94,207.33,208.01
08-06-2016,213.1,213.22,208.98,210.76
07-06-2016,214.5,217.07,212.42,213.24
06-06-2016,210,213.8,208.91,212.94
03-06-2016,211,211.96,208.42,209.88
02-06-2016,202.85,210.5,202.33,209.81
01-06-2016,206.3,206.78,201.11,203.58
31-05-2016,205.4,209.2,203.98,206.6
30-05-2016,204.88,206.97,204.26,205.39
27-05-2016,205,208.36,203.6,205.1
26-05-2016,200,205.2,199.42,204.21
25-05-2016,197,199.84,197,199.2
24-05-2016,195.01,197.11,194.23,195.4
23-05-2016,196.55,197,194.9,195.62
20-05-2016,194.98,196.3,192.9,195.54
19-05-2016,194.34,197.4,192.9,193.38
18-05-2016,193.28,195.53,192.57,194.25
17-05-2016,197.74,199.97,193.54,193.99
16-05-2016,190.59,197.42,189.04,196.06
13-05-2016,191.21,192.18,188.82,190.11
12-05-2016,191.2,193.48,190.02,191.01
11-05-2016,187.25,192.48,185.6,191.27
10-05-2016,189.8,190.58,187.62,189.95
09-05-2016,182.96,189.6,182.68,189.24
06-05-2016,181.8,183.98,181.18,182.04
05-05-2016,183.8,186.64,181.13,182.43
04-05-2016,186.2,186.78,182.88,183.52
03-05-2016,189.3,190.36,185.6,186.24
02-05-2016,189.58,191.52,188.3,188.99
29-04-2016,189.6,190.49,185.74,188.59
28-04-2016,183.27,190.34,183.2,189.11
27-04-2016,183,184.6,179.6,183.1
26-04-2016,176,182.96,175.12,182.14
25-04-2016,175.42,177.1,174.23,175.73
22-04-2016,176,177.58,174.53,175.15
21-04-2016,177.68,179.65,175.32,176.27
20-04-2016,178.94,178.94,175.4,176.38
18-04-2016,172.4,179.4,172.22,178.71
13-04-2016,173.42,175,173.15,174.03
12-04-2016,171.96,173.66,170.64,171.86
11-04-2016,170.6,172.49,169.57,171.93
08-04-2016,167.4,170.7,166.64,169.88
07-04-2016,167.79,168.8,166.2,167.1
06-04-2016,167,168.43,165.65,166.81
05-04-2016,172,173.02,165.3,165.84
04-04-2016,171.18,173.98,171,173.59
01-04-2016,172.6,173.1,170.48,171.12
31-03-2016,172.5,175,171.71,173.01
30-03-2016,170.7,174,169.71,173.26
29-03-2016,168.2,170.88,167.2,169.27
28-03-2016,168.63,171.98,167.1,168.45
23-03-2016,166,170.37,165.29,169.85
22-03-2016,166.2,167.55,164.53,166.44
21-03-2016,163.6,166.9,162.55,166.37
18-03-2016,160.2,163.5,159.15,162.85
17-03-2016,162.22,163.76,158.6,159.91
16-03-2016,161.4,163.1,159.1,160.88
15-03-2016,160.2,163.4,159.41,162.19
14-03-2016,161,162,159.4,160.4
11-03-2016,157.4,160.96,157.12,160.12
10-03-2016,158.8,160.19,156.9,158.28
09-03-2016,151,158.68,150.26,158.12
08-03-2016,153.8,153.91,150.32,151.91
04-03-2016,151.2,153.9,149.05,151.81
03-03-2016,151.8,152,148.22,151.53
02-03-2016,146.2,152.35,146.1,151.05
01-03-2016,139.36,144.36,138.19,143.88
29-02-2016,137.59,140.8,132.67,137.8
26-02-2016,136.46,138.4,133.78,137.31
25-02-2016,138.96,139.01,133.32,134.1
24-02-2016,136.77,140.75,134.41,138.13
23-02-2016,142.5,143.45,136.24,137.27
22-02-2016,143.2,144.1,141.84,142.55
19-02-2016,142.2,144.72,141.71,142.51
18-02-2016,145.6,147.18,141.28,142.85
17-02-2016,146.58,146.58,140.24,144.07
16-02-2016,151.69,151.86,146.2,146.77
15-02-2016,147.04,152.36,147.03,150.68
12-02-2016,144,146.59,138.44,145.69
11-02-2016,147,147.96,141.92,142.89
10-02-2016,148.42,149.35,145.52,147.07
09-02-2016,151.71,153.78,148.3,149.37
08-02-2016,155.04,157.9,153,153.67
05-02-2016,151.84,155.98,151.84,155.41
04-02-2016,156.94,157.59,150.85,151.87
03-02-2016,150.27,157.8,150.01,155.54
02-02-2016,154.48,157,152.08,152.86
01-02-2016,150.88,155.16,148.9,154.48
29-01-2016,132.6,149.9,130.23,149.36
28-01-2016,135.97,137.28,133.53,134.31
27-01-2016,136.02,136.96,133,135.61
25-01-2016,138.38,139.02,134.7,135.5
22-01-2016,133.4,137.94,132.35,136.8
21-01-2016,131.01,134.6,129.49,130.86
20-01-2016,134.78,135.16,126.31,129.25
19-01-2016,132.6,137.3,131.5,136.25
18-01-2016,132.2,134.01,130.34,131.2
15-01-2016,136,136.72,132.02,132.74
14-01-2016,134.59,135.73,132.4,134.84
13-01-2016,136.3,137.97,132.02,136.54
12-01-2016,139.51,139.89,133.68,134.59
11-01-2016,137,140.93,135.25,138.9
08-01-2016,137,139.8,136.67,138.74
07-01-2016,138.58,138.58,135.14,135.77
06-01-2016,142.39,143.38,140.3,140.77
05-01-2016,141.8,142.62,139.68,141.54
04-01-2016,145.98,145.98,140.22,141.15
01-01-2016,145.53,147.1,144.55,146.49
31-12-2015,146.82,147.3,144.68,145.16
30-12-2015,146.76,147.38,146.02,146.85
29-12-2015,146.89,147.19,145.6,146.29
28-12-2015,145.18,147.22,145.04,146.59
24-12-2015,145.23,145.88,144.02,144.87
23-12-2015,143.6,145.2,143.6,144.95
22-12-2015,143.99,145.56,142.4,142.79
21-12-2015,143.4,145.3,143.38,143.77
18-12-2015,143.58,145.49,142.72,143.74
17-12-2015,141.6,144.75,141.14,144.22
16-12-2015,139.4,142.12,138.85,139.71
15-12-2015,137.6,138.84,135.15,138.27
14-12-2015,135.82,137.8,133.6,136.65
11-12-2015,141.8,142.74,134.45,136.12
10-12-2015,143.98,144.36,140.46,141.42
09-12-2015,145,146.98,142.69,143.34
08-12-2015,146.2,147,144.72,145.15
07-12-2015,148.98,149.18,146.5,146.98
04-12-2015,149,150.24,147.71,148
03-12-2015,149,151.78,149,150.41
02-12-2015,152.44,152.74,149.6,150.13
01-12-2015,154,154.4,151.74,152.04
30-11-2015,152.4,154.2,152.4,153.64
27-11-2015,150.2,153.94,149.77,152.54
26-11-2015,149.39,150.8,149.04,149.96
24-11-2015,148,149.64,147.58,148.83
23-11-2015,146.8,148.95,146.42,148.13
20-11-2015,146.67,148.32,145.02,146.24
19-11-2015,145.7,146.98,144.82,146.68
18-11-2015,149.13,150.2,144.04,144.61
17-11-2015,151.28,151.48,147.4,149.13
16-11-2015,147.2,150.6,147.02,150.19
13-11-2015,150.7,151.5,146.7,147.62
11-11-2015,150,152,150,151.26
10-11-2015,151.03,153.3,147.42,147.93
09-11-2015,148.8,153.64,147.06,152.39
06-11-2015,152.44,154.74,150,151.69
05-11-2015,156,156.1,151.82,152.4
04-11-2015,156.8,158,156.04,156.75
03-11-2015,155.08,156.3,153.3,155.86
02-11-2015,151.04,154.7,150.48,154.4
30-10-2015,149.98,153.13,148.8,151.73
29-10-2015,145.98,149.52,141.55,148.72
28-10-2015,148.2,149.69,143.36,145.53
27-10-2015,149.2,151.26,148.4,150.26
26-10-2015,154.8,155.2,148.72,149.24
23-10-2015,154.52,156,152.8,154.23
21-10-2015,154,155.08,151.4,153.06
20-10-2015,154.18,155.74,152.27,154.02
19-10-2015,154.57,155.19,153.22,154.09
16-10-2015,152,154.94,150.45,154.64
15-10-2015,148.4,152.22,148.4,151.83
14-10-2015,146.6,148.52,146,147.74
13-10-2015,145.18,147.22,144.8,146.76
12-10-2015,145.86,147.3,144.12,144.75
09-10-2015,146.66,148.38,144.02,145.13
08-10-2015,146.6,147.1,144.09,145.47
07-10-2015,148.62,149.13,146.72,147.15
06-10-2015,150.48,151.32,147.38,148.62
05-10-2015,146.55,150.6,146.55,150.05
01-10-2015,147.8,147.88,143,145.72
30-09-2015,148.86,150.87,144.66,145.94
29-09-2015,144.02,149.8,140.55,147.72
28-09-2015,144,148.3,144,145.98
24-09-2015,147.54,148.7,143.72,144.18
23-09-2015,144.6,148.78,142.85,147.65
22-09-2015,154.4,154.76,144.6,146.65
21-09-2015,151.93,154.56,151.18,153.44
18-09-2015,154.6,155.8,152.72,154.33
16-09-2015,147,152.08,147,151.69
15-09-2015,146.54,148.25,145.07,145.8
14-09-2015,142,146.82,141.26,146.33
11-09-2015,143.94,145.27,140.87,142.19
10-09-2015,139,143.94,138.2,142.6
09-09-2015,143.55,144.78,142,143.31
08-09-2015,131.28,140.18,130.64,139.37
07-09-2015,129.8,131.25,128.22,130.14
04-09-2015,133,133.6,127,129.44
03-09-2015,133.2,135.28,132.16,134.34
02-09-2015,135,135.44,130.46,131.85
01-09-2015,135.98,135.98,130.56,133.28
31-08-2015,135.39,138.85,134.2,137.89
28-08-2015,139.97,140.36,131.76,135.34
27-08-2015,140.94,141,133.72,137.52
26-08-2015,136.14,139,132.56,136.33
25-08-2015,129.6,136.99,127.5,136.14
24-08-2015,132.6,132.6,119,125.94
21-08-2015,141.79,141.8,135.86,138.43
20-08-2015,154.8,155.16,140.66,144.01
19-08-2015,157.6,157.92,154.31,154.85
18-08-2015,158.99,160,156.35,157.2
17-08-2015,159.39,160.5,156.68,158.12
14-08-2015,153.2,159.76,153,159.36
13-08-2015,156,157,151.44,152.43
12-08-2015,158.96,159,153.34,154
11-08-2015,164,164.6,159.4,159.73
10-08-2015,164.8,166.86,162.42,163.35
07-08-2015,165.6,165.94,163.87,164.29
06-08-2015,166.6,167.28,165,165.52
05-08-2015,168.8,169.29,165.84,166.12
04-08-2015,166.3,168.7,165.01,168.33
03-08-2015,166.99,168.18,164.85,166.65
31-07-2015,163.58,168.16,162.82,165.79
30-07-2015,164.4,165.18,161.76,162.5
29-07-2015,160.38,164.2,159.2,163.22
28-07-2015,157.59,159.99,156.82,158.99
27-07-2015,161.6,161.87,156.45,157.06
24-07-2015,164.2,165.5,161.2,161.63
23-07-2015,164.4,166.4,163.01,164.07
22-07-2015,161.4,164.98,160.22,164.62
21-07-2015,164,164.51,161.01,161.53
20-07-2015,165.18,165.4,162.8,163.59
17-07-2015,164.2,167.2,162.4,164.91
16-07-2015,161.6,167.14,160.96,166.07
15-07-2015,162.34,163,160.2,160.86
14-07-2015,163,164.38,161.2,162.4
13-07-2015,163,164.02,157.6,162.9
10-07-2015,161.59,162.87,160.8,161.97
09-07-2015,161.8,164,159,159.96
08-07-2015,170,170.53,158.44,159.5
07-07-2015,174,175.58,171.25,172.4
06-07-2015,171.94,174.14,171,173.91
03-07-2015,173.96,174.91,172.44,174.27
02-07-2015,173.6,175.6,173.4,173.94
01-07-2015,168.78,174.3,168.33,173.41
30-06-2015,167.8,169.2,166.81,168.77
29-06-2015,166.6,168,164.8,167.51
26-06-2015,170.4,171.12,167.92,170.15
25-06-2015,171.48,173,169.6,171.73
24-06-2015,172.2,174.76,170.5,172.01
23-06-2015,172.18,173.96,171.16,173.28
22-06-2015,167.16,172.8,167.02,171.88
19-06-2015,165.2,166.95,164.4,165.98
18-06-2015,162.1,165.68,161.43,164.93
17-06-2015,164,164.74,162.32,163.42
16-06-2015,160.8,163.8,159.22,163.1
15-06-2015,162.38,163,159.61,160.71
12-06-2015,159.78,162.17,158.8,161.09
11-06-2015,168,168.69,160.4,160.92
10-06-2015,164.6,167.28,164.6,166.69
09-06-2015,164.58,167.1,163.64,164.64
08-06-2015,166,166.1,163.11,164.52
05-06-2015,165.4,168.2,163.63,164.68
04-06-2015,167,167.18,164.05,165.43
03-06-2015,168.6,168.74,165,165.88
02-06-2015,176.59,176.61,168.27,169.14
01-06-2015,176.98,179.5,175.62,175.91
29-05-2015,172.14,176.87,172.14,176.46
28-05-2015,174.34,175.18,171.22,171.81
27-05-2015,169.6,174.8,169.6,174.18
26-05-2015,171.24,172.9,169.05,172.15
25-05-2015,173.4,173.65,170.11,170.54
22-05-2015,172.76,174.5,172.24,173.37
21-05-2015,173.99,174.2,170.58,172.16
20-05-2015,173.34,175.8,173.2,174.96
19-05-2015,172.8,175.55,171.6,172.81
18-05-2015,170.74,173.76,170.41,172.91
15-05-2015,168.88,172.86,168.32,169.91
14-05-2015,167.88,169,165.28,167.76
13-05-2015,165.2,169.95,165.12,168.15
12-05-2015,168.7,168.7,163.8,164.53
11-05-2015,166.4,169.68,165.4,168.87
08-05-2015,161.3,165.9,160.69,165.22
07-05-2015,163.96,163.96,157.64,159.68
06-05-2015,170,170.8,163.4,164.21
05-05-2015,170.4,173.11,169.84,171.49
04-05-2015,169.4,171.84,168,170.78
30-04-2015,166.32,169.76,165.39,167.89
29-04-2015,164.8,168.98,164,166.91
28-04-2015,161.76,166.36,161.1,165.29
27-04-2015,165.56,166.04,160.77,162.22
24-04-2015,170.8,170.94,164.1,164.79
23-04-2015,161,171,160.98,170.26
22-04-2015,158,160.32,155.24,159.21
21-04-2015,156.53,160.6,154.36,156.75
20-04-2015,162.58,163.14,155.01,157.58
17-04-2015,170.07,170.07,161.24,161.88
16-04-2015,169.73,170.92,167.08,170.16
15-04-2015,168.86,172.8,167.2,169.13
13-04-2015,168.78,169.36,167.13,168.34
10-04-2015,169.29,170.08,167.61,168.52
09-04-2015,165.2,168.76,164.37,168.34
08-04-2015,168.76,168.76,163.8,164.12
07-04-2015,170.5,170.5,167.09,168.16
06-04-2015,170.01,171.56,168.2,169.18
01-04-2015,162.44,170.2,161.62,169.55
31-03-2015,165.54,166.78,162.16,163.15
30-03-2015,163.87,165.54,163,164.59
27-03-2015,162.56,164.4,156.64,163.2
26-03-2015,160.2,164.6,158.41,161.27
25-03-2015,164.6,165.4,160.8,161.3
24-03-2015,165.74,167.2,162.44,164.53
23-03-2015,167.28,167.8,164.72,165.84
20-03-2015,165.79,168.4,163.31,166.41
19-03-2015,172.6,174.12,165.07,166.8
18-03-2015,167.4,171.78,165.76,171.14
17-03-2015,164.3,167.76,163.3,166.64
16-03-2015,161.4,163.98,159.5,162.77
13-03-2015,166.25,166.58,159.5,160.67
12-03-2015,165.8,166.7,163.92,164.64
11-03-2015,165.6,166.66,163.28,164.58
10-03-2015,165.19,169.2,163.39,165.52
09-03-2015,169,169.76,164.25,164.83
05-03-2015,171,172.98,168.5,171.34
04-03-2015,181.21,181.79,169.96,171.33
03-03-2015,176.98,177,173,175.73
02-03-2015,175,177.7,173.01,176.5
27-02-2015,157.98,164.9,157.22,164.16
26-02-2015,159,160.23,156.02,156.72
25-02-2015,160.6,162.13,158.6,158.97
24-02-2015,162.4,162.4,159,160.07
23-02-2015,168.2,168.36,161.35,162.2
20-02-2015,162.78,166.4,160.8,165.01
19-02-2015,164.7,165.44,160.52,162.67
18-02-2015,163.2,164.97,161.23,163.93
16-02-2015,167.9,167.91,162.42,163.13
13-02-2015,168.4,169,166.25,167.01
12-02-2015,164.84,168.24,163.05,167.82
11-02-2015,164,167,164,165.31
10-02-2015,157.94,165.96,146.8,163.56
09-02-2015,161,161.5,158.2,159.31
06-02-2015,162,163.98,159.62,162.16
05-02-2015,160.16,165.4,158.8,161.57
04-02-2015,162.2,164.38,158.32,160.47
03-02-2015,167.98,168.14,160.2,161.43
02-02-2015,171.79,171.79,163.81,166.44
30-01-2015,175.6,177.19,171.4,172.49
29-01-2015,175.81,177.58,174.4,174.85
28-01-2015,176.24,179,174.87,176.76
27-01-2015,176,177,172.44,176.57
23-01-2015,172.88,176.35,171.5,175.24
22-01-2015,171.8,172.58,168.28,170.4
21-01-2015,172.2,176,169.7,171.04
20-01-2015,165.4,172.59,165.4,171.67
19-01-2015,161.99,165.45,161.26,164.99
16-01-2015,162.7,163.74,160,160.53
15-01-2015,163.6,165,161.4,162.64
14-01-2015,157.59,158.6,155.04,157.34
13-01-2015,157.1,159.75,155.2,156.35
12-01-2015,153.2,156.2,151.7,155.57
09-01-2015,156,156.46,150.27,152.77
08-01-2015,154,154.9,152.2,153.83
07-01-2015,154,155.2,150.85,151.47
06-01-2015,157.71,157.76,153.67,154.33
05-01-2015,159.3,160.98,157.96,158.78
02-01-2015,154.6,159.16,154.2,158.44
01-01-2015,153.8,154.93,153.21,154.51
31-12-2014,153.52,155,152.36,154.41
30-12-2014,148.8,153.89,147.27,153.52
29-12-2014,149.2,149.75,147.28,148.49
26-12-2014,149.23,149.66,147.34,148.2
24-12-2014,147.52,149.78,146.5,149.01
23-12-2014,149.69,149.9,146.2,147.09
22-12-2014,145.2,148.96,144.02,148.25
19-12-2014,146.01,147.3,144.22,145.69
18-12-2014,140,144.9,139.93,143.95
17-12-2014,136.8,140,134,137.28
16-12-2014,140.4,140.86,136.04,138.19
15-12-2014,138.38,143.7,138.05,141.71
12-12-2014,141.54,142.72,139.1,139.78
11-12-2014,143,144.26,140.41,140.96
10-12-2014,142.6,145.76,142.6,143.45
09-12-2014,146.38,147.76,142.62,143.36
08-12-2014,150.24,150.4,146.71,147.15
05-12-2014,151.65,153.35,149.28,150.12
04-12-2014,148.8,152.5,146.44,151.92
03-12-2014,143.6,150,143.6,148.26
02-12-2014,141.81,143.96,139.78,143.58
01-12-2014,142.06,143.9,142,142.93
28-11-2014,139.04,143.98,139.04,141.99
27-11-2014,136.4,139,135.21,138.65
26-11-2014,134.33,137.8,134.22,136.71
25-11-2014,140.19,140.2,134.98,135.66
24-11-2014,141.5,141.52,138.8,139.73
21-11-2014,138.4,141.1,137.6,140.6
20-11-2014,136.42,136.71,134,135.09
19-11-2014,138.6,139.3,135.56,136.21
18-11-2014,137.98,139.88,136.8,138.71
17-11-2014,137.8,139.4,137.1,137.91
14-11-2014,138.78,140.06,137.52,137.89
13-11-2014,141,142.48,138.02,138.69
12-11-2014,135.8,140.94,135.62,140.13
11-11-2014,135,135.8,133.85,135.32
10-11-2014,135.6,136.31,133.64,134.93
07-11-2014,134.98,136.18,133.01,135.23
05-11-2014,136.18,137.8,133.43,133.97
03-11-2014,137.08,137.09,135.1,135.67
31-10-2014,133.6,137.84,133.2,136.9
30-10-2014,128.19,132.94,127.2,132.52
29-10-2014,128.66,129,127.05,127.66
28-10-2014,128.8,129.37,126.54,128.26
27-10-2014,124.4,129.16,123.8,128.79
23-10-2014,124.94,125.17,123.87,124.19
22-10-2014,125.8,126.2,123.13,124.24
21-10-2014,123,125,122.43,124.73
20-10-2014,122.8,123.6,121.23,122.77
17-10-2014,117.02,120,117.02,119.66
16-10-2014,116.28,120.15,115.73,117.72
14-10-2014,117.4,119.38,116.69,117.46
13-10-2014,113.47,117.74,113.2,117.09
10-10-2014,114.4,115.54,112.25,114.61
09-10-2014,111.44,116.13,111.44,115.69
08-10-2014,109.12,111.59,109.02,110.79
07-10-2014,110.5,112.96,109.19,110.22
01-10-2014,112.38,112.72,110.51,111.49
30-09-2014,112.7,114.4,110.77,111.77
29-09-2014,114.8,115.16,112.31,113.69
26-09-2014,107.7,115.55,107.19,114.71
25-09-2014,113,113.58,108.34,108.78
24-09-2014,115.44,116.48,112.52,113.69
23-09-2014,118.4,119.43,116.1,116.61
22-09-2014,116.98,118.8,116.6,118.44
19-09-2014,119.2,119.74,116.12,116.48
18-09-2014,116.25,119.6,115.39,118.96
17-09-2014,116,118.6,114.26,117.4
16-09-2014,117.95,119.36,114.82,115.2
15-09-2014,124.84,124.84,119.58,120.05
12-09-2014,125.24,126.94,124.6,126.6
11-09-2014,124.6,125.85,124.51,125.1
10-09-2014,124,124.58,122.38,124.09
09-09-2014,124.2,125.7,123,125.16
08-09-2014,122.99,124.4,121.93,124.18
05-09-2014,123.8,124.92,121.31,122.33
04-09-2014,125.2,125.28,122.82,123.83
03-09-2014,122.24,125.68,122,124.87
02-09-2014,119.6,122.49,119.54,121.72
01-09-2014,114.88,119.49,114.53,119.28
28-08-2014,115.44,115.54,113.16,114.41
27-08-2014,114.3,115.3,113.26,114.72
26-08-2014,113,114.88,111.36,113.54
25-08-2014,117.2,118.67,114.65,115.27
22-08-2014,115.3,117.6,115.3,116.78
21-08-2014,115.8,117.88,114.63,114.99
20-08-2014,116.38,116.93,114.75,116.53
19-08-2014,112.76,116.35,112.57,115.85
18-08-2014,107.45,112,107.45,111.88
14-08-2014,108.63,109.23,107.28,108.17
13-08-2014,108.6,109.6,107.82,109.04
12-08-2014,107.3,109.6,106.93,109.09
11-08-2014,105,107.09,104.66,106.79
08-08-2014,104.8,105.38,103.21,104.26
07-08-2014,107,107.96,106.05,106.44
06-08-2014,108,109.04,107.2,107.53
05-08-2014,108.8,109.4,107.4,108.94
04-08-2014,107.8,108.96,107,108.49
01-08-2014,107.14,109.6,106.03,107.26
31-07-2014,107.46,109.5,107.46,108.22
30-07-2014,107.4,108.8,106.26,108.38
28-07-2014,108,109.2,106.5,107.33
25-07-2014,108.62,110.25,106.69,107.82
24-07-2014,107.7,109.96,106.96,108.98
23-07-2014,109.95,110.9,105.51,107.31
22-07-2014,112.04,112.39,108.2,109.19
21-07-2014,111.6,112.7,110.62,111.64
18-07-2014,109.2,111.38,107.5,110.72
17-07-2014,107.34,110.36,107.29,109.53
16-07-2014,107.51,108.8,105.9,108.43
15-07-2014,105.55,106.69,103.26,106.54
14-07-2014,102,105.6,100.44,104.76
11-07-2014,105.77,107.15,101.6,102.09
10-07-2014,102.8,109.25,100.8,105.77
09-07-2014,105.68,106.96,101.94,102.63
08-07-2014,108.21,109.45,104.5,105.19
07-07-2014,111.62,112.17,108.05,108.44
04-07-2014,111.85,112.98,110.01,111.46
03-07-2014,114.4,114.72,111.86,112.58
02-07-2014,112.2,114.1,112.05,113.78
01-07-2014,108.74,111.68,108.44,111.25
30-06-2014,106.4,109.1,106.4,108.21
27-06-2014,106.2,107.54,105.12,106.58
26-06-2014,108.4,109.48,106.75,107.06
25-06-2014,111.4,111.8,108.04,108.41
24-06-2014,110.6,112.08,110.42,111.72
23-06-2014,109.2,110.5,107.6,110.05
20-06-2014,107.41,109.18,107.41,108.54
19-06-2014,108,109.68,107.06,107.65
18-06-2014,109.7,111.84,107.6,108.52
17-06-2014,106.33,111.11,106.04,110.71
16-06-2014,104.98,108,101.5,107.44
13-06-2014,109.82,110.48,104.82,105.6
12-06-2014,111.4,111.76,107.89,109
11-06-2014,113.18,113.9,109.45,110.63
10-06-2014,113.6,114.28,110.42,113.41
09-06-2014,117,117,113.43,113.91
06-06-2014,115.79,117.09,115,115.99
05-06-2014,116.5,117.6,113.84,114.86
04-06-2014,115.62,117,115.02,116.27
03-06-2014,115.92,117.4,113.6,116.09
02-06-2014,114.58,115.71,112.06,115.13
30-05-2014,112.43,115.3,111.08,113.88
29-05-2014,111.48,112.52,107.4,109.63
28-05-2014,109.59,113.38,109.3,112.48
27-05-2014,109.18,111.19,106,109.46
26-05-2014,114,116.74,108.91,110.29
23-05-2014,112.56,113,110.36,112.67
22-05-2014,107.4,112.32,107.4,111.57
21-05-2014,109.95,110.73,105.45,106.98
20-05-2014,114.4,114.56,108.77,109.26
19-05-2014,110.94,114.38,110.02,113.15
16-05-2014,107.96,119.8,106.29,109.11
15-05-2014,104.98,106.98,103.51,104.75
14-05-2014,104.6,106.18,103.2,104.46
13-05-2014,100.6,107.18,99.93,103.84
12-05-2014,97.6,100.5,97.42,98.76
09-05-2014,87.8,99.7,87.8,96.91
08-05-2014,87.6,88.89,87.4,88.64
07-05-2014,89.17,89.56,86.7,87.09
06-05-2014,88.4,89.78,88.37,89.17
05-05-2014,88.21,89.47,87.13,87.7
02-05-2014,88.9,90.1,88.04,88.8
30-04-2014,90.04,90.9,85.75,88.15
29-04-2014,93,93.52,89.4,89.87
28-04-2014,93.7,94.96,91.3,92.65
25-04-2014,88.79,94,88.38,93.68
23-04-2014,87.74,89.14,87.1,88.27
22-04-2014,87.89,88.7,86.52,86.87
21-04-2014,83.8,88.16,83.7,87.28
17-04-2014,82,83.65,81.82,83.42
16-04-2014,83.22,85,80.8,81.51
15-04-2014,87.25,89,82.67,83.96
11-04-2014,87.99,90.11,87.6,88.64
10-04-2014,89.94,91.14,88.82,89.36
09-04-2014,85.99,89.99,85.65,89.46
07-04-2014,84.6,86.22,83.8,85.78
04-04-2014,82.4,85,81.64,84.63
03-04-2014,84.27,84.4,81.64,82.42
02-04-2014,83,84.58,81.95,84.13
01-04-2014,83.68,83.8,81.04,82.07
31-03-2014,81.6,83.35,80.74,82.79
28-03-2014,79.78,81.54,79.66,80.98
27-03-2014,80.5,80.94,77.5,78.81
26-03-2014,76.6,80.6,76.44,80.35
25-03-2014,76,76.78,75.32,75.91
24-03-2014,73,76.16,72.95,75.84
21-03-2014,72.12,73.25,71.32,72.07
20-03-2014,73.18,73.18,72,72.41
19-03-2014,73.45,74.2,72.26,73.08
18-03-2014,71.9,73.47,71.82,72.74
14-03-2014,71.16,71.56,70.06,71.17
13-03-2014,73.62,75.6,71.22,72.27
12-03-2014,74,74.66,72.18,72.95
11-03-2014,76.58,77.48,73.28,74.25
10-03-2014,74.4,77.9,74,76.38
07-03-2014,69.48,75.78,69.4,75.18
06-03-2014,66.8,69.48,66.22,69.16
05-03-2014,64.94,67,63.93,66.29
04-03-2014,60.87,64.56,60.72,64.09
03-03-2014,60.47,62.49,60.31,60.55
28-02-2014,61.06,61.3,60.44,60.99
26-02-2014,60.44,61.18,60.3,60.5
25-02-2014,61.24,61.38,60.31,60.45
24-02-2014,61.2,61.3,60.24,60.78
21-02-2014,60.41,61.5,60.41,61.24
20-02-2014,60.9,61.28,60.26,60.38
19-02-2014,61.98,62.1,61,61.39
18-02-2014,61.2,62.2,60.76,61.54
17-02-2014,60.48,61.4,59.41,61.03
14-02-2014,59.8,60.4,58.83,60.13
13-02-2014,61,61.1,58.82,58.97
12-02-2014,61.8,62.39,60.42,60.62
11-02-2014,61.53,62.16,61.02,61.26
10-02-2014,62.02,62.69,61.13,61.56
07-02-2014,61.6,62.05,61,61.78
06-02-2014,60.84,62.05,60.31,61
05-02-2014,60.21,61.09,59.61,60.61
04-02-2014,59.02,61.16,58.28,60.68
03-02-2014,61.4,61.41,59.75,59.89
31-01-2014,61.62,62.36,60.82,61.53
30-01-2014,63,63.2,60.65,61.27
29-01-2014,65.64,66.34,63.6,64.16
28-01-2014,64.4,65.98,62.89,64.98
27-01-2014,68,68.18,64,64.33
24-01-2014,70.84,71.55,69.03,69.61
23-01-2014,72.19,72.45,71.1,71.5
22-01-2014,72.8,72.96,71.73,72.29
21-01-2014,72.06,73.27,72.06,72.64
20-01-2014,69.83,72.11,69.83,71.88
17-01-2014,70.6,71.52,69.88,70.23
16-01-2014,71.2,72,70.42,71.31
15-01-2014,70.18,71.36,68.46,70.61
14-01-2014,68.2,69.52,68.04,69.32
13-01-2014,68.6,69.75,67,67.75
10-01-2014,70.4,71.4,68.35,68.6
09-01-2014,71.14,71.14,69.6,70.03
08-01-2014,73.25,73.5,70.71,71.28
07-01-2014,73.2,73.78,71.86,73.03
06-01-2014,74.06,74.13,72.42,73.28
03-01-2014,71.6,74.29,71.6,73.96
02-01-2014,75,76.36,72.04,72.43
01-01-2014,74.6,75.16,74.22,74.89
31-12-2013,73.8,74.31,73.27,74.04
30-12-2013,74.8,75.47,73.5,73.7
27-12-2013,74.86,75.35,74.4,74.76
26-12-2013,75.48,75.99,73.93,74.24
24-12-2013,75.91,76.68,74.91,75.17
23-12-2013,74.3,76.27,74.3,75.91
20-12-2013,72.8,74.36,72.17,74.09
19-12-2013,75.6,75.94,72.68,72.9
18-12-2013,72.21,75.75,72.21,75.1
17-12-2013,73.98,74.04,72.17,72.75
16-12-2013,72.54,73.94,71.54,72.52
13-12-2013,74.9,75.1,72.9,73.12
12-12-2013,76.8,77,75.5,76.1
11-12-2013,75.92,77.74,75.15,77.3
10-12-2013,78.8,78.95,76,76.67
09-12-2013,82.4,82.98,78.46,79.01
06-12-2013,79,79.22,77.43,78.38
05-12-2013,76.2,79.75,76,79.01
04-12-2013,73.98,74.69,73.55,74.1
03-12-2013,74.4,74.9,73.7,74.31
02-12-2013,74.34,75.6,74.34,75.12
29-11-2013,72.36,74.66,72.36,73.73
28-11-2013,72.2,73.16,71.8,72.84
27-11-2013,72.4,72.8,70.43,71.19
26-11-2013,70.6,73.25,69.55,72.41
25-11-2013,69.87,70.48,68.64,70.17
22-11-2013,71.97,72.28,68.42,68.85
21-11-2013,71.99,72.41,70.31,70.88
20-11-2013,72.4,74.56,71.42,73.09
19-11-2013,72.73,73.36,72.11,72.72
18-11-2013,71.74,72.93,71.42,72.56
14-11-2013,68.2,70.72,68.04,70.25
13-11-2013,65.01,67.1,64.73,66.32
12-11-2013,66.97,68.5,65.16,65.79
11-11-2013,70.25,70.58,66.35,66.69
08-11-2013,72.53,73.08,70.48,70.85
07-11-2013,74.2,74.99,71.91,72.15
06-11-2013,74.94,75.48,72.82,73.68
05-11-2013,75.69,76.6,73.62,75.17
01-11-2013,73.8,77.25,73.3,75.62
31-10-2013,74,74.59,73.08,73.76
30-10-2013,74.96,75.96,73.64,74.47
29-10-2013,69.4,74.62,68.23,74.28
28-10-2013,71.52,72.3,69.08,69.48
25-10-2013,72.16,72.45,70.89,71.1
24-10-2013,75.1,75.99,72.14,72.54
23-10-2013,75.33,76.38,73.11,74.8
22-10-2013,72.05,74.98,69.8,74.4
21-10-2013,69.86,72.14,69.65,71.73
18-10-2013,67.38,69.59,67.3,69.26
17-10-2013,66.92,68.18,65.27,67.16
15-10-2013,70.6,70.71,65.8,66.22
14-10-2013,69.76,70.96,69.2,69.73
11-10-2013,70.02,70.4,68.5,69.51
10-10-2013,68,68.98,67.23,68.45
09-10-2013,63.85,68.49,63.85,68.15
08-10-2013,67.8,69,65.41,65.79
07-10-2013,63,63.54,61.27,63.11
04-10-2013,61.2,63.78,60.92,63.07
03-10-2013,59.4,62.57,59.2,62.13
01-10-2013,57.8,59.72,56.08,58.98
30-09-2013,59.8,59.8,57.23,57.47
27-09-2013,63.56,64,60.4,60.92
26-09-2013,63.2,64.45,62.2,63.16
25-09-2013,64.4,64.91,61.26,62.82
24-09-2013,64.25,67.1,63.3,63.78
23-09-2013,69.36,72.17,64.71,65.46
20-09-2013,78,78,67,71.21
19-09-2013,69.48,78.94,69.48,77.34
18-09-2013,61,63.88,60.54,63.17
17-09-2013,58.45,60.8,58.02,60.18
16-09-2013,59.02,60,56.72,58.34
13-09-2013,55.8,57.55,54.84,56.24
12-09-2013,61.14,61.38,55.26,56.24
11-09-2013,60.59,61.2,58.76,60.75
10-09-2013,60,62.79,60,61.38
06-09-2013,58.94,59.26,56.02,58.59
05-09-2013,50,58.68,50,57.5
04-09-2013,46,48.5,44.6,47.21
03-09-2013,51.04,51.24,45.22,45.82
02-09-2013,49.3,51.18,49.2,50.59
30-08-2013,46.92,49.7,46.2,48.67
29-08-2013,46.6,47.34,44.7,46.5
28-08-2013,45.55,46.46,43.22,45.17
27-08-2013,50.83,50.98,46.68,47.16
26-08-2013,52.68,53.48,50.7,52.24
23-08-2013,49.1,52.58,48.56,51.85
22-08-2013,50.12,50.6,46.74,48.5
21-08-2013,53.41,56.9,49.22,51.01
20-08-2013,46.4,49.52,44.03,48.56
19-08-2013,51,51.04,47.02,48.3
16-08-2013,57.8,57.8,50.52,51.66
14-08-2013,62.82,63,57.68,58.29
13-08-2013,59.7,63.68,59.42,61.94
12-08-2013,56.88,61.51,55.1,60.24
08-08-2013,58.38,58.74,56,56.61
07-08-2013,54.8,59.93,53.71,58.72
06-08-2013,58.8,59.2,54.1,55.03
05-08-2013,61.71,62.41,58,59.92
02-08-2013,66,66.98,61,61.74
01-08-2013,66,67.86,60.81,65.53
31-07-2013,69.6,69.6,57,64.8
30-07-2013,72.68,74.96,69.31,69.74
29-07-2013,73.6,74.25,71.42,72.69
26-07-2013,75.98,76.43,68.44,73.42
25-07-2013,76,78.49,73.9,74.74
24-07-2013,84,84.6,74.76,76.67
23-07-2013,86.48,88.58,85.65,87.73
22-07-2013,85.18,86.57,84.4,84.78
19-07-2013,88.6,89.39,84.6,84.92
18-07-2013,85.6,88.38,84.44,88.09
17-07-2013,91,91.18,83.32,85.37
16-07-2013,95.05,96,89,90.19
15-07-2013,98.59,100.4,97,100.07
12-07-2013,98.4,98.54,96.42,98.09
11-07-2013,96.6,98.88,96.4,97.31
10-07-2013,96.18,96.88,94.6,95.24
09-07-2013,93.4,96.72,93.4,95.73
08-07-2013,92.8,93.93,90.67,93.36
05-07-2013,94.74,95.6,92.6,93.06
04-07-2013,93.74,95.3,92.31,94.04
03-07-2013,92.42,94.14,91.23,92.67
02-07-2013,93.45,94.8,92.68,93.69
01-07-2013,92.64,94.38,92.24,94.03
28-06-2013,90,92.8,88.25,92.22
27-06-2013,91.2,92.5,87.4,88.66
26-06-2013,90.16,91.87,89.15,89.69
25-06-2013,88.61,90.8,87.15,89.53
24-06-2013,89.73,90.09,87.7,88.18
21-06-2013,91.58,92.49,89.11,90.55
20-06-2013,94,94,91.62,91.9
19-06-2013,95.34,95.89,94.12,95.64
18-06-2013,96.56,96.6,94.56,95.03
17-06-2013,96.02,97.94,94,96.79
14-06-2013,92.66,96.13,92.65,95.73
13-06-2013,93,93.94,91.03,91.35
12-06-2013,94,94.8,92.24,93.75
11-06-2013,97.32,97.61,93.28,94.39
10-06-2013,99.59,100.6,97.47,98.1
07-06-2013,101.2,102.98,100.1,100.52
06-06-2013,99.6,101.97,98.47,101.52
05-06-2013,97.9,100.6,97.9,99.94
04-06-2013,100.59,101.75,97.89,98.46
03-06-2013,97.51,100.79,97.3,100.54
31-05-2013,100.2,100.49,97.2,97.46
30-05-2013,100.01,101.48,99.61,100
29-05-2013,103.01,103.33,100.1,100.58
28-05-2013,103.8,104.5,102.6,103.09
27-05-2013,101,104.1,100.8,103.73
24-05-2013,100.8,101.8,99.17,101
23-05-2013,100.9,100.98,98.8,99.34
22-05-2013,104,104.53,100.97,101.97
21-05-2013,105.9,106.38,102.73,103.05
20-05-2013,108.6,109.4,105.62,105.98
17-05-2013,108.8,109.54,107.51,108.55
16-05-2013,106,109.4,106,108.51
15-05-2013,101.61,106.24,101.61,105.57
14-05-2013,100.57,102.09,99.6,101.53
13-05-2013,102.2,102.8,100.23,100.57
10-05-2013,100.2,102.35,99.9,102
09-05-2013,101.38,102.38,100.26,100.57
08-05-2013,101.8,102.51,100.82,101.34
07-05-2013,99.4,102.2,99.01,101.65
06-05-2013,99.4,99.6,97.4,99.28
03-05-2013,100.92,101.71,99.1,99.5
02-05-2013,100.4,102.2,100.13,100.92
30-04-2013,101.2,101.8,98.84,100.33
29-04-2013,99.55,101.54,98.35,100.99
26-04-2013,100.19,100.48,98.93,99.55
25-04-2013,99.24,101.66,98.7,100.76
23-04-2013,99.38,99.49,96.82,99.04
22-04-2013,98.6,99.8,97.57,98.87
18-04-2013,96.54,98.6,94.9,98.25
17-04-2013,94.83,97.6,93.64,95.88
16-04-2013,91.8,94.12,91.8,93.78
15-04-2013,89,92.66,88.62,91.58
12-04-2013,87.4,88.94,86.67,88.51
11-04-2013,86.8,87.7,85.5,87.37
10-04-2013,85.4,85.98,83.35,85.69
09-04-2013,85.8,87.36,84.71,84.91
08-04-2013,85.4,86.09,84.71,85.07
05-04-2013,85.4,86.9,84.64,85.13
04-04-2013,86.5,87.37,85,85.37
03-04-2013,89.8,91.94,86.7,87.09
02-04-2013,85.66,90.18,85.66,89.91
01-04-2013,85.8,86.8,84.4,86.46
28-03-2013,88.8,88.8,83.37,85.78
26-03-2013,86.8,87.23,84.54,85.06
25-03-2013,89,89.6,86.34,87.03
22-03-2013,86.6,88.91,86.2,88.1
21-03-2013,86.4,89.2,85.52,86.42
20-03-2013,87.76,88.72,85.71,86.24
19-03-2013,92.8,93,87,87.76
18-03-2013,94,94.65,91.67,91.88
15-03-2013,97,98.2,94.52,94.74
14-03-2013,96.47,97.68,94.2,96.95
13-03-2013,98,98.21,96.12,96.48
12-03-2013,99.11,100.11,97.62,98.4
11-03-2013,97.2,99.6,97.2,98.75
08-03-2013,97.36,98.1,96.04,97.17
07-03-2013,96.14,97.29,95.5,97.01
06-03-2013,97.6,97.6,95.91,96.35
05-03-2013,95.34,96.58,93.8,96.01
04-03-2013,96,96,93.64,94.99
01-03-2013,95,96.78,94.2,94.6
28-02-2013,99.01,99.48,93.44,94.4
27-02-2013,94.5,98.68,94.5,98.11
26-02-2013,95.6,96,93.7,94.43
25-02-2013,98.6,98.6,95.42,95.86
22-02-2013,97.1,98.74,95.12,98.02
21-02-2013,101.44,101.44,96.82,97.39
20-02-2013,101.4,102.19,100.76,101.84
19-02-2013,100.3,101.2,99.13,101.01
18-02-2013,100.44,101.67,99.6,100.28
15-02-2013,100.29,100.71,98.37,100.39
14-02-2013,102.41,102.49,99.36,100.29
13-02-2013,105.48,105.48,102.17,102.45
12-02-2013,103.39,104.6,102.94,104.43
11-02-2013,102.4,103.68,101.6,103.34
08-02-2013,101.02,102.77,101.02,101.93
07-02-2013,102.4,103.2,100.66,101.58
06-02-2013,103,103.73,100.62,102.28
05-02-2013,104.8,104.96,102.26,102.78
04-02-2013,106.6,107.78,104.59,104.96
01-02-2013,104.43,107.32,103.82,106.47
31-01-2013,104.01,104.76,103.41,104.43
30-01-2013,102.67,104.49,102.2,104
29-01-2013,105.18,105.2,102.01,102.29
28-01-2013,101.24,105.06,101.2,104.71
25-01-2013,101.59,101.74,98.95,100.85
24-01-2013,102.81,103.2,101.15,101.56
23-01-2013,101.87,103.39,100.3,102.89
22-01-2013,102.2,103.8,99,101.78
21-01-2013,103.6,104.2,102.11,102.34
18-01-2013,104.82,105.35,102.98,103.4
17-01-2013,103.22,105.76,102,104.78
16-01-2013,106.2,109,103.33,103.61
15-01-2013,101.2,106.5,101.2,105.59
14-01-2013,99.8,101.92,99,101.3
11-01-2013,103.3,103.31,99.3,99.68
10-01-2013,101.21,103.36,100.6,103.09
09-01-2013,100,101.98,100,100.84
08-01-2013,99.6,100.2,98.75,99.93
07-01-2013,97.81,100.28,97.81,99.65
04-01-2013,98.4,98.81,97.6,97.81
03-01-2013,97.4,99.39,97.4,98.44
02-01-2013,95.79,97.92,95.77,97.57
01-01-2013,93.35,95.7,93.21,95.4
31-12-2012,92.6,93.93,92.39,92.81
28-12-2012,93.62,93.62,91.86,92.61
27-12-2012,92.52,93.64,92.05,93.25
26-12-2012,92.4,93.4,91.89,92.77
24-12-2012,91.8,92.68,91.45,92.33
21-12-2012,94.54,94.6,91.45,91.86
20-12-2012,94.16,94.98,92.62,94.6
19-12-2012,93.79,94.95,93.4,93.95
18-12-2012,93.31,94.36,91,93.69
17-12-2012,92.12,93.43,92,93.21
14-12-2012,89.69,92.53,89.31,92.12
13-12-2012,91,91.18,89.21,89.61
12-12-2012,91.2,91.76,90.22,90.82
11-12-2012,91.62,93.2,90.42,91.3
10-12-2012,91.2,92.09,91.07,91.51
07-12-2012,94.6,94.6,90.68,91.09
06-12-2012,90.42,94,89.62,93.54
05-12-2012,90.21,90.78,89.53,90.08
04-12-2012,88.5,90.52,88.5,90.13
03-12-2012,88.64,89.8,88.22,89.48
30-11-2012,88.8,89.58,88.04,88.45
29-11-2012,86.9,89.55,86.61,88.67
27-11-2012,84.27,87.1,84.05,86.87
26-11-2012,84,84.68,83.72,83.9
23-11-2012,84.3,84.42,83.26,84.12
22-11-2012,84.53,84.84,83.83,84.17
21-11-2012,84.22,84.97,83.96,84.44
20-11-2012,83.3,84.13,82.93,83.93
19-11-2012,83.15,83.72,82.4,82.88
16-11-2012,83.6,84.64,82.9,83.09
15-11-2012,84.36,84.36,83.27,83.51
13-11-2012,85,100.8,84.01,84.38
12-11-2012,85,85.99,84.8,84.97
09-11-2012,84.13,85.49,84.04,85.03
08-11-2012,82.35,84.15,82.35,83.91
07-11-2012,83.92,84.88,83.52,84.03
06-11-2012,83.6,84.35,83.11,84.16
05-11-2012,84.2,84.7,83.21,83.7
02-11-2012,82.82,84.35,82.82,84.01
01-11-2012,82.32,83.52,82.14,82.51
31-10-2012,81.46,82.43,80.95,82.32
30-10-2012,82,84,81.25,81.49
29-10-2012,83,84.2,82.6,82.97
26-10-2012,82.94,83.59,82.24,82.6
25-10-2012,80.94,83.65,80,83.24
23-10-2012,77.4,80.13,77.01,79.87
22-10-2012,76.44,77.55,75.81,77.41
19-10-2012,77.82,77.91,75.71,76.69
18-10-2012,77.06,78.4,77.06,77.82
17-10-2012,77,77.5,76.53,77.06
16-10-2012,79.4,79.4,76.24,76.54
15-10-2012,78.93,79.38,78.1,78.99
12-10-2012,79.4,80,78.51,78.93
11-10-2012,78.9,79.66,78.53,79.41
10-10-2012,78.8,79.18,77.47,78.64
09-10-2012,77.42,79.28,77.42,78.84
08-10-2012,78.8,79.58,76.9,77.13
05-10-2012,80,80.39,77.33,78.7
04-10-2012,80.19,81.39,79.11,79.68
03-10-2012,78.99,80.5,78.69,80.19
01-10-2012,76,79,76,78.84
28-09-2012,76.38,77.68,75.82,76.41
27-09-2012,75.21,77,74.85,76.19
26-09-2012,74.8,75.29,74.33,74.89
25-09-2012,75.75,76.83,74.43,75.07
24-09-2012,74.2,76.2,73.86,75.4
21-09-2012,72.69,75.17,72.6,74.18
20-09-2012,73.62,74.08,72.45,72.7
18-09-2012,75.4,75.43,73.67,74.13
17-09-2012,71.58,76.16,71.58,75.51
14-09-2012,68.8,71.98,68.62,71.18
13-09-2012,67.58,68.5,66.02,67.81
12-09-2012,66.4,67.5,65.75,67.34
11-09-2012,66.11,66.84,65.79,65.97
10-09-2012,67.51,67.78,66.32,66.62
07-09-2012,66.39,67.48,66.22,67
06-09-2012,65.19,65.74,64.02,65.36
05-09-2012,66.4,66.5,64.56,64.82
04-09-2012,65.8,66.75,65.22,66.6
03-09-2012,66.24,66.74,65.02,65.6
31-08-2012,66.01,66.78,65.2,65.75
30-08-2012,66.2,66.95,65.64,65.99
29-08-2012,67.12,67.46,66.04,66.16
28-08-2012,67.2,67.68,66.21,67.12
27-08-2012,69.59,69.59,67,67.17
24-08-2012,70.74,70.74,68.48,68.9
23-08-2012,72,72,70.16,70.9
22-08-2012,71.56,72.24,70.85,71.45
21-08-2012,72.09,72.34,71.2,71.65
17-08-2012,72.2,73,71.4,71.87
16-08-2012,73.88,73.88,71.66,72
14-08-2012,72.57,73.58,72.14,73.14
13-08-2012,72,72.75,70.42,72.38
10-08-2012,72.18,72.9,71.04,71.31
09-08-2012,73.5,73.98,72.35,72.53
08-08-2012,74,74.37,73.22,73.45
07-08-2012,73.13,74.48,73,74.06
06-08-2012,73.8,74.79,72.95,73.14
03-08-2012,72.6,73.75,71.16,73.56
02-08-2012,73.4,73.4,72.24,72.68
01-08-2012,73.2,73.77,72.4,73.1
31-07-2012,71.97,73.45,71.54,73.04
30-07-2012,70.01,72.24,57,72.02
27-07-2012,70.54,71.83,70.06,70.88
26-07-2012,69.6,70.94,68.4,69.13
25-07-2012,68.43,69.98,67.86,69.21
24-07-2012,68.19,68.79,67.46,68.16
23-07-2012,70.21,70.28,67.8,67.94
20-07-2012,70.88,71.18,69.8,70.79
19-07-2012,70.6,71.3,70.33,70.97
18-07-2012,70,70.6,68.54,70.23
17-07-2012,70.6,70.78,69.71,70.1
16-07-2012,69.62,70.9,69.52,70
13-07-2012,71,71.31,69.6,69.85
12-07-2012,70.5,71,69.75,70.73
11-07-2012,71.78,72.4,70.5,70.67
10-07-2012,71.79,72.7,71.64,71.89
09-07-2012,71.96,72.85,71.2,71.95
06-07-2012,71.5,72.68,70.32,72.23
05-07-2012,69.73,71.74,68.92,71.52
04-07-2012,70.39,70.7,69.49,69.93
03-07-2012,68.88,70.78,68.71,70.13
02-07-2012,68.33,69.17,67.81,68.88
29-06-2012,67.2,68.1,66.88,67.88
28-06-2012,66.2,66.77,64.62,66.32
27-06-2012,68.72,68.96,66.72,66.97
26-06-2012,68,68.78,67.6,68.28
25-06-2012,68.2,69.96,67.42,67.82
22-06-2012,67.58,68.58,67.02,68.05
21-06-2012,66.13,68.8,65.72,68.65
20-06-2012,65,66.96,64.73,66.5
19-06-2012,65.01,65.25,63.62,64.62
18-06-2012,69.19,69.19,64.2,64.98
15-06-2012,66.8,67.27,66.13,66.88
14-06-2012,69.06,69.06,66.12,66.41
13-06-2012,69.9,70.24,68.89,69.22
12-06-2012,68.2,70,67.75,69.62
11-06-2012,69.71,70.6,68,68.56
08-06-2012,67.5,69.4,66.6,69.09
07-06-2012,67.8,68.08,65.91,67.63
06-06-2012,64.81,66.68,64.81,66.31
05-06-2012,65.48,65.68,63.79,64.62
04-06-2012,64,64.69,62.1,64.21
01-06-2012,65.97,66.96,64.22,64.67
31-05-2012,64.2,67.2,64.2,65.97
30-05-2012,67.62,67.62,65.32,65.6
29-05-2012,67.79,68.14,67.12,67.69
28-05-2012,66.19,67.8,66.11,67.62
25-05-2012,65.6,66.39,65.12,66.01
24-05-2012,64.61,65.8,64,65.6
23-05-2012,64,64.65,63.02,64.14
22-05-2012,65.25,65.61,63.86,64.31
21-05-2012,62.61,64.79,62.61,64.48
18-05-2012,60,63,58.8,62.49
17-05-2012,61,62.84,60.2,60.47
16-05-2012,63,63,59.71,60.71
15-05-2012,63,64.28,62.3,63.35
14-05-2012,66.01,66.69,63.1,63.72
11-05-2012,65.68,67.17,64.21,65.9
10-05-2012,64.2,65.72,63.8,65.2
09-05-2012,65.32,66.54,63.03,64.1
08-05-2012,68.02,68.38,65.34,65.83
07-05-2012,66.5,68.3,64.43,67.91
04-05-2012,68,68,66.3,66.74
03-05-2012,69.1,69.56,67.07,67.56
02-05-2012,70.4,70.58,69.45,69.73
30-04-2012,69.4,70.76,69.4,69.94
27-04-2012,71.99,72.18,69.1,69.66
26-04-2012,72.6,72.77,70.91,71.53
25-04-2012,72,74.28,71.85,73.21
24-04-2012,72.16,72.9,71.41,71.88
23-04-2012,72,74.8,71.12,71.76
20-04-2012,73.5,73.96,72.3,72.88
19-04-2012,74,74.4,73.23,73.55
18-04-2012,74.66,75.17,73.73,73.98
17-04-2012,74.4,75.5,72.62,74.24
16-04-2012,72.79,74.29,72.55,73.75
13-04-2012,74.73,75.99,72.7,73.09
12-04-2012,75.4,76,74.02,74.29
11-04-2012,75.4,75.9,74.36,75.16
10-04-2012,74.71,76.14,73.4,75.51
09-04-2012,75.4,75.49,73.36,74.52
04-04-2012,74.65,75.53,73.75,74.71
03-04-2012,75.04,76.18,74.5,74.85
02-04-2012,73.97,75.47,73.66,74.61
30-03-2012,71.15,74,71.15,73.76
29-03-2012,69.2,73.38,68.24,72.42
28-03-2012,70.42,70.95,69.22,70.03
27-03-2012,72.42,72.71,67.1,70.88
26-03-2012,73.4,74,71.03,71.63
23-03-2012,73.76,75.18,73.24,74.41
22-03-2012,74.38,76.56,72.6,73.35
21-03-2012,72.48,75.09,72.48,74.87
20-03-2012,72.3,73.8,71.36,73.19
19-03-2012,74,74,71.43,72.19
16-03-2012,75.39,76.54,72.84,73.53
15-03-2012,76.8,77.54,74,75.04
14-03-2012,75.98,77.74,74.15,77.3
13-03-2012,73.99,73.99,72.6,73.71
12-03-2012,74,74.94,70.87,72.92
09-03-2012,69.56,74.28,68.65,73.25
07-03-2012,68,68.49,66.2,67.56
06-03-2012,67.6,71.3,66.74,68.47
05-03-2012,69.77,69.78,67.33,67.94
02-03-2012,68.14,71.35,68.07,70.09
01-03-2012,68.46,69.24,67.42,68
29-02-2012,70.42,71.17,68,69.09
28-02-2012,65.19,70.2,64.4,69.87
27-02-2012,67.95,67.95,63.42,63.95
24-02-2012,70.58,71.46,67.11,67.95
23-02-2012,68.6,71.26,67.54,70.72
22-02-2012,73.82,74.15,68.81,69.14
21-02-2012,71,74.18,70.2,73.75
17-02-2012,74.6,74.83,72.45,72.82
16-02-2012,73.16,74.48,72,73.45
15-02-2012,75,75,71.9,73.17
14-02-2012,69.82,72,69.55,71.59
13-02-2012,69.43,70.4,68.1,69.85
10-02-2012,68.98,70,67.65,69.56
09-02-2012,66.23,69.6,66,69.2
08-02-2012,67.42,68.08,66,66.69
07-02-2012,69.19,69.51,67.1,67.52
06-02-2012,69.98,70.89,68.35,69.18
03-02-2012,67.48,69.36,66.02,68.95
02-02-2012,67.7,68.3,65.63,67.8
01-02-2012,66.09,67.49,64.88,67.23
31-01-2012,63.32,66.4,63.17,66.09
30-01-2012,64.67,64.91,62.33,62.75
27-01-2012,65.8,66.63,64.02,65.2
25-01-2012,64.38,66.58,63.7,66.06
24-01-2012,61.7,64.7,59.74,63.88
23-01-2012,60,61.88,59.8,61.51
20-01-2012,57.7,59.98,57.5,59.58
19-01-2012,57.09,57.64,56.54,57.46
18-01-2012,57.1,57.2,55.6,56.21
17-01-2012,56.26,57.91,56.26,57.06
16-01-2012,55.46,56.39,54.76,56.06
13-01-2012,56.4,57.14,55.52,56.16
12-01-2012,54.46,56.7,53.7,56.12
11-01-2012,52.75,54.7,52.57,54.46
10-01-2012,50,53.1,50,52.86
09-01-2012,50.4,50.48,48.85,49.8
06-01-2012,49,50.55,48.5,49.96
05-01-2012,48.2,49.82,47.64,49.57
04-01-2012,49.98,51,47.61,48.21
03-01-2012,47.2,49.38,46.6,49.18
02-01-2012,48,48.51,46.1,46.37
30-12-2011,48.2,49.08,47.35,47.76
29-12-2011,48,48.29,47.37,47.86
28-12-2011,50.1,50.29,48.21,48.32
27-12-2011,51,51.1,49.75,50.18
26-12-2011,50.24,51.35,50.24,50.89
23-12-2011,51.6,52.27,50.04,50.4
22-12-2011,50.2,51.8,48.82,51.59
21-12-2011,49.05,50.6,48.56,50.09
20-12-2011,51.19,51.6,48.04,48.52
19-12-2011,51,51.25,49.4,51.01
16-12-2011,54,54.72,50.63,51.3
15-12-2011,55.01,55.01,53.06,53.57
14-12-2011,55.95,56.8,55.23,55.57
13-12-2011,56,56.2,54.68,55.63
12-12-2011,57.6,58.32,56.06,56.54
09-12-2011,56.9,57.56,55.84,57.31
08-12-2011,56.31,59.02,56.31,57.44
07-12-2011,57.8,59.89,57,59.27
05-12-2011,57.4,58.28,57.11,57.77
02-12-2011,55.82,58.26,55.82,58.04
01-12-2011,55.6,57.32,55.31,55.82
30-11-2011,54.8,55.19,54.01,54.44
29-11-2011,56.2,56.46,54.84,55.04
28-11-2011,55.57,56.48,55.41,56.22
25-11-2011,55.54,55.95,54.49,54.82
24-11-2011,53.2,55.8,52.31,55.4
23-11-2011,53.2,53.38,52.03,52.95
22-11-2011,53.2,53.89,52.44,53.32
21-11-2011,54.1,56,52.22,52.62
18-11-2011,53.6,54.59,53.16,54.08
17-11-2011,54.04,55.76,53.13,54.32
16-11-2011,56.81,57,53.69,54.14
15-11-2011,58.6,59.54,56.6,56.94
14-11-2011,60.04,61.2,58.5,58.73
11-11-2011,60.9,61.25,59.26,59.65
09-11-2011,62.31,62.39,61.11,61.38
08-11-2011,63.58,63.7,61.55,61.87
04-11-2011,62.4,63.46,62.4,63.3
03-11-2011,61.24,62.48,60.78,61.99
02-11-2011,61.2,62.38,60.71,61.46
01-11-2011,62.86,63.13,61.22,61.46
31-10-2011,63.1,63.98,62.45,62.86
28-10-2011,62.4,64.77,62.4,63.14
25-10-2011,56.41,61.8,55.83,61.27
24-10-2011,55.6,57.1,55.6,56.33
21-10-2011,57,58.05,55.26,55.56
20-10-2011,57.6,58.6,56.58,56.96
19-10-2011,56.78,58.2,56.4,57.99
18-10-2011,57,57,55.2,55.98
17-10-2011,57,58.2,56.81,57.82
14-10-2011,56.95,57.6,55.76,56.66
13-10-2011,54.8,57.16,54.71,56.84
12-10-2011,52.99,54.57,52.68,54.42
11-10-2011,53.24,54.06,52.2,52.76
10-10-2011,53,53.08,52.1,52.86
07-10-2011,50.94,52.99,50.3,52.59
05-10-2011,51,51.36,48.06,49.21
04-10-2011,52.11,52.88,49.75,50.22
03-10-2011,53.41,53.58,51.9,52.1
30-09-2011,55.39,56.32,54.1,54.51
29-09-2011,54.4,55.98,53.7,55.42
28-09-2011,54.4,55,53.42,54.45
27-09-2011,53.18,54.73,53.06,54.36
26-09-2011,53.64,53.85,51.2,52.46
23-09-2011,54.36,54.36,51.9,53.49
22-09-2011,56.28,56.28,53.8,54.15
21-09-2011,57.9,58.26,56.8,57.04
20-09-2011,56.6,58,56.48,57.9
19-09-2011,55.86,57.05,55.4,56.79
16-09-2011,56,57.1,55.2,56.14
15-09-2011,55.77,56.2,54.4,55.72
14-09-2011,55.11,55.62,53.26,55.31
13-09-2011,55.11,56.58,54.24,54.75
12-09-2011,57.4,58.2,54.42,54.73
09-09-2011,58.9,60.08,58.52,58.78
08-09-2011,58.2,59.6,57.42,59.37
07-09-2011,57.61,58.42,57.29,58.13
06-09-2011,56.34,57.34,54.4,57.21
05-09-2011,55,56.7,54.24,56.54
02-09-2011,56.02,57.14,54.82,55.73
30-08-2011,55.74,56.66,54.8,55.51
29-08-2011,52.61,54.94,52.2,54.25
26-08-2011,53.59,53.8,51.52,51.88
25-08-2011,55.79,55.8,53.02,53.47
24-08-2011,55.5,56.91,54.6,55.28
23-08-2011,53.4,56.2,52.59,55.94
22-08-2011,52.54,53.72,50.4,53.24
19-08-2011,54,55,51.91,52.59
18-08-2011,58,58.26,54.6,54.93
17-08-2011,58.7,60.09,57.55,57.91
16-08-2011,60.11,60.7,59.14,59.43
12-08-2011,61.8,61.82,59.37,59.79
11-08-2011,59.74,61.86,59.74,61.35
10-08-2011,60,60.72,59,60.55
09-08-2011,58.4,60.5,58,58.27
08-08-2011,59.54,61.4,58.45,60.43
05-08-2011,60.1,60.72,58.04,60.29
04-08-2011,61.7,62.8,60.21,60.47
03-08-2011,60,61.6,58.24,61.39
02-08-2011,63.6,63.6,61.62,61.94
01-08-2011,62.41,63.77,62.41,63.26
29-07-2011,61.4,63.19,58.99,62.13
28-07-2011,62,62.98,61.34,62.09
27-07-2011,64.19,64.19,62.27,62.49
26-07-2011,66.59,66.65,63.46,63.73
25-07-2011,65.8,66.9,65.12,66.69
22-07-2011,64.06,65.96,64.06,65.82
21-07-2011,63.8,64.75,62.64,63.57
20-07-2011,65.33,65.66,63.29,63.75
19-07-2011,65.68,65.94,64.52,64.74
18-07-2011,64.9,65.92,64.7,65.73
15-07-2011,65.25,65.98,64.5,64.93
14-07-2011,63.39,66.05,63.31,65.25
13-07-2011,63,64.1,62.84,63.59
12-07-2011,63.58,63.89,62.24,62.95
11-07-2011,64.02,64.7,60.57,64.27
08-07-2011,65.43,65.62,64.04,64.45
07-07-2011,65.2,65.77,64.64,65.36
06-07-2011,64.49,65.86,64.2,65.31
05-07-2011,63.76,65.15,62.8,64.57
04-07-2011,63.67,64.38,63.46,63.77
01-07-2011,63,63.9,62.67,63.67
30-06-2011,63.14,63.56,61.9,62.41
29-06-2011,62.36,63.16,62.2,62.55
28-06-2011,62.8,63.4,61.61,61.85
27-06-2011,59,62.97,59,62.67
24-06-2011,57.48,59.9,57.48,59.73
23-06-2011,57.51,57.89,56.96,57.38
22-06-2011,58.14,58.28,57.22,57.4
21-06-2011,58.54,59,57.22,57.5
20-06-2011,56.8,58.51,54.82,58.13
17-06-2011,58.22,58.36,56.35,56.58
16-06-2011,58.02,59.28,57.55,58.22
15-06-2011,54,59.53,49.8,58.64
14-06-2011,59.18,59.89,59.04,59.37
13-06-2011,58.59,59.16,57.91,58.85
10-06-2011,59.6,59.76,58.5,58.7
09-06-2011,60.1,60.56,59.14,59.34
08-06-2011,59.41,60.79,59.36,60.07
07-06-2011,59.48,60.14,59,59.88
06-06-2011,58.4,59.74,57.5,59.59
03-06-2011,57.5,58.6,57.45,58.21
02-06-2011,58.81,59.3,57.5,57.77
01-06-2011,60.59,61.03,59.32,59.63
31-05-2011,59.84,60.41,59.17,60.16
30-05-2011,59.79,60.4,59.45,59.66
27-05-2011,57.08,59.66,57.07,59.36
26-05-2011,56.7,57.65,56.6,57.08
25-05-2011,56.02,57.1,55.92,56.65
24-05-2011,54.77,56.68,54.47,56.51
23-05-2011,56,56.3,54.46,54.72
20-05-2011,56.21,56.79,55.31,56.1
19-05-2011,56.76,57.4,55.64,55.92
18-05-2011,57.8,58.16,55,56.37
17-05-2011,58.2,59,57.28,57.68
16-05-2011,58.9,59,58.02,58.35
13-05-2011,58.6,59.96,57.53,59.17
12-05-2011,60.38,60.75,58.28,58.56
11-05-2011,59.57,61.1,59.16,60.48
10-05-2011,59.04,59.66,58.42,59.22
09-05-2011,60.5,60.86,59.14,59.5
06-05-2011,57.53,60.56,57.32,60.05
05-05-2011,56.02,58.3,55.9,57
04-05-2011,57.57,57.72,56.05,56.36
03-05-2011,59.83,61.15,56.81,57.28
02-05-2011,61.44,61.7,59.56,59.83
29-04-2011,64,64,60.48,61.03
28-04-2011,63.6,63.6,61.95,62.08
27-04-2011,63.42,64.18,62.6,63.17
26-04-2011,64,64.26,62.22,63.49
25-04-2011,66,66,62.94,63.86
21-04-2011,66.3,66.3,63.14,63.51
20-04-2011,65.32,66.7,64.83,66.22
19-04-2011,65,65.35,63.67,64.68
18-04-2011,66.6,67.8,64.02,64.26
15-04-2011,67.54,68.22,65.1,66.07
13-04-2011,63.4,67,62.76,66.7
11-04-2011,63.95,64.4,62.57,63.98
08-04-2011,66.03,66.7,63.3,63.68
07-04-2011,63.9,66.4,63.52,66.06
06-04-2011,62.41,64.1,62.21,63.77
05-04-2011,63.21,63.21,61.81,62.42
04-04-2011,62.75,63.1,62.23,62.84
01-04-2011,62.15,63.18,61.6,62.41
31-03-2011,64.4,65.19,61.6,61.92
30-03-2011,61.8,64.39,61.8,64.15
29-03-2011,60,62.08,59.7,61.89
28-03-2011,59.9,60.98,59.51,60
25-03-2011,59.1,60.26,59.04,59.9
24-03-2011,57.39,59.32,57.39,58.96
23-03-2011,55.89,57.36,55.42,57.2
22-03-2011,55,56.34,54.92,55.98
21-03-2011,55,55.34,54,54.85
18-03-2011,55.76,56.47,54.64,54.85
17-03-2011,55.76,56.54,55.02,55.76
16-03-2011,52,56.09,52,55.91
15-03-2011,53.05,53.8,52.8,53.13
14-03-2011,53,54.44,52.65,54.25
11-03-2011,53.82,54.28,52.8,53.37
10-03-2011,54.74,55.09,54,54.34
09-03-2011,55.01,56,54.82,55.09
08-03-2011,54.2,55.26,53.86,54.87
07-03-2011,54.8,54.8,53.42,54.15
04-03-2011,55.19,56.47,54.9,55.07
03-03-2011,54.8,55.58,53.74,54.73
01-03-2011,52.9,55,51.48,54.43
28-02-2011,51.65,52.88,50.61,51.2
25-02-2011,51.26,52.24,48.31,51.07
24-02-2011,53.6,53.91,50.62,51.06
23-02-2011,54.8,55.2,53.42,53.65
22-02-2011,56.2,56.61,54.52,55.01
21-02-2011,56.8,57.17,55.8,56.42
18-02-2011,56.42,57.68,56,56.8
17-02-2011,55.47,56.79,54.82,56.42
16-02-2011,55.74,55.94,54.86,55.47
15-02-2011,54,55.76,53.3,55.45
14-02-2011,52,54.06,51.9,53.85
11-02-2011,48.52,51.8,47.86,51.43
10-02-2011,47.03,49.1,46.81,48.52
09-02-2011,49.2,49.79,46.71,47.22
08-02-2011,52,52.2,49.1,49.47
07-02-2011,52.03,52.8,51.43,51.88
04-02-2011,54.22,54.66,52.11,52.53
03-02-2011,53,54.3,52.6,54.1
02-02-2011,53.4,53.96,52.51,52.9
01-02-2011,52.94,53.57,52.09,52.94
31-01-2011,51.02,52.89,49.98,52.62
28-01-2011,52.8,53.2,50.26,51.7
27-01-2011,55.79,56.14,52.54,52.98
25-01-2011,57.1,57.88,55.34,55.65
24-01-2011,53.93,57.08,53.92,56.86
21-01-2011,54.84,55.7,53.66,53.94
20-01-2011,54.2,55.53,53.05,54.7
19-01-2011,51.83,54.4,51.83,54.03
18-01-2011,51.1,52.45,49.41,51.63
17-01-2011,51,52.38,50.73,50.97
14-01-2011,53.58,54.09,51.8,52.03
13-01-2011,54.9,55.26,52.86,53.56
12-01-2011,54.9,55.4,53.23,55.02
11-01-2011,52.42,55.18,51.36,54.38
10-01-2011,53.6,54.98,51.92,52.25
07-01-2011,56.4,56.59,53.84,54.05
06-01-2011,58.6,59.09,56.4,56.61
05-01-2011,60.93,60.93,58.06,58.26
04-01-2011,63.3,63.54,61.1,61.29
03-01-2011,63,63.39,62.86,63.11
31-12-2010,62,62.98,62,62.56
30-12-2010,61.94,62.03,61.06,61.72
29-12-2010,61.38,62.16,61.11,61.47
28-12-2010,61.2,61.59,60.82,61.21
27-12-2010,61.98,62.18,60.65,61.17
24-12-2010,62.06,62.2,61.22,61.59
23-12-2010,62.2,62.8,61.8,62.03
22-12-2010,60.45,62,60.09,61.84
21-12-2010,57.6,60.07,57.6,59.89
20-12-2010,59.9,59.94,57.46,58.03
16-12-2010,60.45,61.18,59.42,59.8
15-12-2010,61.28,61.94,59.2,60
14-12-2010,61.9,62.25,60.84,61.28
13-12-2010,59.2,61.8,59.2,61.52
10-12-2010,56.8,60.38,55.4,58.74
09-12-2010,60.42,60.76,56,57.2
08-12-2010,62,62.14,59.6,60.21
07-12-2010,64.77,64.9,61.26,61.89
06-12-2010,66,67.52,63.88,64.77
03-12-2010,67.3,67.6,65.06,65.99
02-12-2010,66.6,68.35,66.11,67.14
01-12-2010,61.78,66.94,61.62,65.94
30-11-2010,62.2,62.48,60.75,61.23
29-11-2010,61.94,62.85,61,61.58
26-11-2010,61.22,64.19,58,61.42
25-11-2010,63.32,63.6,60.5,61.03
24-11-2010,64.82,65.59,63,63.32
23-11-2010,65.2,65.98,62,64.76
22-11-2010,64.4,66,64,65.68
19-11-2010,65,66.4,63.06,64.36
18-11-2010,66.62,68.24,61.74,64.44
16-11-2010,71.8,72.02,66,66.45
15-11-2010,69.7,71.55,68.06,71.33
12-11-2010,71.6,71.6,69.02,69.36
11-11-2010,74,74.03,71.02,71.29
10-11-2010,73.68,74.2,73.2,73.76
09-11-2010,74.4,74.8,72.82,73.66
08-11-2010,74.41,75.2,74,74.32
05-11-2010,76.4,76.4,74.6,74.88
04-11-2010,74.64,75.1,74.01,74.42
03-11-2010,74.7,75.19,74.1,74.51
02-11-2010,74.13,75.2,73.19,74.03
01-11-2010,71.9,74,71.9,73.87
29-10-2010,72,72.68,70.2,71.9
28-10-2010,74.01,74.46,71.02,71.83
27-10-2010,75.6,76,73.07,73.79
26-10-2010,74.6,76,73.93,75.77
25-10-2010,74.4,74.8,73.2,74.47
22-10-2010,71.4,74.54,71.3,73.84
21-10-2010,70.47,71.3,68.9,70.76
20-10-2010,69.59,70.79,69.26,70.47
19-10-2010,70.8,71.68,68.96,69.38
18-10-2010,69.6,71.34,68.22,70.96
15-10-2010,70.22,70.22,69.2,69.41
14-10-2010,70.93,71.18,69.85,70.06
13-10-2010,69.98,70.9,69.52,70.54
12-10-2010,66.54,71.28,66.54,69.6
11-10-2010,70.77,71.75,70.21,70.81
08-10-2010,69.13,70.58,68.75,70.28
07-10-2010,70.8,70.8,68.63,68.96
06-10-2010,71.2,71.55,70.2,70.42
05-10-2010,72,72.1,70.4,70.62
04-10-2010,72.34,72.9,71.04,71.8
01-10-2010,70.8,72.09,70.57,71.4
30-09-2010,70.42,70.99,68.6,70.03
29-09-2010,70.62,71.74,70.2,70.56
28-09-2010,67.8,70.92,67.8,70.29
27-09-2010,67.8,69.44,67.47,69.13
24-09-2010,67.56,67.72,66.62,67.39
23-09-2010,66.8,68.2,66.3,67.56
22-09-2010,65.73,66.74,65.14,66.47
21-09-2010,66.6,67.69,65.65,65.84
20-09-2010,66.2,66.63,65.28,66.43
17-09-2010,65.4,66.58,65.2,65.89
16-09-2010,65.62,67,65.2,65.86
15-09-2010,66,67.49,65.2,65.33
14-09-2010,66.4,67,65.02,65.74
13-09-2010,64.6,66.58,64.43,66.12
09-09-2010,63.8,64.8,63.66,64.15
08-09-2010,63.6,63.9,62.77,63.54
07-09-2010,64.78,64.93,63.38,63.52
06-09-2010,64.34,65.48,64.02,64.42
03-09-2010,64.2,64.2,62.9,63.73
02-09-2010,64.76,64.76,63.2,63.6
01-09-2010,62.51,64.24,62.46,63.97
31-08-2010,63,63,60.51,62.24
30-08-2010,64.4,65.43,62.68,63.28
27-08-2010,65,65.86,63.92,64.36
26-08-2010,65.8,66.27,64.79,65.2
25-08-2010,65.59,66.66,64.52,65.55
24-08-2010,66.57,66.8,65.08,65.72
23-08-2010,66.27,67.4,65.61,66.57
20-08-2010,68.24,68.24,66.11,66.3
19-08-2010,65.6,68.93,65.6,68.54
18-08-2010,66,66.29,64.71,65.56
17-08-2010,64.8,65.88,62.4,65.53
16-08-2010,64,65,63.04,63.73
13-08-2010,61.51,65.94,61.2,64.2
12-08-2010,59.6,61.65,59.4,61.15
11-08-2010,60.6,61.1,59.88,60.1
10-08-2010,61.1,61.8,60.42,60.55
09-08-2010,59.64,61.09,59.5,60.99
06-08-2010,60,60.73,59,59.26
05-08-2010,60.8,61.14,59.6,59.85
04-08-2010,62.27,62.27,60.33,60.72
03-08-2010,61.6,62.37,61.41,61.85
02-08-2010,59.2,61.5,59.2,61.09
30-07-2010,58.66,59.85,58.63,59.13
29-07-2010,58.54,58.99,58.07,58.4
28-07-2010,60.3,60.3,58.02,58.35
27-07-2010,60,60.56,59.73,59.95
26-07-2010,60.4,60.73,59.21,59.75
23-07-2010,60,60.88,59.76,60.37
22-07-2010,59.8,60.6,59.08,59.76
21-07-2010,60,60.94,58.24,59.57
20-07-2010,59.8,60.38,59.22,59.49
19-07-2010,59.43,60.55,59.35,59.57
16-07-2010,57.5,60.2,57.4,59.89
15-07-2010,57.2,57.69,56.91,57.33
14-07-2010,58.13,58.54,56.47,56.82
13-07-2010,57.3,57.88,56.92,57.53
12-07-2010,57.4,58.2,56.82,57.17
09-07-2010,55.52,57.32,55.3,57.14
08-07-2010,54.42,55.34,54.42,55.16
07-07-2010,54.98,55.17,53.74,54.02
06-07-2010,53.8,55.78,53.67,55.17
05-07-2010,53.2,54.05,53.2,53.68
02-07-2010,53.8,54.78,53.17,53.56
01-07-2010,53.4,54.24,53.2,53.92
30-06-2010,52.6,54.04,52.4,53.86
29-06-2010,52,54.4,52,53.59
28-06-2010,54.04,54.7,53.72,54.41
25-06-2010,54.3,54.88,53.76,54.45
24-06-2010,55.8,55.8,53.8,54.21
23-06-2010,54.6,55.59,54.26,55.39
22-06-2010,56,56,52.56,54.37
21-06-2010,56,56.98,56,56.33
18-06-2010,57,57.3,55.67,55.98
17-06-2010,55.89,57.18,55.81,56.84
16-06-2010,56.9,57.66,56.36,56.57
15-06-2010,57.1,57.1,56.02,56.74
14-06-2010,57.8,57.97,56.83,57.34
11-06-2010,57.2,58.06,56.4,57.52
10-06-2010,56.4,56.66,55.08,56.36
09-06-2010,56.8,57.24,54.84,55.85
08-06-2010,57.74,58.66,56.3,56.51
07-06-2010,55,57.63,55,57.2
04-06-2010,59.67,59.88,58.11,58.44
03-06-2010,57,59.45,56.71,59.05
02-06-2010,56,56.99,55.8,56.71
01-06-2010,57.07,57.34,55.4,55.79
31-05-2010,56.4,57.94,55.93,57.59
28-05-2010,54.36,56.94,53.83,56.35
27-05-2010,52.58,53.99,50.71,53.44
26-05-2010,52.26,52.78,51.71,52.25
25-05-2010,52.48,52.56,51.3,51.64
24-05-2010,53.99,54.56,52.32,52.77
21-05-2010,54,54.2,52.13,53.08
20-05-2010,52.8,55.19,52.53,54.87
19-05-2010,54,54.78,52.72,53.04
18-05-2010,54.54,55.37,53.93,54.55
17-05-2010,51.44,55.27,48,54.56
14-05-2010,55.6,55.6,54.26,54.57
13-05-2010,55.2,55.97,54.79,55.42
12-05-2010,55.34,55.48,53.28,54.41
11-05-2010,55.8,56.19,54.6,55.18
10-05-2010,53.32,55.95,53.3,55.59
07-05-2010,52.51,53.86,52.4,52.95
06-05-2010,54.9,55.28,53.52,54.01
05-05-2010,54.64,55.8,54.02,55.27
04-05-2010,57.9,58.08,55.66,55.88
03-05-2010,56.95,57.97,56.44,57.39
30-04-2010,59.6,59.6,56.71,57.13
29-04-2010,55.38,59.08,55.38,58.65
28-04-2010,54.4,56,54.08,55.46
27-04-2010,56.56,57.08,54.85,55.12
26-04-2010,54.82,56.49,54.7,56.26
23-04-2010,53.7,54.53,53.7,54.21
22-04-2010,54.34,54.78,53.45,53.79
21-04-2010,51.77,54.63,51.61,54.35
20-04-2010,50.82,51.79,50.32,51.31
19-04-2010,49,51.06,49,50.77
16-04-2010,50.2,50.47,49.35,49.89
15-04-2010,51.9,52.4,50.02,50.39
13-04-2010,52.9,53,51.33,51.55
12-04-2010,52.74,52.96,52.25,52.66
09-04-2010,51.99,52.98,51.95,52.73
08-04-2010,51.99,52.48,51.54,51.99
07-04-2010,52.6,52.86,51.4,52.09
06-04-2010,53.2,53.58,52.22,52.48
05-04-2010,52.2,53.07,51.98,52.84
01-04-2010,51.56,51.93,51.31,51.61
31-03-2010,51.82,51.82,50.47,51.24
30-03-2010,52.01,52.16,51.14,51.31
29-03-2010,50.42,52,50.42,51.49
26-03-2010,48.4,50.5,48.4,50.28
25-03-2010,47.94,48.6,47.2,48.18
23-03-2010,48.42,48.62,47.4,47.58
22-03-2010,48.56,48.9,47.75,47.96
19-03-2010,50.01,50.48,48.23,49.46
18-03-2010,49.3,50.16,48.96,49.91
17-03-2010,49.3,49.7,49.01,49.19
16-03-2010,50,50,48.51,48.9
15-03-2010,50.6,50.6,49.51,49.71
12-03-2010,50.6,51.74,50.6,50.75
11-03-2010,49.26,50.74,49.26,50.36
10-03-2010,49.6,50.17,49.27,49.67
09-03-2010,51,51.01,49.6,49.83
08-03-2010,50.98,51.34,50.32,50.8
05-03-2010,51.02,51.34,50.12,50.32
04-03-2010,49.6,51.18,49.53,50.9
03-03-2010,49.4,50.22,49.12,49.94
02-03-2010,48.18,49.34,47.64,49.02
26-02-2010,45.22,48.14,44.5,47.32
25-02-2010,46.4,46.6,44.64,44.95
24-02-2010,46.98,47.34,45.92,46.16
23-02-2010,48.5,48.5,46.8,47.23
22-02-2010,46.9,47.78,46.46,46.91
19-02-2010,47,47,45.42,45.87
18-02-2010,47.8,48.51,47.02,47.2
17-02-2010,48.4,48.8,47.48,48.37
16-02-2010,47.36,48.46,46.4,48
15-02-2010,47.99,48,46.4,46.85
11-02-2010,46.96,47.88,46.85,47.48
10-02-2010,48,48.37,46.28,46.52
09-02-2010,47.98,48.26,47.2,47.57
08-02-2010,48.98,48.98,46.78,47.69
05-02-2010,47.7,48.68,46.44,47.86
04-02-2010,50,50.58,48,48.54
03-02-2010,48.8,50.4,48.8,50.1
02-02-2010,51.02,51.51,48.3,48.67
01-02-2010,50,51,49.14,50.62
29-01-2010,48.86,50.45,47.8,49.85
28-01-2010,47.7,50.5,47.6,49.09
27-01-2010,48.6,48.99,46.26,47.17
25-01-2010,51.69,51.69,48.58,49.16
22-01-2010,52.24,52.8,51,51.85
21-01-2010,54.38,54.47,52.6,52.94
20-01-2010,57,57.55,54.4,54.64
19-01-2010,54.8,57.14,54.7,56.8
18-01-2010,53.03,54.7,53.03,54.46
15-01-2010,54.14,54.45,53.23,53.42
14-01-2010,52.6,54.22,52.6,53.82
13-01-2010,52.34,52.61,51.34,52.51
12-01-2010,53.6,54.1,52.07,52.62
11-01-2010,53.1,54.16,52.81,53.52
08-01-2010,53,53.34,52.4,52.55
07-01-2010,53.91,53.95,52.61,52.8
06-01-2010,54.68,55.17,53.42,53.71
05-01-2010,53.99,55.76,52,54.48
04-01-2010,53.76,53.9,53.23,53.69
31-12-2009,54.6,54.83,52.88,53.23
30-12-2009,54.28,54.9,54.02,54.39
29-12-2009,55,55.14,53.81,54.54
24-12-2009,53.61,54.88,53.05,54.2
23-12-2009,51.82,53.76,51.82,53.61
22-12-2009,50.28,51.98,50.01,51.82
21-12-2009,50,50.38,49.2,49.74
18-12-2009,50.39,50.98,49.9,50.15
17-12-2009,49.3,50.68,49,50.41
16-12-2009,49.78,49.99,48.6,49.37
15-12-2009,50.57,50.69,49.3,49.51
14-12-2009,51.44,51.57,49.71,49.95
11-12-2009,52.6,52.68,50.8,51.2
10-12-2009,53.24,53.48,51.48,51.68
09-12-2009,54.2,54.88,52.8,52.95
08-12-2009,53.98,54.56,53.42,54.37
07-12-2009,53.5,54.87,53.04,53.86
04-12-2009,53.38,54.34,52.67,52.86
03-12-2009,54.6,55.52,53.28,53.57
02-12-2009,54.56,55.68,54.01,54.3
01-12-2009,50.94,54.5,50.51,54.06
30-11-2009,50.58,50.98,49.8,50.51
27-11-2009,48.71,49.97,47,49.77
26-11-2009,50.3,50.96,49.73,49.97
25-11-2009,50.77,51.37,50,50.46
24-11-2009,51.2,51.96,50.46,50.81
23-11-2009,52,52.4,50.64,50.98
20-11-2009,49.74,52.16,48.91,51.9
19-11-2009,51.94,51.94,49.48,49.93
18-11-2009,52.1,52.65,50.4,51.78
17-11-2009,53.14,53.14,51.44,52.17
16-11-2009,53,54,52.35,52.5
13-11-2009,53.18,53.78,52.2,52.64
12-11-2009,54.29,54.9,52.82,53.25
11-11-2009,54.22,54.95,53.46,54.69
10-11-2009,54.22,54.87,52.82,54
09-11-2009,51.6,53.89,51.05,53.37
06-11-2009,49.56,51.36,49.01,50.83
05-11-2009,45,49,44,48.16
04-11-2009,44.4,45.5,42.8,45.23
03-11-2009,47.53,47.53,43,43.62
30-10-2009,47,49.54,46.9,47.65
29-10-2009,46.42,47.6,45,46.74
28-10-2009,46.88,48.58,44.31,47.67
27-10-2009,49.12,50.26,46.2,46.97
26-10-2009,51.2,51.75,49,49.43
23-10-2009,50,51.68,49.8,51.27
22-10-2009,48.03,50.94,48.03,49.4
21-10-2009,51.2,51.8,48.36,48.8
20-10-2009,49.16,52.4,48.8,50.75
16-10-2009,47.4,48.4,46.2,47.36
15-10-2009,44.38,47.68,44.21,47.1
14-10-2009,42.2,44.5,42.2,44.17
12-10-2009,42,42.58,41.67,42.04
09-10-2009,42,42.88,41.5,41.75
08-10-2009,42.17,42.74,41.13,41.85
07-10-2009,39,42.68,38.83,41.62
06-10-2009,38.78,39.2,36.91,38.42
05-10-2009,39.78,39.78,38.04,38.26
01-10-2009,39.6,41.38,39.6,39.89
30-09-2009,39.2,41.29,39.2,41.01
29-09-2009,38.2,39.8,38.13,39.29
25-09-2009,38.23,39.18,37.52,37.82
24-09-2009,37.8,38.8,37.21,38.64
23-09-2009,39.52,39.58,38.08,38.44
22-09-2009,39.48,39.96,39.01,39.41
18-09-2009,38.68,39.84,38.28,39.29
17-09-2009,38.15,40.6,36.93,38.81
16-09-2009,37.5,38.36,37.3,38.08
15-09-2009,35.8,37.6,35.74,37.28
14-09-2009,35.12,35.78,34.6,35.6
11-09-2009,34.25,35.59,33.85,35.04
10-09-2009,34.19,34.84,33.9,34.19
09-09-2009,34.51,34.68,33.36,33.84
08-09-2009,34.31,35.2,34.04,34.35
07-09-2009,33.8,34.39,33.6,34.09
04-09-2009,33.4,33.7,33,33.6
03-09-2009,32.65,33.56,32.48,32.98
02-09-2009,32.64,33.4,32.05,32.66
